0 verbose cli C:\Program Files\nodejs\node.exe C:\Program Files\nodejs\node_modules\npm\bin\npm-cli.js
1 info using npm@11.12.1
2 info using node@v24.15.0
3 silly config load:file:C:\Program Files\nodejs\node_modules\npm\npmrc
4 silly config load:file:D:\GitHub\mohalla-community-hub\.npmrc
5 silly config load:file:C:\Users\ahmer\.npmrc
6 silly config load:file:C:\Users\ahmer\AppData\Roaming\npm\etc\npmrc
7 verbose title npm install
8 verbose argv "install" "--cache" ".\\.npm-cache"
9 verbose logfile logs-max:10 dir:D:\GitHub\mohalla-community-hub\.npm-cache\_logs\2026-06-03T00_17_22_318Z-
10 verbose logfile D:\GitHub\mohalla-community-hub\.npm-cache\_logs\2026-06-03T00_17_22_318Z-debug-0.log
11 warn Unknown project config "auto-install-peers". This will stop working in the next major version of npm. See `npm help npmrc` for supported config options.
12 warn Unknown project config "strict-peer-dependencies". This will stop working in the next major version of npm. See `npm help npmrc` for supported config options.
13 silly logfile done cleaning log files
14 silly packumentCache heap:2348810240 maxSize:587202560 maxEntrySize:293601280
15 silly idealTree buildDeps
16 silly fetch manifest @hookform/resolvers@^3.10.0
17 silly packumentCache full:https://registry.npmjs.org/@hookform%2fresolvers cache-miss
18 http cache https://registry.npmjs.org/@hookform%2fresolvers 183ms (cache hit)
19 silly packumentCache full:https://registry.npmjs.org/@hookform%2fresolvers set size:883511 disposed:false
20 silly fetch manifest react-hook-form@^7.55.0
21 silly packumentCache full:https://registry.npmjs.org/react-hook-form cache-miss
22 http cache https://registry.npmjs.org/react-hook-form 134ms (cache hit)
23 silly packumentCache full:https://registry.npmjs.org/react-hook-form set size:5155190 disposed:false
24 silly fetch manifest react@19.1.0
25 silly packumentCache full:https://registry.npmjs.org/react cache-miss
26 http cache https://registry.npmjs.org/react 166ms (cache hit)
27 silly packumentCache full:https://registry.npmjs.org/react set size:6679468 disposed:false
28 silly fetch manifest @radix-ui/react-accordion@^1.2.4
29 silly packumentCache full:https://registry.npmjs.org/@radix-ui%2freact-accordion cache-miss
30 http cache https://registry.npmjs.org/@radix-ui%2freact-accordion 43ms (cache hit)
31 silly packumentCache full:https://registry.npmjs.org/@radix-ui%2freact-accordion set size:909950 disposed:false
32 silly fetch manifest @types/react@^19.2.0
33 silly packumentCache full:https://registry.npmjs.org/@types%2freact cache-miss
34 http cache https://registry.npmjs.org/@types%2freact 348ms (cache hit)
35 silly packumentCache full:https://registry.npmjs.org/@types%2freact set size:2623728 disposed:false
36 silly fetch manifest @types/react-dom@^19.2.0
37 silly packumentCache full:https://registry.npmjs.org/@types%2freact-dom cache-miss
38 http cache https://registry.npmjs.org/@types%2freact-dom 182ms (cache hit)
39 silly packumentCache full:https://registry.npmjs.org/@types%2freact-dom set size:429026 disposed:false
40 silly fetch manifest react-dom@19.1.0
41 silly packumentCache full:https://registry.npmjs.org/react-dom cache-miss
42 http cache https://registry.npmjs.org/react-dom 544ms (cache hit)
43 silly packumentCache full:https://registry.npmjs.org/react-dom set size:8915576 disposed:false
44 silly fetch manifest @radix-ui/react-alert-dialog@^1.1.7
45 silly packumentCache full:https://registry.npmjs.org/@radix-ui%2freact-alert-dialog cache-miss
46 http cache https://registry.npmjs.org/@radix-ui%2freact-alert-dialog 117ms (cache hit)
47 silly packumentCache full:https://registry.npmjs.org/@radix-ui%2freact-alert-dialog set size:1021620 disposed:false
48 silly fetch manifest @radix-ui/react-aspect-ratio@^1.1.3
49 silly packumentCache full:https://registry.npmjs.org/@radix-ui%2freact-aspect-ratio cache-miss
50 http cache https://registry.npmjs.org/@radix-ui%2freact-aspect-ratio 278ms (cache hit)
51 silly packumentCache full:https://registry.npmjs.org/@radix-ui%2freact-aspect-ratio set size:636806 disposed:false
52 silly fetch manifest @radix-ui/react-avatar@^1.1.4
53 silly packumentCache full:https://registry.npmjs.org/@radix-ui%2freact-avatar cache-miss
54 http cache https://registry.npmjs.org/@radix-ui%2freact-avatar 370ms (cache hit)
55 silly packumentCache full:https://registry.npmjs.org/@radix-ui%2freact-avatar set size:730460 disposed:false
56 silly fetch manifest @radix-ui/react-checkbox@^1.1.5
57 silly packumentCache full:https://registry.npmjs.org/@radix-ui%2freact-checkbox cache-miss
58 http cache https://registry.npmjs.org/@radix-ui%2freact-checkbox 354ms (cache hit)
59 silly packumentCache full:https://registry.npmjs.org/@radix-ui%2freact-checkbox set size:901746 disposed:false
60 silly fetch manifest @radix-ui/react-collapsible@^1.1.4
61 silly packumentCache full:https://registry.npmjs.org/@radix-ui%2freact-collapsible cache-miss
62 http cache https://registry.npmjs.org/@radix-ui%2freact-collapsible 276ms (cache hit)
63 silly packumentCache full:https://registry.npmjs.org/@radix-ui%2freact-collapsible set size:852713 disposed:false
64 silly fetch manifest @radix-ui/react-context-menu@^2.2.7
65 silly packumentCache full:https://registry.npmjs.org/@radix-ui%2freact-context-menu cache-miss
66 http cache https://registry.npmjs.org/@radix-ui%2freact-context-menu 193ms (cache hit)
67 silly packumentCache full:https://registry.npmjs.org/@radix-ui%2freact-context-menu set size:1120989 disposed:false
68 silly fetch manifest @radix-ui/react-dialog@^1.1.7
69 silly packumentCache full:https://registry.npmjs.org/@radix-ui%2freact-dialog cache-miss
70 http cache https://registry.npmjs.org/@radix-ui%2freact-dialog 226ms (cache hit)
71 silly packumentCache full:https://registry.npmjs.org/@radix-ui%2freact-dialog set size:1119442 disposed:false
72 silly fetch manifest @radix-ui/react-dropdown-menu@^2.1.7
73 silly packumentCache full:https://registry.npmjs.org/@radix-ui%2freact-dropdown-menu cache-miss
74 http cache https://registry.npmjs.org/@radix-ui%2freact-dropdown-menu 172ms (cache hit)
75 silly packumentCache full:https://registry.npmjs.org/@radix-ui%2freact-dropdown-menu set size:1127615 disposed:false
76 silly fetch manifest @radix-ui/react-hover-card@^1.1.7
77 silly packumentCache full:https://registry.npmjs.org/@radix-ui%2freact-hover-card cache-miss
78 http cache https://registry.npmjs.org/@radix-ui%2freact-hover-card 107ms (cache hit)
79 silly packumentCache full:https://registry.npmjs.org/@radix-ui%2freact-hover-card set size:1050769 disposed:false
80 silly fetch manifest @radix-ui/react-label@^2.1.3
81 silly packumentCache full:https://registry.npmjs.org/@radix-ui%2freact-label cache-miss
82 http cache https://registry.npmjs.org/@radix-ui%2freact-label 62ms (cache hit)
83 silly packumentCache full:https://registry.npmjs.org/@radix-ui%2freact-label set size:668188 disposed:false
84 silly fetch manifest @radix-ui/react-menubar@^1.1.7
85 silly packumentCache full:https://registry.npmjs.org/@radix-ui%2freact-menubar cache-miss
86 http cache https://registry.npmjs.org/@radix-ui%2freact-menubar 80ms (cache hit)
87 silly packumentCache full:https://registry.npmjs.org/@radix-ui%2freact-menubar set size:630937 disposed:false
88 silly fetch manifest @radix-ui/react-navigation-menu@^1.2.6
89 silly packumentCache full:https://registry.npmjs.org/@radix-ui%2freact-navigation-menu cache-miss
90 http cache https://registry.npmjs.org/@radix-ui%2freact-navigation-menu 522ms (cache hit)
91 silly packumentCache full:https://registry.npmjs.org/@radix-ui%2freact-navigation-menu set size:881788 disposed:false
92 silly fetch manifest @radix-ui/react-popover@^1.1.7
93 silly packumentCache full:https://registry.npmjs.org/@radix-ui%2freact-popover cache-miss
94 http cache https://registry.npmjs.org/@radix-ui%2freact-popover 803ms (cache hit)
95 silly packumentCache full:https://registry.npmjs.org/@radix-ui%2freact-popover set size:1173825 disposed:false
96 silly fetch manifest @radix-ui/react-progress@^1.1.3
97 silly packumentCache full:https://registry.npmjs.org/@radix-ui%2freact-progress cache-miss
98 http cache https://registry.npmjs.org/@radix-ui%2freact-progress 140ms (cache hit)
99 silly packumentCache full:https://registry.npmjs.org/@radix-ui%2freact-progress set size:643075 disposed:false
100 silly fetch manifest @radix-ui/react-radio-group@^1.2.4
101 silly packumentCache full:https://registry.npmjs.org/@radix-ui%2freact-radio-group cache-miss
102 http cache https://registry.npmjs.org/@radix-ui%2freact-radio-group 92ms (cache hit)
103 silly packumentCache full:https://registry.npmjs.org/@radix-ui%2freact-radio-group set size:988789 disposed:false
104 silly fetch manifest @radix-ui/react-scroll-area@^1.2.4
105 silly packumentCache full:https://registry.npmjs.org/@radix-ui%2freact-scroll-area cache-miss
106 http cache https://registry.npmjs.org/@radix-ui%2freact-scroll-area 85ms (cache hit)
107 silly packumentCache full:https://registry.npmjs.org/@radix-ui%2freact-scroll-area set size:946183 disposed:false
108 silly fetch manifest @radix-ui/react-select@^2.1.7
109 silly packumentCache full:https://registry.npmjs.org/@radix-ui%2freact-select cache-miss
110 http cache https://registry.npmjs.org/@radix-ui%2freact-select 43ms (cache hit)
111 silly packumentCache full:https://registry.npmjs.org/@radix-ui%2freact-select set size:1033092 disposed:false
112 silly fetch manifest @radix-ui/react-separator@^1.1.3
113 silly packumentCache full:https://registry.npmjs.org/@radix-ui%2freact-separator cache-miss
114 http cache https://registry.npmjs.org/@radix-ui%2freact-separator 45ms (cache hit)
115 silly packumentCache full:https://registry.npmjs.org/@radix-ui%2freact-separator set size:635706 disposed:false
116 silly fetch manifest @radix-ui/react-slider@^1.2.4
117 silly packumentCache full:https://registry.npmjs.org/@radix-ui%2freact-slider cache-miss
118 http cache https://registry.npmjs.org/@radix-ui%2freact-slider 51ms (cache hit)
119 silly packumentCache full:https://registry.npmjs.org/@radix-ui%2freact-slider set size:897258 disposed:false
120 silly fetch manifest @radix-ui/react-slot@^1.2.0
121 silly packumentCache full:https://registry.npmjs.org/@radix-ui%2freact-slot cache-miss
122 http cache https://registry.npmjs.org/@radix-ui%2freact-slot 142ms (cache hit)
123 silly packumentCache full:https://registry.npmjs.org/@radix-ui%2freact-slot set size:430327 disposed:false
124 silly fetch manifest @radix-ui/react-switch@^1.1.4
125 silly packumentCache full:https://registry.npmjs.org/@radix-ui%2freact-switch cache-miss
126 http cache https://registry.npmjs.org/@radix-ui%2freact-switch 115ms (cache hit)
127 silly packumentCache full:https://registry.npmjs.org/@radix-ui%2freact-switch set size:773145 disposed:false
128 silly fetch manifest @radix-ui/react-tabs@^1.1.4
129 silly packumentCache full:https://registry.npmjs.org/@radix-ui%2freact-tabs cache-miss
130 http cache https://registry.npmjs.org/@radix-ui%2freact-tabs 56ms (cache hit)
131 silly packumentCache full:https://registry.npmjs.org/@radix-ui%2freact-tabs set size:933030 disposed:false
132 silly fetch manifest @radix-ui/react-toggle@^1.1.3
133 silly packumentCache full:https://registry.npmjs.org/@radix-ui%2freact-toggle cache-miss
134 http cache https://registry.npmjs.org/@radix-ui%2freact-toggle 90ms (cache hit)
135 silly packumentCache full:https://registry.npmjs.org/@radix-ui%2freact-toggle set size:702495 disposed:false
136 silly fetch manifest @radix-ui/react-toggle-group@^1.1.3
137 silly packumentCache full:https://registry.npmjs.org/@radix-ui%2freact-toggle-group cache-miss
138 http cache https://registry.npmjs.org/@radix-ui%2freact-toggle-group 100ms (cache hit)
139 silly packumentCache full:https://registry.npmjs.org/@radix-ui%2freact-toggle-group set size:877556 disposed:false
140 silly fetch manifest @radix-ui/react-tooltip@^1.2.0
141 silly packumentCache full:https://registry.npmjs.org/@radix-ui%2freact-tooltip cache-miss
142 http cache https://registry.npmjs.org/@radix-ui%2freact-tooltip 237ms (cache hit)
143 silly packumentCache full:https://registry.npmjs.org/@radix-ui%2freact-tooltip set size:1181028 disposed:false
144 silly fetch manifest @supabase/supabase-js@^2.106.2
145 silly packumentCache full:https://registry.npmjs.org/@supabase%2fsupabase-js cache-miss
146 http cache https://registry.npmjs.org/@supabase%2fsupabase-js 128ms (cache hit)
147 silly packumentCache full:https://registry.npmjs.org/@supabase%2fsupabase-js set size:3519347 disposed:false
148 silly fetch manifest @tanstack/react-query@^5.90.21
149 silly packumentCache full:https://registry.npmjs.org/@tanstack%2freact-query cache-miss
150 http cache https://registry.npmjs.org/@tanstack%2freact-query 168ms (cache hit)
151 silly packumentCache full:https://registry.npmjs.org/@tanstack%2freact-query set size:1609361 disposed:false
152 silly fetch manifest @tanstack/react-router@^1.95.0
153 silly packumentCache full:https://registry.npmjs.org/@tanstack%2freact-router cache-miss
154 http cache https://registry.npmjs.org/@tanstack%2freact-router 245ms (cache hit)
155 silly packumentCache full:https://registry.npmjs.org/@tanstack%2freact-router set size:3591424 disposed:false
156 silly fetch manifest @tanstack/react-start@^1.95.0
157 silly packumentCache full:https://registry.npmjs.org/@tanstack%2freact-start cache-miss
158 http cache https://registry.npmjs.org/@tanstack%2freact-start 259ms (cache hit)
159 silly packumentCache full:https://registry.npmjs.org/@tanstack%2freact-start set size:3104900 disposed:false
160 silly fetch manifest @rsbuild/core@^2.0.0
161 silly packumentCache full:https://registry.npmjs.org/@rsbuild%2fcore cache-miss
162 http cache https://registry.npmjs.org/@rsbuild%2fcore 99ms (cache hit)
163 silly packumentCache full:https://registry.npmjs.org/@rsbuild%2fcore set size:1378567 disposed:false
164 silly fetch manifest core-js@>= 3.0.0
165 silly packumentCache full:https://registry.npmjs.org/core-js cache-miss
166 http cache https://registry.npmjs.org/core-js 644ms (cache hit)
167 silly packumentCache full:https://registry.npmjs.org/core-js set size:814557 disposed:false
168 silly fetch manifest vite@^7.3.2
169 silly packumentCache full:https://registry.npmjs.org/vite cache-miss
170 http cache https://registry.npmjs.org/vite 1379ms (cache hit)
171 silly packumentCache full:https://registry.npmjs.org/vite set size:38863551 disposed:false
172 silly fetch manifest @types/node@^25.3.3
173 silly packumentCache full:https://registry.npmjs.org/@types%2fnode cache-miss
174 http cache https://registry.npmjs.org/@types%2fnode 275ms (cache hit)
175 silly packumentCache full:https://registry.npmjs.org/@types%2fnode set size:11015753 disposed:false
176 silly fetch manifest jiti@>=1.21.0
177 silly packumentCache full:https://registry.npmjs.org/jiti cache-miss
178 http cache https://registry.npmjs.org/jiti 53ms (cache hit)
179 silly packumentCache full:https://registry.npmjs.org/jiti set size:387989 disposed:false
180 silly fetch manifest less@^4.0.0
181 silly packumentCache full:https://registry.npmjs.org/less cache-miss
182 http cache https://registry.npmjs.org/less 43ms (cache hit)
183 silly packumentCache full:https://registry.npmjs.org/less set size:461684 disposed:false
184 silly fetch manifest lightningcss@^1.21.0
185 silly packumentCache full:https://registry.npmjs.org/lightningcss cache-miss
186 http cache https://registry.npmjs.org/lightningcss 37ms (cache hit)
187 silly packumentCache full:https://registry.npmjs.org/lightningcss set size:186753 disposed:false
188 silly fetch manifest sass@^1.70.0
189 silly packumentCache full:https://registry.npmjs.org/sass cache-miss
190 http cache https://registry.npmjs.org/sass 47ms (cache hit)
191 silly packumentCache full:https://registry.npmjs.org/sass set size:728345 disposed:false
192 silly fetch manifest sass-embedded@^1.70.0
193 silly packumentCache full:https://registry.npmjs.org/sass-embedded cache-miss
194 http cache https://registry.npmjs.org/sass-embedded 117ms (cache hit)
195 silly packumentCache full:https://registry.npmjs.org/sass-embedded set size:419718 disposed:false
196 silly fetch manifest stylus@>=0.54.8
197 silly packumentCache full:https://registry.npmjs.org/stylus cache-miss
198 http cache https://registry.npmjs.org/stylus 61ms (cache hit)
199 silly packumentCache full:https://registry.npmjs.org/stylus set size:286766 disposed:false
200 silly fetch manifest sugarss@^5.0.0
201 silly packumentCache full:https://registry.npmjs.org/sugarss cache-miss
202 http cache https://registry.npmjs.org/sugarss 150ms (cache hit)
203 silly packumentCache full:https://registry.npmjs.org/sugarss set size:44975 disposed:false
204 silly fetch manifest postcss@^8.3.3
205 silly packumentCache full:https://registry.npmjs.org/postcss cache-miss
206 http cache https://registry.npmjs.org/postcss 151ms (cache hit)
207 silly packumentCache full:https://registry.npmjs.org/postcss set size:723316 disposed:false
208 silly fetch manifest terser@^5.16.0
209 silly packumentCache full:https://registry.npmjs.org/terser cache-miss
210 http cache https://registry.npmjs.org/terser 135ms (cache hit)
211 silly packumentCache full:https://registry.npmjs.org/terser set size:803566 disposed:false
212 silly fetch manifest tsx@^4.8.1
213 silly packumentCache full:https://registry.npmjs.org/tsx cache-miss
214 http cache https://registry.npmjs.org/tsx 135ms (cache hit)
215 silly packumentCache full:https://registry.npmjs.org/tsx set size:304668 disposed:false
216 silly fetch manifest yaml@^2.4.2
217 silly packumentCache full:https://registry.npmjs.org/yaml cache-miss
218 http cache https://registry.npmjs.org/yaml 45ms (cache hit)
219 silly packumentCache full:https://registry.npmjs.org/yaml set size:385754 disposed:false
220 silly fetch manifest class-variance-authority@^0.7.1
221 silly packumentCache full:https://registry.npmjs.org/class-variance-authority cache-miss
222 http cache https://registry.npmjs.org/class-variance-authority 60ms (cache hit)
223 silly packumentCache full:https://registry.npmjs.org/class-variance-authority set size:96388 disposed:false
224 silly fetch manifest clsx@^2.1.1
225 silly packumentCache full:https://registry.npmjs.org/clsx cache-miss
226 http cache https://registry.npmjs.org/clsx 235ms (cache hit)
227 silly packumentCache full:https://registry.npmjs.org/clsx set size:42506 disposed:false
228 silly fetch manifest cmdk@^1.1.1
229 silly packumentCache full:https://registry.npmjs.org/cmdk cache-miss
230 http cache https://registry.npmjs.org/cmdk 48ms (cache hit)
231 silly packumentCache full:https://registry.npmjs.org/cmdk set size:102891 disposed:false
232 silly fetch manifest date-fns@^3.6.0
233 silly packumentCache full:https://registry.npmjs.org/date-fns cache-miss
234 http cache https://registry.npmjs.org/date-fns 195ms (cache hit)
235 silly packumentCache full:https://registry.npmjs.org/date-fns set size:4144741 disposed:false
236 silly fetch manifest embla-carousel-react@^8.6.0
237 silly packumentCache full:https://registry.npmjs.org/embla-carousel-react cache-miss
238 http cache https://registry.npmjs.org/embla-carousel-react 55ms (cache hit)
239 silly packumentCache full:https://registry.npmjs.org/embla-carousel-react set size:398957 disposed:false
240 silly fetch manifest framer-motion@^12.23.24
241 silly packumentCache full:https://registry.npmjs.org/framer-motion cache-miss
242 http cache https://registry.npmjs.org/framer-motion 140ms (cache hit)
243 silly packumentCache full:https://registry.npmjs.org/framer-motion set size:10017052 disposed:false
244 silly fetch manifest @emotion/is-prop-valid@*
245 silly packumentCache full:https://registry.npmjs.org/@emotion%2fis-prop-valid cache-miss
246 http cache https://registry.npmjs.org/@emotion%2fis-prop-valid 31ms (cache hit)
247 silly packumentCache full:https://registry.npmjs.org/@emotion%2fis-prop-valid set size:96539 disposed:false
248 silly fetch manifest input-otp@^1.4.2
249 silly packumentCache full:https://registry.npmjs.org/input-otp cache-miss
250 http cache https://registry.npmjs.org/input-otp 34ms (cache hit)
251 silly packumentCache full:https://registry.npmjs.org/input-otp set size:85904 disposed:false
252 silly fetch manifest lucide-react@^0.545.0
253 silly packumentCache full:https://registry.npmjs.org/lucide-react cache-miss
254 http cache https://registry.npmjs.org/lucide-react 59ms (cache hit)
255 silly packumentCache full:https://registry.npmjs.org/lucide-react set size:2269186 disposed:false
256 silly fetch manifest next-themes@^0.4.6
257 silly packumentCache full:https://registry.npmjs.org/next-themes cache-miss
258 http cache https://registry.npmjs.org/next-themes 33ms (cache hit)
259 silly packumentCache full:https://registry.npmjs.org/next-themes set size:162039 disposed:false
260 silly fetch manifest react-day-picker@^9.11.1
261 silly packumentCache full:https://registry.npmjs.org/react-day-picker cache-miss
262 http cache https://registry.npmjs.org/react-day-picker 35ms (cache hit)
263 silly packumentCache full:https://registry.npmjs.org/react-day-picker set size:1169083 disposed:false
264 silly fetch manifest react-resizable-panels@^2.1.7
265 silly packumentCache full:https://registry.npmjs.org/react-resizable-panels cache-miss
266 http cache https://registry.npmjs.org/react-resizable-panels 86ms (cache hit)
267 silly packumentCache full:https://registry.npmjs.org/react-resizable-panels set size:808060 disposed:false
268 silly fetch manifest recharts@^2.15.2
269 silly packumentCache full:https://registry.npmjs.org/recharts cache-miss
270 http cache https://registry.npmjs.org/recharts 46ms (cache hit)
271 silly packumentCache full:https://registry.npmjs.org/recharts set size:1392638 disposed:false
272 silly fetch manifest sonner@^2.0.7
273 silly packumentCache full:https://registry.npmjs.org/sonner cache-miss
274 http cache https://registry.npmjs.org/sonner 20ms (cache hit)
275 silly packumentCache full:https://registry.npmjs.org/sonner set size:143249 disposed:false
276 silly fetch manifest tailwind-merge@^3.3.1
277 silly packumentCache full:https://registry.npmjs.org/tailwind-merge cache-miss
278 http cache https://registry.npmjs.org/tailwind-merge 77ms (cache hit)
279 silly packumentCache full:https://registry.npmjs.org/tailwind-merge set size:1621698 disposed:false
280 silly fetch manifest vaul@^1.1.2
281 silly packumentCache full:https://registry.npmjs.org/vaul cache-miss
282 http cache https://registry.npmjs.org/vaul 23ms (cache hit)
283 silly packumentCache full:https://registry.npmjs.org/vaul set size:132229 disposed:false
284 silly fetch manifest zod@3.25.76
285 silly packumentCache full:https://registry.npmjs.org/zod cache-miss
286 http cache https://registry.npmjs.org/zod 55ms (cache hit)
287 silly packumentCache full:https://registry.npmjs.org/zod set size:3552562 disposed:false
288 silly fetch manifest @lovable.dev/vite-tanstack-config@latest
289 silly packumentCache full:https://registry.npmjs.org/@lovable.dev%2fvite-tanstack-config cache-miss
290 http cache https://registry.npmjs.org/@lovable.dev%2fvite-tanstack-config 33ms (cache hit)
291 silly packumentCache full:https://registry.npmjs.org/@lovable.dev%2fvite-tanstack-config set size:74956 disposed:false
292 silly fetch manifest @tailwindcss/vite@^4.1.14
293 silly packumentCache full:https://registry.npmjs.org/@tailwindcss%2fvite cache-miss
294 http cache https://registry.npmjs.org/@tailwindcss%2fvite 42ms (cache hit)
295 silly packumentCache full:https://registry.npmjs.org/@tailwindcss%2fvite set size:2118585 disposed:false
296 silly fetch manifest @vitejs/plugin-react@^5.0.4
297 silly packumentCache full:https://registry.npmjs.org/@vitejs%2fplugin-react cache-miss
298 http cache https://registry.npmjs.org/@vitejs%2fplugin-react 53ms (cache hit)
299 silly packumentCache full:https://registry.npmjs.org/@vitejs%2fplugin-react set size:267531 disposed:false
300 silly fetch manifest nitro@>=3.0.260429-beta
301 silly packumentCache full:https://registry.npmjs.org/nitro cache-miss
302 http cache https://registry.npmjs.org/nitro 38ms (cache hit)
303 silly packumentCache full:https://registry.npmjs.org/nitro set size:682308 disposed:false
304 silly fetch manifest @vercel/queue@^0.1.6
305 silly packumentCache full:https://registry.npmjs.org/@vercel%2fqueue cache-miss
306 http cache https://registry.npmjs.org/@vercel%2fqueue 34ms (cache hit)
307 silly packumentCache full:https://registry.npmjs.org/@vercel%2fqueue set size:171963 disposed:false
308 silly fetch manifest dotenv@*
309 silly packumentCache full:https://registry.npmjs.org/dotenv cache-miss
310 http cache https://registry.npmjs.org/dotenv 28ms (cache hit)
311 silly packumentCache full:https://registry.npmjs.org/dotenv set size:277832 disposed:false
312 silly fetch manifest giget@*
313 silly packumentCache full:https://registry.npmjs.org/giget cache-miss
314 http cache https://registry.npmjs.org/giget 19ms (cache hit)
315 silly packumentCache full:https://registry.npmjs.org/giget set size:97515 disposed:false
316 silly fetch manifest rollup@^4.60.2
317 silly packumentCache full:https://registry.npmjs.org/rollup cache-miss
318 http cache https://registry.npmjs.org/rollup 106ms (cache hit)
319 silly packumentCache full:https://registry.npmjs.org/rollup set size:6205762 disposed:false
320 silly fetch manifest xml2js@^0.6.2
321 silly packumentCache full:https://registry.npmjs.org/xml2js cache-miss
322 http cache https://registry.npmjs.org/xml2js 50ms (cache hit)
323 silly packumentCache full:https://registry.npmjs.org/xml2js set size:198018 disposed:false
324 silly fetch manifest zephyr-agent@^0.2.0
325 silly packumentCache full:https://registry.npmjs.org/zephyr-agent cache-miss
326 http cache https://registry.npmjs.org/zephyr-agent 131ms (cache hit)
327 silly packumentCache full:https://registry.npmjs.org/zephyr-agent set size:792477 disposed:false
328 silly fetch manifest https-proxy-agent@^7.0.6
329 silly packumentCache full:https://registry.npmjs.org/https-proxy-agent cache-miss
330 http cache https://registry.npmjs.org/https-proxy-agent 30ms (cache hit)
331 silly packumentCache full:https://registry.npmjs.org/https-proxy-agent set size:81258 disposed:false
332 silly fetch manifest vite-tsconfig-paths@>=6.0.0
333 silly packumentCache full:https://registry.npmjs.org/vite-tsconfig-paths cache-miss
334 http cache https://registry.npmjs.org/vite-tsconfig-paths 49ms (cache hit)
335 silly packumentCache full:https://registry.npmjs.org/vite-tsconfig-paths set size:244093 disposed:false
336 silly fetch manifest prettier@^3.8.3
337 silly packumentCache full:https://registry.npmjs.org/prettier cache-miss
338 http cache https://registry.npmjs.org/prettier 27ms (cache hit)
339 silly packumentCache full:https://registry.npmjs.org/prettier set size:665088 disposed:false
340 silly fetch manifest tailwindcss@^4.1.14
341 silly packumentCache full:https://registry.npmjs.org/tailwindcss cache-miss
342 http cache https://registry.npmjs.org/tailwindcss 316ms (cache hit)
343 silly packumentCache full:https://registry.npmjs.org/tailwindcss set size:10590777 disposed:false
344 silly fetch manifest typescript@~5.9.3
345 silly packumentCache full:https://registry.npmjs.org/typescript cache-miss
346 http cache https://registry.npmjs.org/typescript 272ms (cache hit)
347 silly packumentCache full:https://registry.npmjs.org/typescript set size:15409943 disposed:false
348 silly placeDep ROOT @hookform/resolvers@3.10.0 OK for: mohalla@0.0.0 want: ^3.10.0
349 silly placeDep ROOT react-hook-form@7.77.0 OK for: @hookform/resolvers@3.10.0 want: ^7.0.0
350 silly placeDep ROOT react@19.1.0 OK for: react-hook-form@7.77.0 want: ^16.8.0 || ^17 || ^18 || ^19
351 silly placeDep ROOT @lovable.dev/vite-tanstack-config@2.3.1 OK for: mohalla@0.0.0 want: latest
352 silly placeDep ROOT vite@7.3.5 OK for: @lovable.dev/vite-tanstack-config@2.3.1 want: >=5.0.0 <9.0.0
353 silly placeDep ROOT @tailwindcss/vite@4.3.0 OK for: @lovable.dev/vite-tanstack-config@2.3.1 want: >=4.0.0
354 silly placeDep ROOT vite-tsconfig-paths@6.1.1 OK for: @lovable.dev/vite-tanstack-config@2.3.1 want: >=6.0.0
355 silly placeDep ROOT @vitejs/plugin-react@5.2.0 OK for: @lovable.dev/vite-tanstack-config@2.3.1 want: >=4.0.0
356 silly placeDep ROOT @tanstack/react-start@1.168.19 OK for: @lovable.dev/vite-tanstack-config@2.3.1 want: >=1.100.0
357 silly placeDep ROOT react-dom@19.1.0 OK for: @tanstack/react-start@1.168.19 want: >=18.0.0 || >=19.0.0
358 silly placeDep ROOT @radix-ui/react-accordion@1.2.12 OK for: mohalla@0.0.0 want: ^1.2.4
359 silly placeDep ROOT @radix-ui/react-alert-dialog@1.1.15 OK for: mohalla@0.0.0 want: ^1.1.7
360 silly placeDep ROOT @radix-ui/react-aspect-ratio@1.1.8 OK for: mohalla@0.0.0 want: ^1.1.3
361 silly placeDep ROOT @radix-ui/react-avatar@1.1.11 OK for: mohalla@0.0.0 want: ^1.1.4
362 silly placeDep ROOT @radix-ui/react-checkbox@1.3.3 OK for: mohalla@0.0.0 want: ^1.1.5
363 silly placeDep ROOT @radix-ui/react-collapsible@1.1.12 OK for: mohalla@0.0.0 want: ^1.1.4
364 silly placeDep ROOT @radix-ui/react-context-menu@2.2.16 OK for: mohalla@0.0.0 want: ^2.2.7
365 silly placeDep ROOT @radix-ui/react-dialog@1.1.15 OK for: mohalla@0.0.0 want: ^1.1.7
366 silly placeDep ROOT @radix-ui/react-dropdown-menu@2.1.16 OK for: mohalla@0.0.0 want: ^2.1.7
367 silly placeDep ROOT @radix-ui/react-hover-card@1.1.15 OK for: mohalla@0.0.0 want: ^1.1.7
368 silly placeDep ROOT @radix-ui/react-label@2.1.8 OK for: mohalla@0.0.0 want: ^2.1.3
369 silly placeDep ROOT @radix-ui/react-menubar@1.1.16 OK for: mohalla@0.0.0 want: ^1.1.7
370 silly placeDep ROOT @radix-ui/react-navigation-menu@1.2.14 OK for: mohalla@0.0.0 want: ^1.2.6
371 silly placeDep ROOT @radix-ui/react-popover@1.1.15 OK for: mohalla@0.0.0 want: ^1.1.7
372 silly placeDep ROOT @radix-ui/react-progress@1.1.8 OK for: mohalla@0.0.0 want: ^1.1.3
373 silly placeDep ROOT @radix-ui/react-radio-group@1.3.8 OK for: mohalla@0.0.0 want: ^1.2.4
374 silly placeDep ROOT @radix-ui/react-scroll-area@1.2.10 OK for: mohalla@0.0.0 want: ^1.2.4
375 silly placeDep ROOT @radix-ui/react-select@2.2.6 OK for: mohalla@0.0.0 want: ^2.1.7
376 silly placeDep ROOT @radix-ui/react-separator@1.1.8 OK for: mohalla@0.0.0 want: ^1.1.3
377 silly placeDep ROOT @radix-ui/react-slider@1.3.6 OK for: mohalla@0.0.0 want: ^1.2.4
378 silly placeDep ROOT @radix-ui/react-slot@1.2.4 OK for: mohalla@0.0.0 want: ^1.2.0
379 silly placeDep ROOT @radix-ui/react-switch@1.2.6 OK for: mohalla@0.0.0 want: ^1.1.4
380 silly placeDep ROOT @radix-ui/react-tabs@1.1.13 OK for: mohalla@0.0.0 want: ^1.1.4
381 silly placeDep ROOT @radix-ui/react-toggle@1.1.10 OK for: mohalla@0.0.0 want: ^1.1.3
382 silly placeDep ROOT @radix-ui/react-toggle-group@1.1.11 OK for: mohalla@0.0.0 want: ^1.1.3
383 silly placeDep ROOT @radix-ui/react-tooltip@1.2.8 OK for: mohalla@0.0.0 want: ^1.2.0
384 silly placeDep ROOT @supabase/supabase-js@2.107.0 OK for: mohalla@0.0.0 want: ^2.106.2
385 silly placeDep ROOT @tanstack/react-query@5.101.0 OK for: mohalla@0.0.0 want: ^5.90.21
386 silly placeDep ROOT @tanstack/react-router@1.170.11 OK for: mohalla@0.0.0 want: ^1.95.0
387 silly placeDep ROOT @types/node@25.9.1 OK for: mohalla@0.0.0 want: ^25.3.3
388 silly placeDep ROOT @types/react@19.2.16 OK for: mohalla@0.0.0 want: ^19.2.0
389 silly placeDep ROOT @types/react-dom@19.2.3 OK for: mohalla@0.0.0 want: ^19.2.0
390 silly placeDep ROOT class-variance-authority@0.7.1 OK for: mohalla@0.0.0 want: ^0.7.1
391 silly placeDep ROOT clsx@2.1.1 OK for: mohalla@0.0.0 want: ^2.1.1
392 silly placeDep ROOT cmdk@1.1.1 OK for: mohalla@0.0.0 want: ^1.1.1
393 silly placeDep ROOT date-fns@3.6.0 OK for: mohalla@0.0.0 want: ^3.6.0
394 silly placeDep ROOT embla-carousel-react@8.6.0 OK for: mohalla@0.0.0 want: ^8.6.0
395 silly placeDep ROOT framer-motion@12.40.0 OK for: mohalla@0.0.0 want: ^12.23.24
396 silly placeDep ROOT input-otp@1.4.2 OK for: mohalla@0.0.0 want: ^1.4.2
397 silly placeDep ROOT lucide-react@0.545.0 OK for: mohalla@0.0.0 want: ^0.545.0
398 silly placeDep ROOT next-themes@0.4.6 OK for: mohalla@0.0.0 want: ^0.4.6
399 silly placeDep ROOT prettier@3.8.3 OK for: mohalla@0.0.0 want: ^3.8.3
400 silly placeDep ROOT react-day-picker@9.14.0 OK for: mohalla@0.0.0 want: ^9.11.1
401 silly placeDep ROOT react-resizable-panels@2.1.9 OK for: mohalla@0.0.0 want: ^2.1.7
402 silly placeDep ROOT recharts@2.15.4 OK for: mohalla@0.0.0 want: ^2.15.2
403 silly placeDep ROOT sonner@2.0.7 OK for: mohalla@0.0.0 want: ^2.0.7
404 silly placeDep ROOT tailwind-merge@3.6.0 OK for: mohalla@0.0.0 want: ^3.3.1
405 silly placeDep ROOT tailwindcss@4.3.0 OK for: mohalla@0.0.0 want: ^4.1.14
406 silly placeDep ROOT typescript@5.9.3 OK for: mohalla@0.0.0 want: ~5.9.3
407 silly placeDep ROOT vaul@1.1.2 OK for: mohalla@0.0.0 want: ^1.1.2
408 silly placeDep ROOT zod@3.25.76 OK for: mohalla@0.0.0 want: 3.25.76
409 silly fetch manifest lightningcss@^1.30.0
410 silly packumentCache full:https://registry.npmjs.org/lightningcss cache-hit
411 silly fetch manifest lovable-tagger@1.2.0
412 silly packumentCache full:https://registry.npmjs.org/lovable-tagger cache-miss
413 silly fetch manifest @lovable.dev/vite-plugin-hmr-gate@^1.0.0
414 silly packumentCache full:https://registry.npmjs.org/@lovable.dev%2fvite-plugin-hmr-gate cache-miss
415 silly fetch manifest @lovable.dev/vite-plugin-dev-server-bridge@^1.0.0
416 silly packumentCache full:https://registry.npmjs.org/@lovable.dev%2fvite-plugin-dev-server-bridge cache-miss
417 http cache https://registry.npmjs.org/lovable-tagger 43ms (cache hit)
418 silly packumentCache full:https://registry.npmjs.org/lovable-tagger set size:55348 disposed:false
419 silly fetch manifest pathe@^2.0.3
420 silly packumentCache full:https://registry.npmjs.org/pathe cache-miss
421 http cache https://registry.npmjs.org/@lovable.dev%2fvite-plugin-hmr-gate 110ms (cache hit)
422 silly packumentCache full:https://registry.npmjs.org/@lovable.dev%2fvite-plugin-hmr-gate set size:3487 disposed:false
423 silly fetch manifest @tanstack/react-router@1.170.11
424 silly packumentCache full:https://registry.npmjs.org/@tanstack%2freact-router cache-miss
425 http cache https://registry.npmjs.org/@lovable.dev%2fvite-plugin-dev-server-bridge 114ms (cache hit)
426 silly packumentCache full:https://registry.npmjs.org/@lovable.dev%2fvite-plugin-dev-server-bridge set size:3596 disposed:false
427 silly fetch manifest @tanstack/react-start-client@1.168.8
428 silly packumentCache full:https://registry.npmjs.org/@tanstack%2freact-start-client cache-miss
429 http cache https://registry.npmjs.org/pathe 601ms (cache hit)
430 silly packumentCache full:https://registry.npmjs.org/pathe set size:68788 disposed:false
431 silly fetch manifest @tanstack/react-start-rsc@0.1.18
432 silly packumentCache full:https://registry.npmjs.org/@tanstack%2freact-start-rsc cache-miss
433 http cache https://registry.npmjs.org/@tanstack%2freact-router 635ms (cache hit)
434 silly packumentCache full:https://registry.npmjs.org/@tanstack%2freact-router set size:3591424 disposed:false
435 silly fetch manifest @tanstack/react-start-server@1.167.14
436 silly packumentCache full:https://registry.npmjs.org/@tanstack%2freact-start-server cache-miss
437 http cache https://registry.npmjs.org/@tanstack%2freact-start-client 919ms (cache hit)
438 silly packumentCache full:https://registry.npmjs.org/@tanstack%2freact-start-client set size:1465398 disposed:false
439 silly fetch manifest @tanstack/router-utils@1.162.1
440 silly packumentCache full:https://registry.npmjs.org/@tanstack%2frouter-utils cache-miss
441 http cache https://registry.npmjs.org/@tanstack%2freact-start-rsc 490ms (cache hit)
442 silly packumentCache full:https://registry.npmjs.org/@tanstack%2freact-start-rsc set size:300123 disposed:false
443 silly fetch manifest @tanstack/start-client-core@1.170.7
444 silly packumentCache full:https://registry.npmjs.org/@tanstack%2fstart-client-core cache-miss
445 http cache https://registry.npmjs.org/@tanstack%2frouter-utils 45ms (cache hit)
446 silly packumentCache full:https://registry.npmjs.org/@tanstack%2frouter-utils set size:142312 disposed:false
447 silly fetch manifest @tanstack/start-plugin-core@1.171.11
448 silly packumentCache full:https://registry.npmjs.org/@tanstack%2fstart-plugin-core cache-miss
449 http cache https://registry.npmjs.org/@tanstack%2freact-start-server 148ms (cache hit)
450 silly packumentCache full:https://registry.npmjs.org/@tanstack%2freact-start-server set size:1657343 disposed:false
451 silly fetch manifest @tanstack/start-server-core@1.169.9
452 silly packumentCache full:https://registry.npmjs.org/@tanstack%2fstart-server-core cache-miss
453 http cache https://registry.npmjs.org/@tanstack%2fstart-client-core 176ms (cache hit)
454 silly packumentCache full:https://registry.npmjs.org/@tanstack%2fstart-client-core set size:1214563 disposed:false
455 silly fetch manifest scheduler@^0.26.0
456 silly packumentCache full:https://registry.npmjs.org/scheduler cache-miss
457 http cache https://registry.npmjs.org/@tanstack%2fstart-server-core 125ms (cache hit)
458 silly packumentCache full:https://registry.npmjs.org/@tanstack%2fstart-server-core set size:1428851 disposed:false
459 silly fetch manifest @babel/core@^7.29.0
460 silly packumentCache full:https://registry.npmjs.org/@babel%2fcore cache-miss
461 http cache https://registry.npmjs.org/@tanstack%2fstart-plugin-core 291ms (cache hit)
462 silly packumentCache full:https://registry.npmjs.org/@tanstack%2fstart-plugin-core set size:2159790 disposed:false
463 silly fetch manifest react-refresh@^0.18.0
464 silly packumentCache full:https://registry.npmjs.org/react-refresh cache-miss
465 http cache https://registry.npmjs.org/scheduler 265ms (cache hit)
466 silly packumentCache full:https://registry.npmjs.org/scheduler set size:5523644 disposed:false
467 silly fetch manifest @types/babel__core@^7.20.5
468 silly packumentCache full:https://registry.npmjs.org/@types%2fbabel__core cache-miss
469 http cache https://registry.npmjs.org/@babel%2fcore 440ms (cache hit)
470 silly packumentCache full:https://registry.npmjs.org/@babel%2fcore set size:779631 disposed:false
471 silly fetch manifest @rolldown/pluginutils@1.0.0-rc.3
472 silly packumentCache full:https://registry.npmjs.org/@rolldown%2fpluginutils cache-miss
473 http cache https://registry.npmjs.org/react-refresh 392ms (cache hit)
474 silly packumentCache full:https://registry.npmjs.org/react-refresh set size:6350414 disposed:false
475 silly fetch manifest @babel/plugin-transform-react-jsx-self@^7.27.1
476 silly packumentCache full:https://registry.npmjs.org/@babel%2fplugin-transform-react-jsx-self cache-miss
477 http cache https://registry.npmjs.org/@types%2fbabel__core 331ms (cache hit)
478 silly packumentCache full:https://registry.npmjs.org/@types%2fbabel__core set size:88676 disposed:false
479 silly fetch manifest @babel/plugin-transform-react-jsx-source@^7.27.1
480 silly packumentCache full:https://registry.npmjs.org/@babel%2fplugin-transform-react-jsx-source cache-miss
481 http cache https://registry.npmjs.org/@babel%2fplugin-transform-react-jsx-self 51ms (cache hit)
482 silly packumentCache full:https://registry.npmjs.org/@babel%2fplugin-transform-react-jsx-self set size:200274 disposed:false
483 silly fetch manifest debug@^4.1.1
484 silly packumentCache full:https://registry.npmjs.org/debug cache-miss
485 http cache https://registry.npmjs.org/@rolldown%2fpluginutils 314ms (cache hit)
486 silly packumentCache full:https://registry.npmjs.org/@rolldown%2fpluginutils set size:300388 disposed:false
487 silly fetch manifest globrex@^0.1.2
488 silly packumentCache full:https://registry.npmjs.org/globrex cache-miss
489 http cache https://registry.npmjs.org/@babel%2fplugin-transform-react-jsx-source 95ms (cache hit)
490 silly packumentCache full:https://registry.npmjs.org/@babel%2fplugin-transform-react-jsx-source set size:205288 disposed:false
491 silly fetch manifest tsconfck@^3.0.3
492 silly packumentCache full:https://registry.npmjs.org/tsconfck cache-miss
493 http cache https://registry.npmjs.org/globrex 93ms (cache hit)
494 silly packumentCache full:https://registry.npmjs.org/globrex set size:19249 disposed:false
495 silly fetch manifest tailwindcss@4.3.0
496 silly packumentCache full:https://registry.npmjs.org/tailwindcss cache-miss
497 http cache https://registry.npmjs.org/debug 114ms (cache hit)
498 silly packumentCache full:https://registry.npmjs.org/debug set size:195840 disposed:false
499 silly fetch manifest @tailwindcss/node@4.3.0
500 silly packumentCache full:https://registry.npmjs.org/@tailwindcss%2fnode cache-miss
501 http cache https://registry.npmjs.org/tsconfck 86ms (cache hit)
502 silly packumentCache full:https://registry.npmjs.org/tsconfck set size:171757 disposed:false
503 silly fetch manifest @tailwindcss/oxide@4.3.0
504 silly packumentCache full:https://registry.npmjs.org/@tailwindcss%2foxide cache-miss
505 http cache https://registry.npmjs.org/@tailwindcss%2fnode 131ms (cache hit)
506 silly packumentCache full:https://registry.npmjs.org/@tailwindcss%2fnode set size:2156849 disposed:false
507 silly fetch manifest fdir@^6.5.0
508 silly packumentCache full:https://registry.npmjs.org/fdir cache-miss
509 http cache https://registry.npmjs.org/tailwindcss 473ms (cache hit)
510 silly packumentCache full:https://registry.npmjs.org/tailwindcss set size:10590777 disposed:false
511 silly fetch manifest rollup@^4.43.0
512 silly packumentCache full:https://registry.npmjs.org/rollup cache-miss
513 http cache https://registry.npmjs.org/fdir 507ms (cache hit)
514 silly packumentCache full:https://registry.npmjs.org/fdir set size:136182 disposed:false
515 silly fetch manifest esbuild@^0.27.0
516 silly packumentCache full:https://registry.npmjs.org/esbuild cache-miss
517 http cache https://registry.npmjs.org/@tailwindcss%2foxide 826ms (cache hit)
518 silly packumentCache full:https://registry.npmjs.org/@tailwindcss%2foxide set size:4467895 disposed:false
519 silly fetch manifest postcss@^8.5.6
520 silly packumentCache full:https://registry.npmjs.org/postcss cache-hit
521 silly fetch manifest picomatch@^4.0.3
522 silly packumentCache full:https://registry.npmjs.org/picomatch cache-miss
523 http cache https://registry.npmjs.org/rollup 398ms (cache hit)
524 silly packumentCache full:https://registry.npmjs.org/rollup set size:6205762 disposed:false
525 silly fetch manifest tinyglobby@^0.2.15
526 silly packumentCache full:https://registry.npmjs.org/tinyglobby cache-miss
527 http cache https://registry.npmjs.org/esbuild 841ms (cache hit)
528 silly packumentCache full:https://registry.npmjs.org/esbuild set size:1254708 disposed:false
529 silly fetch manifest fsevents@~2.3.3
530 silly packumentCache full:https://registry.npmjs.org/fsevents cache-miss
531 http cache https://registry.npmjs.org/tinyglobby 267ms (cache hit)
532 silly packumentCache full:https://registry.npmjs.org/tinyglobby set size:54291 disposed:false
533 silly fetch manifest @radix-ui/react-id@1.1.1
534 silly packumentCache full:https://registry.npmjs.org/@radix-ui%2freact-id cache-miss
535 http cache https://registry.npmjs.org/picomatch 688ms (cache hit)
536 silly packumentCache full:https://registry.npmjs.org/picomatch set size:126376 disposed:false
537 silly fetch manifest @radix-ui/primitive@1.1.3
538 silly packumentCache full:https://registry.npmjs.org/@radix-ui%2fprimitive cache-miss
539 http cache https://registry.npmjs.org/fsevents 73ms (cache hit)
540 silly packumentCache full:https://registry.npmjs.org/fsevents set size:182472 disposed:false
541 silly fetch manifest @radix-ui/react-context@1.1.2
542 silly packumentCache full:https://registry.npmjs.org/@radix-ui%2freact-context cache-miss
543 http cache https://registry.npmjs.org/@radix-ui%2fprimitive 95ms (cache hit)
544 silly packumentCache full:https://registry.npmjs.org/@radix-ui%2fprimitive set size:166880 disposed:false
545 silly fetch manifest @radix-ui/react-direction@1.1.1
546 silly packumentCache full:https://registry.npmjs.org/@radix-ui%2freact-direction cache-miss
547 http cache https://registry.npmjs.org/@radix-ui%2freact-id 139ms (cache hit)
548 silly packumentCache full:https://registry.npmjs.org/@radix-ui%2freact-id set size:327992 disposed:false
549 silly fetch manifest @radix-ui/react-primitive@2.1.3
550 silly packumentCache full:https://registry.npmjs.org/@radix-ui%2freact-primitive cache-miss
551 http cache https://registry.npmjs.org/@radix-ui%2freact-context 140ms (cache hit)
552 silly packumentCache full:https://registry.npmjs.org/@radix-ui%2freact-context set size:269000 disposed:false
553 silly fetch manifest @radix-ui/react-collection@1.1.7
554 silly packumentCache full:https://registry.npmjs.org/@radix-ui%2freact-collection cache-miss
555 http cache https://registry.npmjs.org/@radix-ui%2freact-direction 140ms (cache hit)
556 silly packumentCache full:https://registry.npmjs.org/@radix-ui%2freact-direction set size:270574 disposed:false
557 silly fetch manifest @radix-ui/react-collapsible@1.1.12
558 silly packumentCache full:https://registry.npmjs.org/@radix-ui%2freact-collapsible cache-hit
559 silly fetch manifest @radix-ui/react-compose-refs@1.1.2
560 silly packumentCache full:https://registry.npmjs.org/@radix-ui%2freact-compose-refs cache-miss
561 http cache https://registry.npmjs.org/@radix-ui%2freact-primitive 130ms (cache hit)
562 silly packumentCache full:https://registry.npmjs.org/@radix-ui%2freact-primitive set size:641574 disposed:false
563 silly fetch manifest @radix-ui/react-use-controllable-state@1.2.2
564 silly packumentCache full:https://registry.npmjs.org/@radix-ui%2freact-use-controllable-state cache-miss
565 http cache https://registry.npmjs.org/@radix-ui%2freact-collection 131ms (cache hit)
566 silly packumentCache full:https://registry.npmjs.org/@radix-ui%2freact-collection set size:707032 disposed:false
567 silly fetch manifest @radix-ui/react-slot@1.2.3
568 silly packumentCache full:https://registry.npmjs.org/@radix-ui%2freact-slot cache-hit
569 silly fetch manifest @radix-ui/react-dialog@1.1.15
570 silly packumentCache full:https://registry.npmjs.org/@radix-ui%2freact-dialog cache-miss
571 http cache https://registry.npmjs.org/@radix-ui%2freact-compose-refs 153ms (cache hit)
572 silly packumentCache full:https://registry.npmjs.org/@radix-ui%2freact-compose-refs set size:222007 disposed:false
573 silly fetch manifest @radix-ui/react-primitive@2.1.4
574 silly packumentCache full:https://registry.npmjs.org/@radix-ui%2freact-primitive cache-hit
575 silly fetch manifest @radix-ui/react-context@1.1.3
576 silly packumentCache full:https://registry.npmjs.org/@radix-ui%2freact-context cache-hit
577 silly fetch manifest @radix-ui/react-use-is-hydrated@0.1.0
578 silly packumentCache full:https://registry.npmjs.org/@radix-ui%2freact-use-is-hydrated cache-miss
579 http cache https://registry.npmjs.org/@radix-ui%2freact-use-controllable-state 170ms (cache hit)
580 silly packumentCache full:https://registry.npmjs.org/@radix-ui%2freact-use-controllable-state set size:298751 disposed:false
581 silly fetch manifest @radix-ui/react-use-callback-ref@1.1.1
582 silly packumentCache full:https://registry.npmjs.org/@radix-ui%2freact-use-callback-ref cache-miss
583 http cache https://registry.npmjs.org/@radix-ui%2freact-dialog 132ms (cache hit)
584 silly packumentCache full:https://registry.npmjs.org/@radix-ui%2freact-dialog set size:1119442 disposed:false
585 silly fetch manifest @radix-ui/react-use-layout-effect@1.1.1
586 silly packumentCache full:https://registry.npmjs.org/@radix-ui%2freact-use-layout-effect cache-miss
587 http cache https://registry.npmjs.org/@radix-ui%2freact-use-is-hydrated 213ms (cache hit)
588 silly packumentCache full:https://registry.npmjs.org/@radix-ui%2freact-use-is-hydrated set size:14151 disposed:false
589 silly fetch manifest @radix-ui/react-presence@1.1.5
590 silly packumentCache full:https://registry.npmjs.org/@radix-ui%2freact-presence cache-miss
591 http cache https://registry.npmjs.org/@radix-ui%2freact-use-callback-ref 193ms (cache hit)
592 silly packumentCache full:https://registry.npmjs.org/@radix-ui%2freact-use-callback-ref set size:215595 disposed:false
593 silly fetch manifest @radix-ui/react-use-size@1.1.1
594 silly packumentCache full:https://registry.npmjs.org/@radix-ui%2freact-use-size cache-miss
595 http cache https://registry.npmjs.org/@radix-ui%2freact-use-layout-effect 126ms (cache hit)
596 silly packumentCache full:https://registry.npmjs.org/@radix-ui%2freact-use-layout-effect set size:216004 disposed:false
597 silly fetch manifest @radix-ui/react-use-previous@1.1.1
598 silly packumentCache full:https://registry.npmjs.org/@radix-ui%2freact-use-previous cache-miss
599 http cache https://registry.npmjs.org/@radix-ui%2freact-presence 104ms (cache hit)
600 silly packumentCache full:https://registry.npmjs.org/@radix-ui%2freact-presence set size:451942 disposed:false
601 silly fetch manifest @radix-ui/react-menu@2.1.16
602 silly packumentCache full:https://registry.npmjs.org/@radix-ui%2freact-menu cache-miss
603 http cache https://registry.npmjs.org/@radix-ui%2freact-use-size 116ms (cache hit)
604 silly packumentCache full:https://registry.npmjs.org/@radix-ui%2freact-use-size set size:274742 disposed:false
605 silly fetch manifest aria-hidden@^1.2.4
606 silly packumentCache full:https://registry.npmjs.org/aria-hidden cache-miss
607 http cache https://registry.npmjs.org/@radix-ui%2freact-use-previous 161ms (cache hit)
608 silly packumentCache full:https://registry.npmjs.org/@radix-ui%2freact-use-previous set size:288185 disposed:false
609 silly fetch manifest react-remove-scroll@^2.6.3
610 silly packumentCache full:https://registry.npmjs.org/react-remove-scroll cache-miss
611 http cache https://registry.npmjs.org/aria-hidden 135ms (cache hit)
612 silly packumentCache full:https://registry.npmjs.org/aria-hidden set size:40391 disposed:false
613 silly fetch manifest @radix-ui/react-portal@1.1.9
614 silly packumentCache full:https://registry.npmjs.org/@radix-ui%2freact-portal cache-miss
615 http cache https://registry.npmjs.org/@radix-ui%2freact-menu 183ms (cache hit)
616 silly packumentCache full:https://registry.npmjs.org/@radix-ui%2freact-menu set size:1257063 disposed:false
617 silly fetch manifest @radix-ui/react-focus-scope@1.1.7
618 silly packumentCache full:https://registry.npmjs.org/@radix-ui%2freact-focus-scope cache-miss
619 http cache https://registry.npmjs.org/react-remove-scroll 99ms (cache hit)
620 silly packumentCache full:https://registry.npmjs.org/react-remove-scroll set size:147112 disposed:false
621 silly fetch manifest @radix-ui/react-focus-guards@1.1.3
622 silly packumentCache full:https://registry.npmjs.org/@radix-ui%2freact-focus-guards cache-miss
623 http cache https://registry.npmjs.org/@radix-ui%2freact-portal 116ms (cache hit)
624 silly packumentCache full:https://registry.npmjs.org/@radix-ui%2freact-portal set size:714350 disposed:false
625 silly fetch manifest @radix-ui/react-dismissable-layer@1.1.11
626 silly packumentCache full:https://registry.npmjs.org/@radix-ui%2freact-dismissable-layer cache-miss
627 http cache https://registry.npmjs.org/@radix-ui%2freact-focus-scope 100ms (cache hit)
628 silly packumentCache full:https://registry.npmjs.org/@radix-ui%2freact-focus-scope set size:691415 disposed:false
629 silly fetch manifest @radix-ui/react-popper@1.2.8
630 silly packumentCache full:https://registry.npmjs.org/@radix-ui%2freact-popper cache-miss
631 http cache https://registry.npmjs.org/@radix-ui%2freact-focus-guards 261ms (cache hit)
632 silly packumentCache full:https://registry.npmjs.org/@radix-ui%2freact-focus-guards set size:287102 disposed:false
633 silly fetch manifest @radix-ui/react-dismissable-layer@1.1.11
634 silly packumentCache full:https://registry.npmjs.org/@radix-ui%2freact-dismissable-layer cache-miss
635 http cache https://registry.npmjs.org/@radix-ui%2freact-dismissable-layer 338ms (cache hit)
636 silly packumentCache full:https://registry.npmjs.org/@radix-ui%2freact-dismissable-layer set size:853268 disposed:false
637 silly fetch manifest @radix-ui/react-roving-focus@1.1.11
638 silly packumentCache full:https://registry.npmjs.org/@radix-ui%2freact-roving-focus cache-miss
639 http cache https://registry.npmjs.org/@radix-ui%2freact-popper 305ms (cache hit)
640 silly packumentCache full:https://registry.npmjs.org/@radix-ui%2freact-popper set size:844592 disposed:false
641 silly fetch manifest @radix-ui/react-visually-hidden@1.2.3
642 silly packumentCache full:https://registry.npmjs.org/@radix-ui%2freact-visually-hidden cache-miss
643 http cache https://registry.npmjs.org/@radix-ui%2freact-dismissable-layer 398ms (cache hit)
644 silly packumentCache full:https://registry.npmjs.org/@radix-ui%2freact-dismissable-layer set size:853268 disposed:false
645 silly packumentCache full:https://registry.npmjs.org/@radix-ui%2freact-dismissable-layer dispose
646 silly fetch manifest @radix-ui/react-roving-focus@1.1.11
647 silly packumentCache full:https://registry.npmjs.org/@radix-ui%2freact-roving-focus cache-miss
648 http cache https://registry.npmjs.org/@radix-ui%2freact-roving-focus 302ms (cache hit)
649 silly packumentCache full:https://registry.npmjs.org/@radix-ui%2freact-roving-focus set size:909938 disposed:false
650 silly fetch manifest @radix-ui/number@1.1.1
651 silly packumentCache full:https://registry.npmjs.org/@radix-ui%2fnumber cache-miss
652 http cache https://registry.npmjs.org/@radix-ui%2freact-visually-hidden 173ms (cache hit)
653 silly packumentCache full:https://registry.npmjs.org/@radix-ui%2freact-visually-hidden set size:640438 disposed:false
654 silly fetch manifest @radix-ui/number@1.1.1
655 silly packumentCache full:https://registry.npmjs.org/@radix-ui%2fnumber cache-miss
656 http cache https://registry.npmjs.org/@radix-ui%2freact-roving-focus 170ms (cache hit)
657 silly packumentCache full:https://registry.npmjs.org/@radix-ui%2freact-roving-focus set size:909938 disposed:false
658 silly packumentCache full:https://registry.npmjs.org/@radix-ui%2freact-roving-focus dispose
659 silly fetch manifest @radix-ui/number@1.1.1
660 silly packumentCache full:https://registry.npmjs.org/@radix-ui%2fnumber cache-miss
661 http cache https://registry.npmjs.org/@radix-ui%2fnumber 183ms (cache hit)
662 silly packumentCache full:https://registry.npmjs.org/@radix-ui%2fnumber set size:98737 disposed:false
663 silly fetch manifest @supabase/auth-js@2.107.0
664 silly packumentCache full:https://registry.npmjs.org/@supabase%2fauth-js cache-miss
665 http cache https://registry.npmjs.org/@radix-ui%2fnumber 131ms (cache hit)
666 silly packumentCache full:https://registry.npmjs.org/@radix-ui%2fnumber set size:98737 disposed:false
667 silly packumentCache full:https://registry.npmjs.org/@radix-ui%2fnumber dispose
668 silly fetch manifest @supabase/functions-js@2.107.0
669 silly packumentCache full:https://registry.npmjs.org/@supabase%2ffunctions-js cache-miss
670 http cache https://registry.npmjs.org/@radix-ui%2fnumber 72ms (cache hit)
671 silly packumentCache full:https://registry.npmjs.org/@radix-ui%2fnumber set size:98737 disposed:true
672 silly packumentCache full:https://registry.npmjs.org/@radix-ui%2fnumber dispose
673 silly fetch manifest @supabase/postgrest-js@2.107.0
674 silly packumentCache full:https://registry.npmjs.org/@supabase%2fpostgrest-js cache-miss
675 http cache https://registry.npmjs.org/@supabase%2fauth-js 84ms (cache hit)
676 silly packumentCache full:https://registry.npmjs.org/@supabase%2fauth-js set size:1430096 disposed:false
677 silly fetch manifest @supabase/storage-js@2.107.0
678 silly packumentCache full:https://registry.npmjs.org/@supabase%2fstorage-js cache-miss
679 http cache https://registry.npmjs.org/@supabase%2ffunctions-js 132ms (cache hit)
680 silly packumentCache full:https://registry.npmjs.org/@supabase%2ffunctions-js set size:1148587 disposed:false
681 silly fetch manifest @supabase/realtime-js@2.107.0
682 silly packumentCache full:https://registry.npmjs.org/@supabase%2frealtime-js cache-miss
683 http cache https://registry.npmjs.org/@supabase%2fpostgrest-js 189ms (cache hit)
684 silly packumentCache full:https://registry.npmjs.org/@supabase%2fpostgrest-js set size:1842587 disposed:false
685 silly fetch manifest @tanstack/query-core@5.101.0
686 silly packumentCache full:https://registry.npmjs.org/@tanstack%2fquery-core cache-miss
687 http cache https://registry.npmjs.org/@supabase%2fstorage-js 453ms (cache hit)
688 silly packumentCache full:https://registry.npmjs.org/@supabase%2fstorage-js set size:1411628 disposed:false
689 silly fetch manifest @tanstack/react-store@^0.9.3
690 silly packumentCache full:https://registry.npmjs.org/@tanstack%2freact-store cache-miss
691 http cache https://registry.npmjs.org/@supabase%2frealtime-js 473ms (cache hit)
692 silly packumentCache full:https://registry.npmjs.org/@supabase%2frealtime-js set size:1663782 disposed:false
693 silly fetch manifest isbot@^5.1.22
694 silly packumentCache full:https://registry.npmjs.org/isbot cache-miss
695 http cache https://registry.npmjs.org/@tanstack%2fquery-core 231ms (cache hit)
696 silly packumentCache full:https://registry.npmjs.org/@tanstack%2fquery-core set size:1099821 disposed:false
697 silly fetch manifest @tanstack/history@1.162.0
698 silly packumentCache full:https://registry.npmjs.org/@tanstack%2fhistory cache-miss
699 http cache https://registry.npmjs.org/@tanstack%2freact-store 168ms (cache hit)
700 silly packumentCache full:https://registry.npmjs.org/@tanstack%2freact-store set size:210503 disposed:false
701 silly fetch manifest @tanstack/router-core@1.171.9
702 silly packumentCache full:https://registry.npmjs.org/@tanstack%2frouter-core cache-miss
703 http cache https://registry.npmjs.org/isbot 140ms (cache hit)
704 silly packumentCache full:https://registry.npmjs.org/isbot set size:702686 disposed:false
705 silly fetch manifest undici-types@>=7.24.0 <7.24.7
706 silly packumentCache full:https://registry.npmjs.org/undici-types cache-miss
707 http cache https://registry.npmjs.org/@tanstack%2frouter-core 88ms (cache hit)
708 silly packumentCache full:https://registry.npmjs.org/@tanstack%2frouter-core set size:1579744 disposed:false
709 silly fetch manifest csstype@^3.2.2
710 silly packumentCache full:https://registry.npmjs.org/csstype cache-miss
711 http cache https://registry.npmjs.org/@tanstack%2fhistory 207ms (cache hit)
712 silly packumentCache full:https://registry.npmjs.org/@tanstack%2fhistory set size:503769 disposed:false
713 silly fetch manifest @radix-ui/react-id@^1.1.0
714 silly packumentCache full:https://registry.npmjs.org/@radix-ui%2freact-id cache-hit
715 silly fetch manifest @radix-ui/react-primitive@^2.0.2
716 silly packumentCache full:https://registry.npmjs.org/@radix-ui%2freact-primitive cache-hit
717 silly fetch manifest @radix-ui/react-compose-refs@^1.1.1
718 silly packumentCache full:https://registry.npmjs.org/@radix-ui%2freact-compose-refs cache-hit
719 silly fetch manifest embla-carousel@8.6.0
720 silly packumentCache full:https://registry.npmjs.org/embla-carousel cache-miss
721 http cache https://registry.npmjs.org/undici-types 158ms (cache hit)
722 silly packumentCache full:https://registry.npmjs.org/undici-types set size:220473 disposed:false
723 silly fetch manifest embla-carousel-reactive-utils@8.6.0
724 silly packumentCache full:https://registry.npmjs.org/embla-carousel-reactive-utils cache-miss
725 http cache https://registry.npmjs.org/csstype 116ms (cache hit)
726 silly packumentCache full:https://registry.npmjs.org/csstype set size:274189 disposed:false
727 silly fetch manifest motion-dom@^12.40.0
728 silly packumentCache full:https://registry.npmjs.org/motion-dom cache-miss
729 http cache https://registry.npmjs.org/embla-carousel 97ms (cache hit)
730 silly packumentCache full:https://registry.npmjs.org/embla-carousel set size:831713 disposed:false
731 silly fetch manifest motion-utils@^12.39.0
732 silly packumentCache full:https://registry.npmjs.org/motion-utils cache-miss
733 http cache https://registry.npmjs.org/embla-carousel-reactive-utils 117ms (cache hit)
734 silly packumentCache full:https://registry.npmjs.org/embla-carousel-reactive-utils set size:119115 disposed:false
735 silly fetch manifest tslib@^2.4.0
736 silly packumentCache full:https://registry.npmjs.org/tslib cache-miss
737 http cache https://registry.npmjs.org/motion-utils 40ms (cache hit)
738 silly packumentCache full:https://registry.npmjs.org/motion-utils set size:66443 disposed:false
739 silly fetch manifest date-fns@^4.1.0
740 silly packumentCache full:https://registry.npmjs.org/date-fns cache-miss
741 http cache https://registry.npmjs.org/motion-dom 100ms (cache hit)
742 silly packumentCache full:https://registry.npmjs.org/motion-dom set size:276777 disposed:false
743 silly fetch manifest @date-fns/tz@^1.4.1
744 silly packumentCache full:https://registry.npmjs.org/@date-fns%2ftz cache-miss
745 http cache https://registry.npmjs.org/tslib 51ms (cache hit)
746 silly packumentCache full:https://registry.npmjs.org/tslib set size:108760 disposed:false
747 silly fetch manifest date-fns-jalali@4.1.0-0
748 silly packumentCache full:https://registry.npmjs.org/date-fns-jalali cache-miss
749 http cache https://registry.npmjs.org/@date-fns%2ftz 60ms (cache hit)
750 silly packumentCache full:https://registry.npmjs.org/@date-fns%2ftz set size:54909 disposed:false
751 silly fetch manifest @tabby_ai/hijri-converter@1.0.5
752 silly packumentCache full:https://registry.npmjs.org/@tabby_ai%2fhijri-converter cache-miss
753 http cache https://registry.npmjs.org/date-fns 156ms (cache hit)
754 silly packumentCache full:https://registry.npmjs.org/date-fns set size:4144741 disposed:false
755 silly fetch manifest lodash@^4.17.21
756 silly packumentCache full:https://registry.npmjs.org/lodash cache-miss
757 http cache https://registry.npmjs.org/date-fns-jalali 330ms (cache hit)
758 silly packumentCache full:https://registry.npmjs.org/date-fns-jalali set size:2351663 disposed:false
759 silly fetch manifest react-is@^18.3.1
760 silly packumentCache full:https://registry.npmjs.org/react-is cache-miss
761 http cache https://registry.npmjs.org/lodash 429ms (cache hit)
762 silly packumentCache full:https://registry.npmjs.org/lodash set size:247652 disposed:false
763 silly fetch manifest react-smooth@^4.0.4
764 silly packumentCache full:https://registry.npmjs.org/react-smooth cache-miss
765 http cache https://registry.npmjs.org/@tabby_ai%2fhijri-converter 753ms (cache hit)
766 silly packumentCache full:https://registry.npmjs.org/@tabby_ai%2fhijri-converter set size:6877 disposed:false
767 silly fetch manifest eventemitter3@^4.0.1
768 silly packumentCache full:https://registry.npmjs.org/eventemitter3 cache-miss
769 http cache https://registry.npmjs.org/react-is 356ms (cache hit)
770 silly packumentCache full:https://registry.npmjs.org/react-is set size:5404124 disposed:false
771 silly fetch manifest recharts-scale@^0.4.4
772 silly packumentCache full:https://registry.npmjs.org/recharts-scale cache-miss
773 http cache https://registry.npmjs.org/eventemitter3 322ms (cache hit)
774 silly packumentCache full:https://registry.npmjs.org/eventemitter3 set size:92292 disposed:false
775 silly fetch manifest tiny-invariant@^1.3.1
776 silly packumentCache full:https://registry.npmjs.org/tiny-invariant cache-miss
777 http cache https://registry.npmjs.org/react-smooth 345ms (cache hit)
778 silly packumentCache full:https://registry.npmjs.org/react-smooth set size:197810 disposed:false
779 silly fetch manifest victory-vendor@^36.6.8
780 silly packumentCache full:https://registry.npmjs.org/victory-vendor cache-miss
781 http cache https://registry.npmjs.org/recharts-scale 59ms (cache hit)
782 silly packumentCache full:https://registry.npmjs.org/recharts-scale set size:62529 disposed:false
783 http cache https://registry.npmjs.org/tiny-invariant 60ms (cache hit)
784 silly packumentCache full:https://registry.npmjs.org/tiny-invariant set size:98310 disposed:false
785 http cache https://registry.npmjs.org/victory-vendor 56ms (cache hit)
786 silly packumentCache full:https://registry.npmjs.org/victory-vendor set size:249266 disposed:false
787 silly fetch manifest vite@>=5.0.0 <9.0.0
788 silly packumentCache full:https://registry.npmjs.org/vite cache-miss
789 http cache https://registry.npmjs.org/vite 358ms (cache hit)
790 silly packumentCache full:https://registry.npmjs.org/vite set size:38863551 disposed:false
791 silly fetch manifest @types/node@^20.19.0 || >=22.12.0
792 silly packumentCache full:https://registry.npmjs.org/@types%2fnode cache-miss
793 http cache https://registry.npmjs.org/@types%2fnode 112ms (cache hit)
794 silly packumentCache full:https://registry.npmjs.org/@types%2fnode set size:11015753 disposed:false
795 silly fetch manifest @vitejs/devtools@^0.1.18
796 silly packumentCache full:https://registry.npmjs.org/@vitejs%2fdevtools cache-miss
797 http cache https://registry.npmjs.org/@vitejs%2fdevtools 10ms (cache hit)
798 silly packumentCache full:https://registry.npmjs.org/@vitejs%2fdevtools set size:218937 disposed:false
799 silly fetch manifest esbuild@^0.27.0 || ^0.28.0
800 silly packumentCache full:https://registry.npmjs.org/esbuild cache-miss
801 http cache https://registry.npmjs.org/esbuild 16ms (cache hit)
802 silly packumentCache full:https://registry.npmjs.org/esbuild set size:1254708 disposed:false
803 silly fetch manifest vite@>=5.0.0 <8.0.0
804 silly packumentCache full:https://registry.npmjs.org/vite cache-miss
805 http cache https://registry.npmjs.org/vite 453ms (cache hit)
806 silly packumentCache full:https://registry.npmjs.org/vite set size:38863551 disposed:false
807 silly placeDep ROOT @lovable.dev/vite-plugin-dev-server-bridge@1.0.0 OK for: @lovable.dev/vite-tanstack-config@2.3.1 want: ^1.0.0
808 silly placeDep ROOT @lovable.dev/vite-plugin-hmr-gate@1.0.0 OK for: @lovable.dev/vite-tanstack-config@2.3.1 want: ^1.0.0
809 silly placeDep ROOT lightningcss@1.32.0 OK for: @lovable.dev/vite-tanstack-config@2.3.1 want: ^1.30.0
810 silly placeDep ROOT lovable-tagger@1.2.0 OK for: @lovable.dev/vite-tanstack-config@2.3.1 want: 1.2.0
811 silly fetch manifest detect-libc@^2.0.3
812 silly packumentCache full:https://registry.npmjs.org/detect-libc cache-miss
813 silly fetch manifest lightningcss-darwin-x64@1.32.0
814 silly packumentCache full:https://registry.npmjs.org/lightningcss-darwin-x64 cache-miss
815 silly fetch manifest lightningcss-linux-x64-gnu@1.32.0
816 silly packumentCache full:https://registry.npmjs.org/lightningcss-linux-x64-gnu cache-miss
817 http cache https://registry.npmjs.org/lightningcss-darwin-x64 39ms (cache hit)
818 silly packumentCache full:https://registry.npmjs.org/lightningcss-darwin-x64 set size:78694 disposed:false
819 silly fetch manifest lightningcss-win32-x64-msvc@1.32.0
820 silly packumentCache full:https://registry.npmjs.org/lightningcss-win32-x64-msvc cache-miss
821 http cache https://registry.npmjs.org/lightningcss-linux-x64-gnu 53ms (cache hit)
822 silly packumentCache full:https://registry.npmjs.org/lightningcss-linux-x64-gnu set size:80105 disposed:false
823 silly fetch manifest lightningcss-win32-arm64-msvc@1.32.0
824 silly packumentCache full:https://registry.npmjs.org/lightningcss-win32-arm64-msvc cache-miss
825 http cache https://registry.npmjs.org/detect-libc 74ms (cache hit)
826 silly packumentCache full:https://registry.npmjs.org/detect-libc set size:47861 disposed:false
827 silly fetch manifest lightningcss-darwin-arm64@1.32.0
828 silly packumentCache full:https://registry.npmjs.org/lightningcss-darwin-arm64 cache-miss
829 http cache https://registry.npmjs.org/lightningcss-win32-x64-msvc 99ms (cache hit)
830 silly packumentCache full:https://registry.npmjs.org/lightningcss-win32-x64-msvc set size:79645 disposed:false
831 silly fetch manifest lightningcss-linux-arm64-gnu@1.32.0
832 silly packumentCache full:https://registry.npmjs.org/lightningcss-linux-arm64-gnu cache-miss
833 http cache https://registry.npmjs.org/lightningcss-win32-arm64-msvc 96ms (cache hit)
834 silly packumentCache full:https://registry.npmjs.org/lightningcss-win32-arm64-msvc set size:26629 disposed:false
835 silly fetch manifest lightningcss-linux-arm-gnueabihf@1.32.0
836 silly packumentCache full:https://registry.npmjs.org/lightningcss-linux-arm-gnueabihf cache-miss
837 http cache https://registry.npmjs.org/lightningcss-darwin-arm64 73ms (cache hit)
838 silly packumentCache full:https://registry.npmjs.org/lightningcss-darwin-arm64 set size:79276 disposed:false
839 silly fetch manifest lightningcss-linux-arm64-musl@1.32.0
840 silly packumentCache full:https://registry.npmjs.org/lightningcss-linux-arm64-musl cache-miss
841 http cache https://registry.npmjs.org/lightningcss-linux-arm64-gnu 64ms (cache hit)
842 silly packumentCache full:https://registry.npmjs.org/lightningcss-linux-arm64-gnu set size:80669 disposed:false
843 silly fetch manifest lightningcss-linux-x64-musl@1.32.0
844 silly packumentCache full:https://registry.npmjs.org/lightningcss-linux-x64-musl cache-miss
845 http cache https://registry.npmjs.org/lightningcss-linux-arm-gnueabihf 69ms (cache hit)
846 silly packumentCache full:https://registry.npmjs.org/lightningcss-linux-arm-gnueabihf set size:80903 disposed:false
847 silly fetch manifest lightningcss-freebsd-x64@1.32.0
848 silly packumentCache full:https://registry.npmjs.org/lightningcss-freebsd-x64 cache-miss
849 http cache https://registry.npmjs.org/lightningcss-linux-arm64-musl 71ms (cache hit)
850 silly packumentCache full:https://registry.npmjs.org/lightningcss-linux-arm64-musl set size:80887 disposed:false
851 silly fetch manifest lightningcss-android-arm64@1.32.0
852 silly packumentCache full:https://registry.npmjs.org/lightningcss-android-arm64 cache-miss
853 http cache https://registry.npmjs.org/lightningcss-freebsd-x64 62ms (cache hit)
854 silly packumentCache full:https://registry.npmjs.org/lightningcss-freebsd-x64 set size:42877 disposed:false
855 silly fetch manifest esbuild@^0.25.0
856 silly packumentCache full:https://registry.npmjs.org/esbuild cache-miss
857 http cache https://registry.npmjs.org/lightningcss-linux-x64-musl 78ms (cache hit)
858 silly packumentCache full:https://registry.npmjs.org/lightningcss-linux-x64-musl set size:80313 disposed:false
859 silly fetch manifest tailwindcss@^3.4.17
860 silly packumentCache full:https://registry.npmjs.org/tailwindcss cache-miss
861 http cache https://registry.npmjs.org/lightningcss-android-arm64 80ms (cache hit)
862 silly packumentCache full:https://registry.npmjs.org/lightningcss-android-arm64 set size:7671 disposed:false
863 http cache https://registry.npmjs.org/esbuild 100ms (cache hit)
864 silly packumentCache full:https://registry.npmjs.org/esbuild set size:1254708 disposed:false
865 http cache https://registry.npmjs.org/tailwindcss 329ms (cache hit)
866 silly packumentCache full:https://registry.npmjs.org/tailwindcss set size:10590777 disposed:false
867 silly fetch manifest @types/react@*
868 silly packumentCache full:https://registry.npmjs.org/@types%2freact cache-miss
869 http cache https://registry.npmjs.org/@types%2freact 140ms (cache hit)
870 silly packumentCache full:https://registry.npmjs.org/@types%2freact set size:2623728 disposed:false
871 silly fetch manifest react@^16.8 || ^17.0 || ^18.0 || ^19.0 || ^19.0.0-rc
872 silly packumentCache full:https://registry.npmjs.org/react cache-miss
873 http cache https://registry.npmjs.org/react 69ms (cache hit)
874 silly packumentCache full:https://registry.npmjs.org/react set size:6679468 disposed:false
875 silly fetch manifest @types/react-dom@*
876 silly packumentCache full:https://registry.npmjs.org/@types%2freact-dom cache-hit
877 silly fetch manifest react-dom@^16.8 || ^17.0 || ^18.0 || ^19.0 || ^19.0.0-rc
878 silly packumentCache full:https://registry.npmjs.org/react-dom cache-miss
879 http cache https://registry.npmjs.org/react-dom 96ms (cache hit)
880 silly packumentCache full:https://registry.npmjs.org/react-dom set size:8915576 disposed:false
881 silly placeDep ROOT @radix-ui/primitive@1.1.3 OK for: @radix-ui/react-accordion@1.2.12 want: 1.1.3
882 silly placeDep ROOT @radix-ui/react-collection@1.1.7 OK for: @radix-ui/react-accordion@1.2.12 want: 1.1.7
883 silly placeDep ROOT @radix-ui/react-compose-refs@1.1.2 OK for: @radix-ui/react-accordion@1.2.12 want: 1.1.2
884 silly placeDep ROOT @radix-ui/react-context@1.1.2 OK for: @radix-ui/react-accordion@1.2.12 want: 1.1.2
885 silly placeDep ROOT @radix-ui/react-direction@1.1.1 OK for: @radix-ui/react-accordion@1.2.12 want: 1.1.1
886 silly placeDep ROOT @radix-ui/react-id@1.1.1 OK for: @radix-ui/react-accordion@1.2.12 want: 1.1.1
887 silly placeDep ROOT @radix-ui/react-primitive@2.1.3 OK for: @radix-ui/react-accordion@1.2.12 want: 2.1.3
888 silly placeDep ROOT @radix-ui/react-use-controllable-state@1.2.2 OK for: @radix-ui/react-accordion@1.2.12 want: 1.2.2
889 silly fetch manifest @radix-ui/react-use-effect-event@0.0.2
890 silly packumentCache full:https://registry.npmjs.org/@radix-ui%2freact-use-effect-event cache-miss
891 http cache https://registry.npmjs.org/@radix-ui%2freact-use-effect-event 32ms (cache hit)
892 silly packumentCache full:https://registry.npmjs.org/@radix-ui%2freact-use-effect-event set size:25956 disposed:false
893 silly placeDep node_modules/@radix-ui/react-alert-dialog @radix-ui/react-slot@1.2.3 OK for: @radix-ui/react-alert-dialog@1.1.15 want: 1.2.3
894 silly placeDep node_modules/@radix-ui/react-aspect-ratio @radix-ui/react-primitive@2.1.4 OK for: @radix-ui/react-aspect-ratio@1.1.8 want: 2.1.4
895 silly placeDep node_modules/@radix-ui/react-avatar @radix-ui/react-context@1.1.3 OK for: @radix-ui/react-avatar@1.1.11 want: 1.1.3
896 silly placeDep node_modules/@radix-ui/react-avatar @radix-ui/react-primitive@2.1.4 OK for: @radix-ui/react-avatar@1.1.11 want: 2.1.4
897 silly placeDep ROOT @radix-ui/react-use-callback-ref@1.1.1 OK for: @radix-ui/react-avatar@1.1.11 want: 1.1.1
898 silly placeDep ROOT @radix-ui/react-use-is-hydrated@0.1.0 OK for: @radix-ui/react-avatar@1.1.11 want: 0.1.0
899 silly placeDep ROOT @radix-ui/react-use-layout-effect@1.1.1 OK for: @radix-ui/react-avatar@1.1.11 want: 1.1.1
900 silly fetch manifest use-sync-external-store@^1.5.0
901 silly packumentCache full:https://registry.npmjs.org/use-sync-external-store cache-miss
902 http cache https://registry.npmjs.org/use-sync-external-store 72ms (cache hit)
903 silly packumentCache full:https://registry.npmjs.org/use-sync-external-store set size:4700517 disposed:false
904 silly placeDep ROOT @radix-ui/react-presence@1.1.5 OK for: @radix-ui/react-checkbox@1.3.3 want: 1.1.5
905 silly placeDep ROOT @radix-ui/react-use-previous@1.1.1 OK for: @radix-ui/react-checkbox@1.3.3 want: 1.1.1
906 silly placeDep ROOT @radix-ui/react-use-size@1.1.1 OK for: @radix-ui/react-checkbox@1.3.3 want: 1.1.1
907 silly placeDep node_modules/@radix-ui/react-collection @radix-ui/react-slot@1.2.3 OK for: @radix-ui/react-collection@1.1.7 want: 1.2.3
908 silly placeDep ROOT @radix-ui/react-menu@2.1.16 OK for: @radix-ui/react-context-menu@2.2.16 want: 2.1.16
909 silly placeDep ROOT @radix-ui/react-dismissable-layer@1.1.11 OK for: @radix-ui/react-dialog@1.1.15 want: 1.1.11
910 silly placeDep ROOT @radix-ui/react-focus-guards@1.1.3 OK for: @radix-ui/react-dialog@1.1.15 want: 1.1.3
911 silly placeDep ROOT @radix-ui/react-focus-scope@1.1.7 OK for: @radix-ui/react-dialog@1.1.15 want: 1.1.7
912 silly placeDep ROOT @radix-ui/react-portal@1.1.9 OK for: @radix-ui/react-dialog@1.1.15 want: 1.1.9
913 silly placeDep node_modules/@radix-ui/react-dialog @radix-ui/react-slot@1.2.3 OK for: @radix-ui/react-dialog@1.1.15 want: 1.2.3
914 silly placeDep ROOT aria-hidden@1.2.6 OK for: @radix-ui/react-dialog@1.1.15 want: ^1.2.4
915 silly placeDep ROOT react-remove-scroll@2.7.2 OK for: @radix-ui/react-dialog@1.1.15 want: ^2.6.3
916 silly fetch manifest @radix-ui/react-use-escape-keydown@1.1.1
917 silly packumentCache full:https://registry.npmjs.org/@radix-ui%2freact-use-escape-keydown cache-miss
918 silly fetch manifest tslib@^2.0.0
919 silly packumentCache full:https://registry.npmjs.org/tslib cache-hit
920 silly fetch manifest react-remove-scroll-bar@^2.3.7
921 silly packumentCache full:https://registry.npmjs.org/react-remove-scroll-bar cache-miss
922 silly fetch manifest react-style-singleton@^2.2.3
923 silly packumentCache full:https://registry.npmjs.org/react-style-singleton cache-miss
924 http cache https://registry.npmjs.org/react-remove-scroll-bar 28ms (cache hit)
925 silly packumentCache full:https://registry.npmjs.org/react-remove-scroll-bar set size:66434 disposed:false
926 silly fetch manifest tslib@^2.1.0
927 silly packumentCache full:https://registry.npmjs.org/tslib cache-hit
928 silly fetch manifest use-callback-ref@^1.3.3
929 silly packumentCache full:https://registry.npmjs.org/use-callback-ref cache-miss
930 http cache https://registry.npmjs.org/@radix-ui%2freact-use-escape-keydown 40ms (cache hit)
931 silly packumentCache full:https://registry.npmjs.org/@radix-ui%2freact-use-escape-keydown set size:280936 disposed:false
932 silly fetch manifest use-sidecar@^1.1.3
933 silly packumentCache full:https://registry.npmjs.org/use-sidecar cache-miss
934 http cache https://registry.npmjs.org/react-style-singleton 48ms (cache hit)
935 silly packumentCache full:https://registry.npmjs.org/react-style-singleton set size:33682 disposed:false
936 http cache https://registry.npmjs.org/use-callback-ref 35ms (cache hit)
937 silly packumentCache full:https://registry.npmjs.org/use-callback-ref set size:47599 disposed:false
938 http cache https://registry.npmjs.org/use-sidecar 31ms (cache hit)
939 silly packumentCache full:https://registry.npmjs.org/use-sidecar set size:58998 disposed:false
940 silly placeDep ROOT @radix-ui/react-use-escape-keydown@1.1.1 OK for: @radix-ui/react-dismissable-layer@1.1.11 want: 1.1.1
941 silly placeDep ROOT @radix-ui/react-popper@1.2.8 OK for: @radix-ui/react-hover-card@1.1.15 want: 1.2.8
942 silly fetch manifest @radix-ui/rect@1.1.1
943 silly packumentCache full:https://registry.npmjs.org/@radix-ui%2frect cache-miss
944 silly fetch manifest @radix-ui/react-arrow@1.1.7
945 silly packumentCache full:https://registry.npmjs.org/@radix-ui%2freact-arrow cache-miss
946 silly fetch manifest @floating-ui/react-dom@^2.0.0
947 silly packumentCache full:https://registry.npmjs.org/@floating-ui%2freact-dom cache-miss
948 http cache https://registry.npmjs.org/@radix-ui%2frect 67ms (cache hit)
949 silly packumentCache full:https://registry.npmjs.org/@radix-ui%2frect set size:103599 disposed:false
950 silly fetch manifest @radix-ui/react-use-rect@1.1.1
951 silly packumentCache full:https://registry.npmjs.org/@radix-ui%2freact-use-rect cache-miss
952 http cache https://registry.npmjs.org/@floating-ui%2freact-dom 73ms (cache hit)
953 silly packumentCache full:https://registry.npmjs.org/@floating-ui%2freact-dom set size:165093 disposed:false
954 http cache https://registry.npmjs.org/@radix-ui%2freact-arrow 94ms (cache hit)
955 silly packumentCache full:https://registry.npmjs.org/@radix-ui%2freact-arrow set size:629689 disposed:false
956 http cache https://registry.npmjs.org/@radix-ui%2freact-use-rect 79ms (cache hit)
957 silly packumentCache full:https://registry.npmjs.org/@radix-ui%2freact-use-rect set size:228651 disposed:false
958 silly placeDep node_modules/@radix-ui/react-label @radix-ui/react-primitive@2.1.4 OK for: @radix-ui/react-label@2.1.8 want: 2.1.4
959 silly placeDep ROOT @radix-ui/react-roving-focus@1.1.11 OK for: @radix-ui/react-menu@2.1.16 want: 1.1.11
960 silly placeDep node_modules/@radix-ui/react-menu @radix-ui/react-slot@1.2.3 OK for: @radix-ui/react-menu@2.1.16 want: 1.2.3
961 silly placeDep ROOT @radix-ui/react-visually-hidden@1.2.3 OK for: @radix-ui/react-navigation-menu@1.2.14 want: 1.2.3
962 silly placeDep node_modules/@radix-ui/react-popover @radix-ui/react-slot@1.2.3 OK for: @radix-ui/react-popover@1.1.15 want: 1.2.3
963 silly placeDep ROOT @floating-ui/react-dom@2.1.8 OK for: @radix-ui/react-popper@1.2.8 want: ^2.0.0
964 silly placeDep ROOT @radix-ui/react-arrow@1.1.7 OK for: @radix-ui/react-popper@1.2.8 want: 1.1.7
965 silly placeDep ROOT @radix-ui/react-use-rect@1.1.1 OK for: @radix-ui/react-popper@1.2.8 want: 1.1.1
966 silly placeDep ROOT @radix-ui/rect@1.1.1 OK for: @radix-ui/react-popper@1.2.8 want: 1.1.1
967 silly fetch manifest @floating-ui/dom@^1.7.6
968 silly packumentCache full:https://registry.npmjs.org/@floating-ui%2fdom cache-miss
969 http cache https://registry.npmjs.org/@floating-ui%2fdom 38ms (cache hit)
970 silly packumentCache full:https://registry.npmjs.org/@floating-ui%2fdom set size:251540 disposed:false
971 silly placeDep ROOT @floating-ui/dom@1.7.6 OK for: @floating-ui/react-dom@2.1.8 want: ^1.7.6
972 silly fetch manifest @floating-ui/core@^1.7.5
973 silly packumentCache full:https://registry.npmjs.org/@floating-ui%2fcore cache-miss
974 silly fetch manifest @floating-ui/utils@^0.2.11
975 silly packumentCache full:https://registry.npmjs.org/@floating-ui%2futils cache-miss
976 http cache https://registry.npmjs.org/@floating-ui%2futils 31ms (cache hit)
977 silly packumentCache full:https://registry.npmjs.org/@floating-ui%2futils set size:51278 disposed:false
978 http cache https://registry.npmjs.org/@floating-ui%2fcore 39ms (cache hit)
979 silly packumentCache full:https://registry.npmjs.org/@floating-ui%2fcore set size:179277 disposed:false
980 silly placeDep ROOT @floating-ui/core@1.7.5 OK for: @floating-ui/dom@1.7.6 want: ^1.7.5
981 silly placeDep ROOT @floating-ui/utils@0.2.11 OK for: @floating-ui/dom@1.7.6 want: ^0.2.11
982 silly placeDep node_modules/@radix-ui/react-primitive @radix-ui/react-slot@1.2.3 OK for: @radix-ui/react-primitive@2.1.3 want: 1.2.3
983 silly placeDep node_modules/@radix-ui/react-progress @radix-ui/react-context@1.1.3 OK for: @radix-ui/react-progress@1.1.8 want: 1.1.3
984 silly placeDep node_modules/@radix-ui/react-progress @radix-ui/react-primitive@2.1.4 OK for: @radix-ui/react-progress@1.1.8 want: 2.1.4
985 silly placeDep ROOT @radix-ui/number@1.1.1 OK for: @radix-ui/react-scroll-area@1.2.10 want: 1.1.1
986 silly placeDep node_modules/@radix-ui/react-select @radix-ui/react-slot@1.2.3 OK for: @radix-ui/react-select@2.2.6 want: 1.2.3
987 silly placeDep node_modules/@radix-ui/react-separator @radix-ui/react-primitive@2.1.4 OK for: @radix-ui/react-separator@1.1.8 want: 2.1.4
988 silly placeDep node_modules/@radix-ui/react-tooltip @radix-ui/react-slot@1.2.3 OK for: @radix-ui/react-tooltip@1.2.8 want: 1.2.3
989 silly placeDep ROOT @radix-ui/react-use-effect-event@0.0.2 OK for: @radix-ui/react-use-controllable-state@1.2.2 want: 0.0.2
990 silly placeDep ROOT use-sync-external-store@1.6.0 OK for: @radix-ui/react-use-is-hydrated@0.1.0 want: ^1.5.0
991 silly placeDep ROOT @supabase/auth-js@2.107.0 OK for: @supabase/supabase-js@2.107.0 want: 2.107.0
992 silly placeDep ROOT @supabase/functions-js@2.107.0 OK for: @supabase/supabase-js@2.107.0 want: 2.107.0
993 silly placeDep ROOT @supabase/postgrest-js@2.107.0 OK for: @supabase/supabase-js@2.107.0 want: 2.107.0
994 silly placeDep ROOT @supabase/realtime-js@2.107.0 OK for: @supabase/supabase-js@2.107.0 want: 2.107.0
995 silly placeDep ROOT @supabase/storage-js@2.107.0 OK for: @supabase/supabase-js@2.107.0 want: 2.107.0
996 silly fetch manifest tslib@2.8.1
997 silly packumentCache full:https://registry.npmjs.org/tslib cache-hit
998 silly fetch manifest tslib@2.8.1
999 silly packumentCache full:https://registry.npmjs.org/tslib cache-hit
1000 silly fetch manifest tslib@2.8.1
1001 silly packumentCache full:https://registry.npmjs.org/tslib cache-hit
1002 silly fetch manifest @supabase/phoenix@^0.4.2
1003 silly packumentCache full:https://registry.npmjs.org/@supabase%2fphoenix cache-miss
1004 silly fetch manifest iceberg-js@^0.8.1
1005 silly packumentCache full:https://registry.npmjs.org/iceberg-js cache-miss
1006 http cache https://registry.npmjs.org/@supabase%2fphoenix 23ms (cache hit)
1007 silly packumentCache full:https://registry.npmjs.org/@supabase%2fphoenix set size:25308 disposed:false
1008 http cache https://registry.npmjs.org/iceberg-js 25ms (cache hit)
1009 silly packumentCache full:https://registry.npmjs.org/iceberg-js set size:32835 disposed:false
1010 silly placeDep ROOT tslib@2.8.1 OK for: @supabase/auth-js@2.107.0 want: 2.8.1
1011 silly placeDep ROOT @supabase/phoenix@0.4.2 OK for: @supabase/realtime-js@2.107.0 want: ^0.4.2
1012 silly placeDep ROOT iceberg-js@0.8.1 OK for: @supabase/storage-js@2.107.0 want: ^0.8.1
1013 silly placeDep ROOT @tailwindcss/node@4.3.0 OK for: @tailwindcss/vite@4.3.0 want: 4.3.0
1014 silly placeDep ROOT @tailwindcss/oxide@4.3.0 OK for: @tailwindcss/vite@4.3.0 want: 4.3.0
1015 silly fetch manifest jiti@^2.6.1
1016 silly packumentCache full:https://registry.npmjs.org/jiti cache-hit
1017 silly fetch manifest magic-string@^0.30.21
1018 silly packumentCache full:https://registry.npmjs.org/magic-string cache-miss
1019 silly fetch manifest source-map-js@^1.2.1
1020 silly packumentCache full:https://registry.npmjs.org/source-map-js cache-miss
1021 silly fetch manifest enhanced-resolve@^5.21.0
1022 silly packumentCache full:https://registry.npmjs.org/enhanced-resolve cache-miss
1023 http cache https://registry.npmjs.org/source-map-js 47ms (cache hit)
1024 silly packumentCache full:https://registry.npmjs.org/source-map-js set size:62640 disposed:false
1025 silly fetch manifest @jridgewell/remapping@^2.3.5
1026 silly packumentCache full:https://registry.npmjs.org/@jridgewell%2fremapping cache-miss
1027 http cache https://registry.npmjs.org/magic-string 63ms (cache hit)
1028 silly packumentCache full:https://registry.npmjs.org/magic-string set size:331817 disposed:false
1029 silly fetch manifest @tailwindcss/oxide-darwin-x64@4.3.0
1030 silly packumentCache full:https://registry.npmjs.org/@tailwindcss%2foxide-darwin-x64 cache-miss
1031 http cache https://registry.npmjs.org/enhanced-resolve 80ms (cache hit)
1032 silly packumentCache full:https://registry.npmjs.org/enhanced-resolve set size:440586 disposed:false
1033 silly fetch manifest @tailwindcss/oxide-freebsd-x64@4.3.0
1034 silly packumentCache full:https://registry.npmjs.org/@tailwindcss%2foxide-freebsd-x64 cache-miss
1035 http cache https://registry.npmjs.org/@jridgewell%2fremapping 88ms (cache hit)
1036 silly packumentCache full:https://registry.npmjs.org/@jridgewell%2fremapping set size:23809 disposed:false
1037 silly fetch manifest @tailwindcss/oxide-wasm32-wasi@4.3.0
1038 silly packumentCache full:https://registry.npmjs.org/@tailwindcss%2foxide-wasm32-wasi cache-miss
1039 http cache https://registry.npmjs.org/@tailwindcss%2foxide-darwin-x64 101ms (cache hit)
1040 silly packumentCache full:https://registry.npmjs.org/@tailwindcss%2foxide-darwin-x64 set size:2811550 disposed:false
1041 silly fetch manifest @tailwindcss/oxide-darwin-arm64@4.3.0
1042 silly packumentCache full:https://registry.npmjs.org/@tailwindcss%2foxide-darwin-arm64 cache-miss
1043 http cache https://registry.npmjs.org/@tailwindcss%2foxide-freebsd-x64 175ms (cache hit)
1044 silly packumentCache full:https://registry.npmjs.org/@tailwindcss%2foxide-freebsd-x64 set size:2825856 disposed:false
1045 silly fetch manifest @tailwindcss/oxide-android-arm64@4.3.0
1046 silly packumentCache full:https://registry.npmjs.org/@tailwindcss%2foxide-android-arm64 cache-miss
1047 http cache https://registry.npmjs.org/@tailwindcss%2foxide-wasm32-wasi 256ms (cache hit)
1048 silly packumentCache full:https://registry.npmjs.org/@tailwindcss%2foxide-wasm32-wasi set size:1399543 disposed:false
1049 silly fetch manifest @tailwindcss/oxide-linux-x64-gnu@4.3.0
1050 silly packumentCache full:https://registry.npmjs.org/@tailwindcss%2foxide-linux-x64-gnu cache-miss
1051 http cache https://registry.npmjs.org/@tailwindcss%2foxide-android-arm64 144ms (cache hit)
1052 silly packumentCache full:https://registry.npmjs.org/@tailwindcss%2foxide-android-arm64 set size:1986498 disposed:false
1053 silly fetch manifest @tailwindcss/oxide-linux-x64-musl@4.3.0
1054 silly packumentCache full:https://registry.npmjs.org/@tailwindcss%2foxide-linux-x64-musl cache-miss
1055 http cache https://registry.npmjs.org/@tailwindcss%2foxide-darwin-arm64 345ms (cache hit)
1056 silly packumentCache full:https://registry.npmjs.org/@tailwindcss%2foxide-darwin-arm64 set size:2846231 disposed:false
1057 silly fetch manifest @tailwindcss/oxide-win32-x64-msvc@4.3.0
1058 silly packumentCache full:https://registry.npmjs.org/@tailwindcss%2foxide-win32-x64-msvc cache-miss
1059 http cache https://registry.npmjs.org/@tailwindcss%2foxide-linux-x64-gnu 473ms (cache hit)
1060 silly packumentCache full:https://registry.npmjs.org/@tailwindcss%2foxide-linux-x64-gnu set size:2869552 disposed:false
1061 silly fetch manifest @tailwindcss/oxide-linux-arm64-gnu@4.3.0
1062 silly packumentCache full:https://registry.npmjs.org/@tailwindcss%2foxide-linux-arm64-gnu cache-miss
1063 http cache https://registry.npmjs.org/@tailwindcss%2foxide-linux-x64-musl 832ms (cache hit)
1064 silly packumentCache full:https://registry.npmjs.org/@tailwindcss%2foxide-linux-x64-musl set size:2878194 disposed:false
1065 silly fetch manifest @tailwindcss/oxide-linux-arm64-musl@4.3.0
1066 silly packumentCache full:https://registry.npmjs.org/@tailwindcss%2foxide-linux-arm64-musl cache-miss
1067 http fetch GET 200 https://registry.npmjs.org/@tailwindcss%2foxide-win32-x64-msvc 1536ms (cache miss)
1068 silly packumentCache full:https://registry.npmjs.org/@tailwindcss%2foxide-win32-x64-msvc set size:undefined disposed:false
1069 silly fetch manifest @tailwindcss/oxide-win32-arm64-msvc@4.3.0
1070 silly packumentCache full:https://registry.npmjs.org/@tailwindcss%2foxide-win32-arm64-msvc cache-miss
1071 http fetch GET 200 https://registry.npmjs.org/@tailwindcss%2foxide-linux-arm64-gnu 1309ms (cache miss)
1072 silly packumentCache full:https://registry.npmjs.org/@tailwindcss%2foxide-linux-arm64-gnu set size:undefined disposed:false
1073 silly fetch manifest @tailwindcss/oxide-linux-arm-gnueabihf@4.3.0
1074 silly packumentCache full:https://registry.npmjs.org/@tailwindcss%2foxide-linux-arm-gnueabihf cache-miss
1075 http fetch GET 200 https://registry.npmjs.org/@tailwindcss%2foxide-linux-arm64-musl 1242ms (cache miss)
1076 silly packumentCache full:https://registry.npmjs.org/@tailwindcss%2foxide-linux-arm64-musl set size:undefined disposed:false
1077 http fetch GET 200 https://registry.npmjs.org/@tailwindcss%2foxide-win32-arm64-msvc 897ms (cache miss)
1078 silly packumentCache full:https://registry.npmjs.org/@tailwindcss%2foxide-win32-arm64-msvc set size:undefined disposed:false
1079 http fetch GET 200 https://registry.npmjs.org/@tailwindcss%2foxide-linux-arm-gnueabihf 973ms (cache miss)
1080 silly packumentCache full:https://registry.npmjs.org/@tailwindcss%2foxide-linux-arm-gnueabihf set size:undefined disposed:false
1081 silly placeDep ROOT @jridgewell/remapping@2.3.5 OK for: @tailwindcss/node@4.3.0 want: ^2.3.5
1082 silly placeDep ROOT enhanced-resolve@5.22.1 OK for: @tailwindcss/node@4.3.0 want: ^5.21.0
1083 silly placeDep ROOT jiti@2.7.0 OK for: @tailwindcss/node@4.3.0 want: ^2.6.1
1084 silly placeDep ROOT magic-string@0.30.21 OK for: @tailwindcss/node@4.3.0 want: ^0.30.21
1085 silly placeDep ROOT source-map-js@1.2.1 OK for: @tailwindcss/node@4.3.0 want: ^1.2.1
1086 silly fetch manifest @jridgewell/gen-mapping@^0.3.5
1087 silly packumentCache full:https://registry.npmjs.org/@jridgewell%2fgen-mapping cache-miss
1088 silly fetch manifest @jridgewell/trace-mapping@^0.3.24
1089 silly packumentCache full:https://registry.npmjs.org/@jridgewell%2ftrace-mapping cache-miss
1090 silly fetch manifest graceful-fs@^4.2.4
1091 silly packumentCache full:https://registry.npmjs.org/graceful-fs cache-miss
1092 http fetch GET 200 https://registry.npmjs.org/graceful-fs 119ms (cache miss)
1093 silly packumentCache full:https://registry.npmjs.org/graceful-fs set size:undefined disposed:false
1094 silly fetch manifest tapable@^2.3.3
1095 silly packumentCache full:https://registry.npmjs.org/tapable cache-miss
1096 http fetch GET 200 https://registry.npmjs.org/tapable 436ms (cache miss)
1097 silly packumentCache full:https://registry.npmjs.org/tapable set size:undefined disposed:false
1098 silly fetch manifest @jridgewell/sourcemap-codec@^1.5.5
1099 silly packumentCache full:https://registry.npmjs.org/@jridgewell%2fsourcemap-codec cache-miss
1100 http fetch GET 200 https://registry.npmjs.org/@jridgewell%2fgen-mapping 678ms (cache miss)
1101 silly packumentCache full:https://registry.npmjs.org/@jridgewell%2fgen-mapping set size:undefined disposed:false
1102 http fetch GET 200 https://registry.npmjs.org/@jridgewell%2ftrace-mapping 696ms (cache miss)
1103 silly packumentCache full:https://registry.npmjs.org/@jridgewell%2ftrace-mapping set size:undefined disposed:false
1104 http fetch GET 200 https://registry.npmjs.org/@jridgewell%2fsourcemap-codec 391ms (cache miss)
1105 silly packumentCache full:https://registry.npmjs.org/@jridgewell%2fsourcemap-codec set size:undefined disposed:false
1106 silly placeDep ROOT @jridgewell/gen-mapping@0.3.13 OK for: @jridgewell/remapping@2.3.5 want: ^0.3.5
1107 silly placeDep ROOT @jridgewell/trace-mapping@0.3.31 OK for: @jridgewell/remapping@2.3.5 want: ^0.3.24
1108 silly fetch manifest @jridgewell/sourcemap-codec@^1.5.0
1109 silly packumentCache full:https://registry.npmjs.org/@jridgewell%2fsourcemap-codec cache-miss
1110 silly fetch manifest @jridgewell/resolve-uri@^3.1.0
1111 silly packumentCache full:https://registry.npmjs.org/@jridgewell%2fresolve-uri cache-miss
1112 silly fetch manifest @jridgewell/sourcemap-codec@^1.4.14
1113 silly packumentCache full:https://registry.npmjs.org/@jridgewell%2fsourcemap-codec cache-miss
1114 http cache https://registry.npmjs.org/@jridgewell%2fsourcemap-codec 45ms (cache hit)
1115 silly packumentCache full:https://registry.npmjs.org/@jridgewell%2fsourcemap-codec set size:51856 disposed:false
1116 http cache https://registry.npmjs.org/@jridgewell%2fsourcemap-codec 42ms (cache hit)
1117 silly packumentCache full:https://registry.npmjs.org/@jridgewell%2fsourcemap-codec set size:51856 disposed:false
1118 silly packumentCache full:https://registry.npmjs.org/@jridgewell%2fsourcemap-codec dispose
1119 http fetch GET https://registry.npmjs.org/@jridgewell%2fresolve-uri attempt 1 failed with ECONNRESET
1120 http fetch GET 200 https://registry.npmjs.org/@jridgewell%2fresolve-uri 11423ms attempt #2 (cache miss)
1121 silly packumentCache full:https://registry.npmjs.org/@jridgewell%2fresolve-uri set size:undefined disposed:false
1122 silly placeDep ROOT @jridgewell/sourcemap-codec@1.5.5 OK for: @jridgewell/gen-mapping@0.3.13 want: ^1.5.0
1123 silly placeDep ROOT @jridgewell/resolve-uri@3.1.2 OK for: @jridgewell/trace-mapping@0.3.31 want: ^3.1.0
1124 silly placeDep ROOT @tailwindcss/oxide-android-arm64@4.3.0 OK for: @tailwindcss/oxide@4.3.0 want: 4.3.0
1125 silly placeDep ROOT @tailwindcss/oxide-darwin-arm64@4.3.0 OK for: @tailwindcss/oxide@4.3.0 want: 4.3.0
1126 silly placeDep ROOT @tailwindcss/oxide-darwin-x64@4.3.0 OK for: @tailwindcss/oxide@4.3.0 want: 4.3.0
1127 silly placeDep ROOT @tailwindcss/oxide-freebsd-x64@4.3.0 OK for: @tailwindcss/oxide@4.3.0 want: 4.3.0
1128 silly placeDep ROOT @tailwindcss/oxide-linux-arm-gnueabihf@4.3.0 OK for: @tailwindcss/oxide@4.3.0 want: 4.3.0
1129 silly placeDep ROOT @tailwindcss/oxide-linux-arm64-gnu@4.3.0 OK for: @tailwindcss/oxide@4.3.0 want: 4.3.0
1130 silly placeDep ROOT @tailwindcss/oxide-linux-arm64-musl@4.3.0 OK for: @tailwindcss/oxide@4.3.0 want: 4.3.0
1131 silly placeDep ROOT @tailwindcss/oxide-linux-x64-gnu@4.3.0 OK for: @tailwindcss/oxide@4.3.0 want: 4.3.0
1132 silly placeDep ROOT @tailwindcss/oxide-linux-x64-musl@4.3.0 OK for: @tailwindcss/oxide@4.3.0 want: 4.3.0
1133 silly placeDep ROOT @tailwindcss/oxide-wasm32-wasi@4.3.0 OK for: @tailwindcss/oxide@4.3.0 want: 4.3.0
1134 silly placeDep ROOT @tailwindcss/oxide-win32-arm64-msvc@4.3.0 OK for: @tailwindcss/oxide@4.3.0 want: 4.3.0
1135 silly placeDep ROOT @tailwindcss/oxide-win32-x64-msvc@4.3.0 OK for: @tailwindcss/oxide@4.3.0 want: 4.3.0
1136 silly placeDep ROOT @tanstack/query-core@5.101.0 OK for: @tanstack/react-query@5.101.0 want: 5.101.0
1137 silly fetch manifest react@>=18.0.0 || >=19.0.0
1138 silly packumentCache full:https://registry.npmjs.org/react cache-miss
1139 http fetch GET 200 https://registry.npmjs.org/react 164ms (cache revalidated)
1140 silly packumentCache full:https://registry.npmjs.org/react set size:6679468 disposed:false
1141 silly fetch manifest react-dom@>=18.0.0 || >=19.0.0
1142 silly packumentCache full:https://registry.npmjs.org/react-dom cache-miss
1143 http fetch GET 200 https://registry.npmjs.org/react-dom 267ms (cache revalidated)
1144 silly packumentCache full:https://registry.npmjs.org/react-dom set size:8915576 disposed:false
1145 silly placeDep ROOT @tanstack/history@1.162.0 OK for: @tanstack/react-router@1.170.11 want: 1.162.0
1146 silly placeDep ROOT @tanstack/react-store@0.9.3 OK for: @tanstack/react-router@1.170.11 want: ^0.9.3
1147 silly placeDep ROOT @tanstack/router-core@1.171.9 OK for: @tanstack/react-router@1.170.11 want: 1.171.9
1148 silly placeDep ROOT isbot@5.1.40 OK for: @tanstack/react-router@1.170.11 want: ^5.1.22
1149 silly fetch manifest @tanstack/store@0.9.3
1150 silly packumentCache full:https://registry.npmjs.org/@tanstack%2fstore cache-miss
1151 silly fetch manifest cookie-es@^3.0.0
1152 silly packumentCache full:https://registry.npmjs.org/cookie-es cache-miss
1153 silly fetch manifest seroval@^1.5.4
1154 silly packumentCache full:https://registry.npmjs.org/seroval cache-miss
1155 http fetch GET 200 https://registry.npmjs.org/cookie-es 402ms (cache miss)
1156 silly packumentCache full:https://registry.npmjs.org/cookie-es set size:undefined disposed:false
1157 silly fetch manifest seroval-plugins@^1.5.4
1158 silly packumentCache full:https://registry.npmjs.org/seroval-plugins cache-miss
1159 http fetch GET 200 https://registry.npmjs.org/seroval 505ms (cache miss)
1160 silly packumentCache full:https://registry.npmjs.org/seroval set size:undefined disposed:false
1161 http fetch GET 200 https://registry.npmjs.org/@tanstack%2fstore 732ms (cache miss)
1162 silly packumentCache full:https://registry.npmjs.org/@tanstack%2fstore set size:undefined disposed:false
1163 http fetch GET 200 https://registry.npmjs.org/seroval-plugins 373ms (cache miss)
1164 silly packumentCache full:https://registry.npmjs.org/seroval-plugins set size:undefined disposed:false
1165 silly fetch manifest @rspack/core@>=2.0.0-0
1166 silly packumentCache full:https://registry.npmjs.org/@rspack%2fcore cache-miss
1167 http fetch GET 200 https://registry.npmjs.org/@rspack%2fcore 1015ms (cache miss)
1168 silly packumentCache full:https://registry.npmjs.org/@rspack%2fcore set size:undefined disposed:false
1169 silly fetch manifest @module-federation/runtime-tools@^0.24.1 || ^2.0.0
1170 silly packumentCache full:https://registry.npmjs.org/@module-federation%2fruntime-tools cache-miss
1171 http fetch GET 200 https://registry.npmjs.org/@module-federation%2fruntime-tools 947ms (cache miss)
1172 silly packumentCache full:https://registry.npmjs.org/@module-federation%2fruntime-tools set size:undefined disposed:false
1173 silly fetch manifest @swc/helpers@^0.5.23
1174 silly packumentCache full:https://registry.npmjs.org/@swc%2fhelpers cache-miss
1175 http fetch GET 200 https://registry.npmjs.org/@swc%2fhelpers 679ms (cache miss)
1176 silly packumentCache full:https://registry.npmjs.org/@swc%2fhelpers set size:undefined disposed:false
1177 silly fetch manifest @vitejs/plugin-rsc@>=0.5.20
1178 silly packumentCache full:https://registry.npmjs.org/@vitejs%2fplugin-rsc cache-miss
1179 http fetch GET 200 https://registry.npmjs.org/@vitejs%2fplugin-rsc 702ms (cache miss)
1180 silly packumentCache full:https://registry.npmjs.org/@vitejs%2fplugin-rsc set size:undefined disposed:false
1181 silly fetch manifest react-server-dom-webpack@*
1182 silly packumentCache full:https://registry.npmjs.org/react-server-dom-webpack cache-miss
1183 http fetch GET 200 https://registry.npmjs.org/react-server-dom-webpack 1622ms (cache miss)
1184 silly packumentCache full:https://registry.npmjs.org/react-server-dom-webpack set size:undefined disposed:false
1185 silly fetch manifest webpack@^5.59.0
1186 silly packumentCache full:https://registry.npmjs.org/webpack cache-miss
1187 http fetch GET 200 https://registry.npmjs.org/webpack 504ms (cache miss)
1188 silly packumentCache full:https://registry.npmjs.org/webpack set size:undefined disposed:false
1189 silly fetch manifest vite@>=7.0.0
1190 silly packumentCache full:https://registry.npmjs.org/vite cache-miss
1191 http cache https://registry.npmjs.org/vite 909ms (cache hit)
1192 silly packumentCache full:https://registry.npmjs.org/vite set size:38863551 disposed:false
1193 silly fetch manifest react-server-dom-rspack@>=0.0.2
1194 silly packumentCache full:https://registry.npmjs.org/react-server-dom-rspack cache-miss
1195 http fetch GET 200 https://registry.npmjs.org/react-server-dom-rspack 337ms (cache miss)
1196 silly packumentCache full:https://registry.npmjs.org/react-server-dom-rspack set size:undefined disposed:false
1197 silly placeDep ROOT @tanstack/react-start-client@1.168.8 OK for: @tanstack/react-start@1.168.19 want: 1.168.8
1198 silly placeDep node_modules/@tanstack/react-start @tanstack/react-start-rsc@0.1.18 CONFLICT for: @tanstack/react-start@1.168.19 want: 0.1.18
1199 silly placeDep ROOT @tanstack/react-start-server@1.167.14 OK for: @tanstack/react-start@1.168.19 want: 1.167.14
1200 silly placeDep ROOT @tanstack/router-utils@1.162.1 OK for: @tanstack/react-start@1.168.19 want: 1.162.1
1201 silly placeDep ROOT @tanstack/start-client-core@1.170.7 OK for: @tanstack/react-start@1.168.19 want: 1.170.7
1202 silly placeDep ROOT @tanstack/start-plugin-core@1.171.11 OK for: @tanstack/react-start@1.168.19 want: 1.171.11
1203 silly placeDep ROOT @tanstack/start-server-core@1.169.9 OK for: @tanstack/react-start@1.168.19 want: 1.169.9
1204 silly placeDep ROOT pathe@2.0.3 OK for: @tanstack/react-start@1.168.19 want: ^2.0.3
1205 silly fetch manifest @tanstack/start-fn-stubs@1.162.0
1206 silly packumentCache full:https://registry.npmjs.org/@tanstack%2fstart-fn-stubs cache-miss
1207 silly fetch manifest @tanstack/start-storage-context@1.167.11
1208 silly packumentCache full:https://registry.npmjs.org/@tanstack%2fstart-storage-context cache-miss
1209 silly fetch manifest @babel/core@^7.28.5
1210 silly packumentCache full:https://registry.npmjs.org/@babel%2fcore cache-hit
1211 silly fetch manifest @babel/generator@^7.28.5
1212 silly packumentCache full:https://registry.npmjs.org/@babel%2fgenerator cache-miss
1213 http fetch GET 200 https://registry.npmjs.org/@babel%2fgenerator 136ms (cache miss)
1214 silly packumentCache full:https://registry.npmjs.org/@babel%2fgenerator set size:undefined disposed:false
1215 silly fetch manifest @babel/parser@^7.28.5
1216 silly packumentCache full:https://registry.npmjs.org/@babel%2fparser cache-miss
1217 http fetch GET 200 https://registry.npmjs.org/@babel%2fparser 301ms (cache miss)
1218 silly packumentCache full:https://registry.npmjs.org/@babel%2fparser set size:undefined disposed:false
1219 silly fetch manifest @babel/types@^7.28.5
1220 silly packumentCache full:https://registry.npmjs.org/@babel%2ftypes cache-miss
1221 http fetch GET 200 https://registry.npmjs.org/@babel%2ftypes 130ms (cache miss)
1222 silly packumentCache full:https://registry.npmjs.org/@babel%2ftypes set size:undefined disposed:false
1223 silly fetch manifest ansis@^4.1.0
1224 silly packumentCache full:https://registry.npmjs.org/ansis cache-miss
1225 http fetch GET 200 https://registry.npmjs.org/@tanstack%2fstart-fn-stubs 750ms (cache miss)
1226 silly packumentCache full:https://registry.npmjs.org/@tanstack%2fstart-fn-stubs set size:undefined disposed:false
1227 silly fetch manifest babel-dead-code-elimination@^1.0.12
1228 silly packumentCache full:https://registry.npmjs.org/babel-dead-code-elimination cache-miss
1229 http fetch GET 200 https://registry.npmjs.org/@tanstack%2fstart-storage-context 874ms (cache miss)
1230 silly packumentCache full:https://registry.npmjs.org/@tanstack%2fstart-storage-context set size:undefined disposed:false
1231 silly fetch manifest diff@^8.0.2
1232 silly packumentCache full:https://registry.npmjs.org/diff cache-miss
1233 http fetch GET 200 https://registry.npmjs.org/ansis 357ms (cache miss)
1234 silly packumentCache full:https://registry.npmjs.org/ansis set size:undefined disposed:false
1235 silly fetch manifest @babel/code-frame@7.27.1
1236 silly packumentCache full:https://registry.npmjs.org/@babel%2fcode-frame cache-miss
1237 http fetch GET 200 https://registry.npmjs.org/babel-dead-code-elimination 349ms (cache miss)
1238 silly packumentCache full:https://registry.npmjs.org/babel-dead-code-elimination set size:undefined disposed:false
1239 silly fetch manifest @rolldown/pluginutils@1.0.1
1240 silly packumentCache full:https://registry.npmjs.org/@rolldown%2fpluginutils cache-hit
1241 silly fetch manifest exsolve@^1.0.7
1242 silly packumentCache full:https://registry.npmjs.org/exsolve cache-miss
1243 http fetch GET 200 https://registry.npmjs.org/@babel%2fcode-frame 106ms (cache miss)
1244 silly packumentCache full:https://registry.npmjs.org/@babel%2fcode-frame set size:undefined disposed:false
1245 silly fetch manifest source-map@^0.7.6
1246 silly packumentCache full:https://registry.npmjs.org/source-map cache-miss
1247 http fetch GET 200 https://registry.npmjs.org/diff 362ms (cache miss)
1248 silly packumentCache full:https://registry.npmjs.org/diff set size:undefined disposed:false
1249 silly fetch manifest srvx@^0.11.9
1250 silly packumentCache full:https://registry.npmjs.org/srvx cache-miss
1251 http fetch GET 200 https://registry.npmjs.org/exsolve 326ms (cache miss)
1252 silly packumentCache full:https://registry.npmjs.org/exsolve set size:undefined disposed:false
1253 silly fetch manifest ufo@^1.5.4
1254 silly packumentCache full:https://registry.npmjs.org/ufo cache-miss
1255 http fetch GET 200 https://registry.npmjs.org/source-map 343ms (cache miss)
1256 silly packumentCache full:https://registry.npmjs.org/source-map set size:undefined disposed:false
1257 silly fetch manifest vitefu@^1.1.1
1258 silly packumentCache full:https://registry.npmjs.org/vitefu cache-miss
1259 http fetch GET 200 https://registry.npmjs.org/srvx 325ms (cache miss)
1260 silly packumentCache full:https://registry.npmjs.org/srvx set size:undefined disposed:false
1261 silly fetch manifest xmlbuilder2@^4.0.3
1262 silly packumentCache full:https://registry.npmjs.org/xmlbuilder2 cache-miss
1263 http fetch GET 200 https://registry.npmjs.org/ufo 333ms (cache miss)
1264 silly packumentCache full:https://registry.npmjs.org/ufo set size:undefined disposed:false
1265 silly fetch manifest zod@^4.4.3
1266 silly packumentCache full:https://registry.npmjs.org/zod cache-miss
1267 http cache https://registry.npmjs.org/zod 38ms (cache hit)
1268 silly packumentCache full:https://registry.npmjs.org/zod set size:3552562 disposed:false
1269 silly fetch manifest @tanstack/router-generator@1.167.13
1270 silly packumentCache full:https://registry.npmjs.org/@tanstack%2frouter-generator cache-miss
1271 http fetch GET 200 https://registry.npmjs.org/vitefu 467ms (cache miss)
1272 silly packumentCache full:https://registry.npmjs.org/vitefu set size:undefined disposed:false
1273 silly fetch manifest @tanstack/router-plugin@1.168.14
1274 silly packumentCache full:https://registry.npmjs.org/@tanstack%2frouter-plugin cache-miss
1275 http fetch GET 200 https://registry.npmjs.org/xmlbuilder2 399ms (cache miss)
1276 silly packumentCache full:https://registry.npmjs.org/xmlbuilder2 set size:undefined disposed:false
1277 silly fetch manifest fetchdts@^0.1.6
1278 silly packumentCache full:https://registry.npmjs.org/fetchdts cache-miss
1279 http fetch GET 200 https://registry.npmjs.org/fetchdts 389ms (cache miss)
1280 silly packumentCache full:https://registry.npmjs.org/fetchdts set size:undefined disposed:false
1281 silly fetch manifest h3-v2@npm:h3@2.0.1-rc.20
1282 silly packumentCache full:https://registry.npmjs.org/h3 cache-miss
1283 http fetch GET 200 https://registry.npmjs.org/h3 562ms (cache miss)
1284 silly packumentCache full:https://registry.npmjs.org/h3 set size:undefined disposed:false
1285 http fetch GET 200 https://registry.npmjs.org/@tanstack%2frouter-generator 1366ms (cache miss)
1286 silly packumentCache full:https://registry.npmjs.org/@tanstack%2frouter-generator set size:undefined disposed:false
1287 http fetch GET 200 https://registry.npmjs.org/@tanstack%2frouter-plugin 1767ms (cache miss)
1288 silly packumentCache full:https://registry.npmjs.org/@tanstack%2frouter-plugin set size:undefined disposed:false
1289 silly placeDep ROOT @tanstack/store@0.9.3 OK for: @tanstack/react-store@0.9.3 want: 0.9.3
1290 silly placeDep ROOT cookie-es@3.1.1 OK for: @tanstack/router-core@1.171.9 want: ^3.0.0
1291 silly placeDep ROOT seroval@1.5.4 OK for: @tanstack/router-core@1.171.9 want: ^1.5.4
1292 silly placeDep ROOT seroval-plugins@1.5.4 OK for: @tanstack/router-core@1.171.9 want: ^1.5.4
1293 silly placeDep ROOT @babel/core@7.29.7 OK for: @tanstack/router-utils@1.162.1 want: ^7.28.5
1294 silly placeDep ROOT @babel/generator@7.29.7 OK for: @tanstack/router-utils@1.162.1 want: ^7.28.5
1295 silly placeDep ROOT @babel/parser@7.29.7 OK for: @tanstack/router-utils@1.162.1 want: ^7.28.5
1296 silly placeDep ROOT @babel/types@7.29.7 OK for: @tanstack/router-utils@1.162.1 want: ^7.28.5
1297 silly placeDep ROOT ansis@4.3.1 OK for: @tanstack/router-utils@1.162.1 want: ^4.1.0
1298 silly placeDep ROOT babel-dead-code-elimination@1.0.12 OK for: @tanstack/router-utils@1.162.1 want: ^1.0.12
1299 silly placeDep ROOT diff@8.0.4 OK for: @tanstack/router-utils@1.162.1 want: ^8.0.2
1300 silly placeDep ROOT tinyglobby@0.2.17 OK for: @tanstack/router-utils@1.162.1 want: ^0.2.15
1301 silly fetch manifest @babel/code-frame@^7.29.7
1302 silly packumentCache full:https://registry.npmjs.org/@babel%2fcode-frame cache-miss
1303 silly fetch manifest @babel/generator@^7.29.7
1304 silly packumentCache full:https://registry.npmjs.org/@babel%2fgenerator cache-miss
1305 silly fetch manifest @babel/helper-compilation-targets@^7.29.7
1306 silly packumentCache full:https://registry.npmjs.org/@babel%2fhelper-compilation-targets cache-miss
1307 http cache https://registry.npmjs.org/@babel%2fcode-frame 63ms (cache hit)
1308 silly packumentCache full:https://registry.npmjs.org/@babel%2fcode-frame set size:204481 disposed:false
1309 silly fetch manifest @babel/helper-module-transforms@^7.29.7
1310 silly packumentCache full:https://registry.npmjs.org/@babel%2fhelper-module-transforms cache-miss
1311 http cache https://registry.npmjs.org/@babel%2fgenerator 98ms (cache hit)
1312 silly packumentCache full:https://registry.npmjs.org/@babel%2fgenerator set size:518214 disposed:false
1313 silly fetch manifest @babel/helpers@^7.29.7
1314 silly packumentCache full:https://registry.npmjs.org/@babel%2fhelpers cache-miss
1315 http fetch GET 200 https://registry.npmjs.org/@babel%2fhelper-compilation-targets 232ms (cache miss)
1316 silly packumentCache full:https://registry.npmjs.org/@babel%2fhelper-compilation-targets set size:undefined disposed:false
1317 silly fetch manifest @babel/parser@^7.29.7
1318 silly packumentCache full:https://registry.npmjs.org/@babel%2fparser cache-miss
1319 http fetch GET 200 https://registry.npmjs.org/@babel%2fhelper-module-transforms 216ms (cache miss)
1320 silly packumentCache full:https://registry.npmjs.org/@babel%2fhelper-module-transforms set size:undefined disposed:false
1321 silly fetch manifest @babel/template@^7.29.7
1322 silly packumentCache full:https://registry.npmjs.org/@babel%2ftemplate cache-miss
1323 http cache https://registry.npmjs.org/@babel%2fparser 79ms (cache hit)
1324 silly packumentCache full:https://registry.npmjs.org/@babel%2fparser set size:730539 disposed:false
1325 silly fetch manifest @babel/traverse@^7.29.7
1326 silly packumentCache full:https://registry.npmjs.org/@babel%2ftraverse cache-miss
1327 http fetch GET 200 https://registry.npmjs.org/@babel%2fhelpers 279ms (cache miss)
1328 silly packumentCache full:https://registry.npmjs.org/@babel%2fhelpers set size:undefined disposed:false
1329 silly fetch manifest @babel/types@^7.29.7
1330 silly packumentCache full:https://registry.npmjs.org/@babel%2ftypes cache-miss
1331 http fetch GET 200 https://registry.npmjs.org/@babel%2ftemplate 172ms (cache miss)
1332 silly packumentCache full:https://registry.npmjs.org/@babel%2ftemplate set size:undefined disposed:false
1333 silly fetch manifest convert-source-map@^2.0.0
1334 silly packumentCache full:https://registry.npmjs.org/convert-source-map cache-miss
1335 http cache https://registry.npmjs.org/@babel%2ftypes 100ms (cache hit)
1336 silly packumentCache full:https://registry.npmjs.org/@babel%2ftypes set size:496342 disposed:false
1337 silly fetch manifest debug@^4.1.0
1338 silly packumentCache full:https://registry.npmjs.org/debug cache-hit
1339 silly fetch manifest gensync@^1.0.0-beta.2
1340 silly packumentCache full:https://registry.npmjs.org/gensync cache-miss
1341 http fetch GET 200 https://registry.npmjs.org/@babel%2ftraverse 258ms (cache miss)
1342 silly packumentCache full:https://registry.npmjs.org/@babel%2ftraverse set size:undefined disposed:false
1343 silly fetch manifest json5@^2.2.3
1344 silly packumentCache full:https://registry.npmjs.org/json5 cache-miss
1345 http fetch GET 200 https://registry.npmjs.org/gensync 125ms (cache miss)
1346 silly packumentCache full:https://registry.npmjs.org/gensync set size:undefined disposed:false
1347 silly fetch manifest semver@^6.3.1
1348 silly packumentCache full:https://registry.npmjs.org/semver cache-miss
1349 http fetch GET 200 https://registry.npmjs.org/convert-source-map 168ms (cache miss)
1350 silly packumentCache full:https://registry.npmjs.org/convert-source-map set size:undefined disposed:false
1351 silly fetch manifest jsesc@^3.0.2
1352 silly packumentCache full:https://registry.npmjs.org/jsesc cache-miss
1353 http fetch GET 200 https://registry.npmjs.org/json5 139ms (cache miss)
1354 silly packumentCache full:https://registry.npmjs.org/json5 set size:undefined disposed:false
1355 silly fetch manifest @babel/helper-string-parser@^7.29.7
1356 silly packumentCache full:https://registry.npmjs.org/@babel%2fhelper-string-parser cache-miss
1357 http fetch GET 200 https://registry.npmjs.org/jsesc 120ms (cache miss)
1358 silly packumentCache full:https://registry.npmjs.org/jsesc set size:undefined disposed:false
1359 silly fetch manifest @babel/helper-validator-identifier@^7.29.7
1360 silly packumentCache full:https://registry.npmjs.org/@babel%2fhelper-validator-identifier cache-miss
1361 http fetch GET 200 https://registry.npmjs.org/semver 144ms (cache miss)
1362 silly packumentCache full:https://registry.npmjs.org/semver set size:undefined disposed:false
1363 silly fetch manifest @babel/traverse@^7.23.7
1364 silly packumentCache full:https://registry.npmjs.org/@babel%2ftraverse cache-miss
1365 http cache https://registry.npmjs.org/@babel%2ftraverse 25ms (cache hit)
1366 silly packumentCache full:https://registry.npmjs.org/@babel%2ftraverse set size:557773 disposed:false
1367 silly fetch manifest picomatch@^4.0.4
1368 silly packumentCache full:https://registry.npmjs.org/picomatch cache-hit
1369 http fetch GET 200 https://registry.npmjs.org/@babel%2fhelper-string-parser 120ms (cache miss)
1370 silly packumentCache full:https://registry.npmjs.org/@babel%2fhelper-string-parser set size:undefined disposed:false
1371 http fetch GET 200 https://registry.npmjs.org/@babel%2fhelper-validator-identifier 116ms (cache miss)
1372 silly packumentCache full:https://registry.npmjs.org/@babel%2fhelper-validator-identifier set size:undefined disposed:false
1373 silly fetch manifest @babel/core@^7.0.0
1374 silly packumentCache full:https://registry.npmjs.org/@babel%2fcore cache-hit
1375 silly placeDep ROOT @babel/code-frame@7.29.7 OK for: @babel/core@7.29.7 want: ^7.29.7
1376 silly placeDep ROOT @babel/helper-compilation-targets@7.29.7 OK for: @babel/core@7.29.7 want: ^7.29.7
1377 silly placeDep ROOT @babel/helper-module-transforms@7.29.7 OK for: @babel/core@7.29.7 want: ^7.29.7
1378 silly placeDep ROOT @babel/helpers@7.29.7 OK for: @babel/core@7.29.7 want: ^7.29.7
1379 silly placeDep ROOT @babel/template@7.29.7 OK for: @babel/core@7.29.7 want: ^7.29.7
1380 silly placeDep ROOT @babel/traverse@7.29.7 OK for: @babel/core@7.29.7 want: ^7.29.7
1381 silly placeDep ROOT convert-source-map@2.0.0 OK for: @babel/core@7.29.7 want: ^2.0.0
1382 silly placeDep ROOT debug@4.4.3 OK for: @babel/core@7.29.7 want: ^4.1.0
1383 silly placeDep ROOT gensync@1.0.0-beta.2 OK for: @babel/core@7.29.7 want: ^1.0.0-beta.2
1384 silly placeDep ROOT json5@2.2.3 OK for: @babel/core@7.29.7 want: ^2.2.3
1385 silly placeDep ROOT semver@6.3.1 OK for: @babel/core@7.29.7 want: ^6.3.1
1386 silly fetch manifest js-tokens@^4.0.0
1387 silly packumentCache full:https://registry.npmjs.org/js-tokens cache-miss
1388 silly fetch manifest picocolors@^1.1.1
1389 silly packumentCache full:https://registry.npmjs.org/picocolors cache-miss
1390 silly fetch manifest @babel/compat-data@^7.29.7
1391 silly packumentCache full:https://registry.npmjs.org/@babel%2fcompat-data cache-miss
1392 http fetch GET 200 https://registry.npmjs.org/js-tokens 133ms (cache miss)
1393 silly packumentCache full:https://registry.npmjs.org/js-tokens set size:undefined disposed:false
1394 silly fetch manifest @babel/helper-validator-option@^7.29.7
1395 silly packumentCache full:https://registry.npmjs.org/@babel%2fhelper-validator-option cache-miss
1396 http fetch GET 200 https://registry.npmjs.org/picocolors 153ms (cache miss)
1397 silly packumentCache full:https://registry.npmjs.org/picocolors set size:undefined disposed:false
1398 silly fetch manifest browserslist@^4.24.0
1399 silly packumentCache full:https://registry.npmjs.org/browserslist cache-miss
1400 http fetch GET 200 https://registry.npmjs.org/@babel%2fcompat-data 183ms (cache miss)
1401 silly packumentCache full:https://registry.npmjs.org/@babel%2fcompat-data set size:undefined disposed:false
1402 silly fetch manifest lru-cache@^5.1.1
1403 silly packumentCache full:https://registry.npmjs.org/lru-cache cache-miss
1404 http fetch GET 200 https://registry.npmjs.org/@babel%2fhelper-validator-option 164ms (cache miss)
1405 silly packumentCache full:https://registry.npmjs.org/@babel%2fhelper-validator-option set size:undefined disposed:false
1406 silly fetch manifest @babel/helper-module-imports@^7.29.7
1407 silly packumentCache full:https://registry.npmjs.org/@babel%2fhelper-module-imports cache-miss
1408 http fetch GET 200 https://registry.npmjs.org/browserslist 237ms (cache miss)
1409 silly packumentCache full:https://registry.npmjs.org/browserslist set size:undefined disposed:false
1410 silly fetch manifest @babel/helper-globals@^7.29.7
1411 silly packumentCache full:https://registry.npmjs.org/@babel%2fhelper-globals cache-miss
1412 http fetch GET 200 https://registry.npmjs.org/lru-cache 267ms (cache miss)
1413 silly packumentCache full:https://registry.npmjs.org/lru-cache set size:undefined disposed:false
1414 silly fetch manifest debug@^4.3.1
1415 silly packumentCache full:https://registry.npmjs.org/debug cache-hit
1416 silly fetch manifest ms@^2.1.3
1417 silly packumentCache full:https://registry.npmjs.org/ms cache-miss
1418 http fetch GET 200 https://registry.npmjs.org/@babel%2fhelper-module-imports 223ms (cache miss)
1419 silly packumentCache full:https://registry.npmjs.org/@babel%2fhelper-module-imports set size:undefined disposed:false
1420 http fetch GET 200 https://registry.npmjs.org/@babel%2fhelper-globals 138ms (cache miss)
1421 silly packumentCache full:https://registry.npmjs.org/@babel%2fhelper-globals set size:undefined disposed:false
1422 http fetch GET 200 https://registry.npmjs.org/ms 95ms (cache miss)
1423 silly packumentCache full:https://registry.npmjs.org/ms set size:undefined disposed:false
1424 silly placeDep ROOT @babel/helper-validator-identifier@7.29.7 OK for: @babel/code-frame@7.29.7 want: ^7.29.7
1425 silly placeDep ROOT js-tokens@4.0.0 OK for: @babel/code-frame@7.29.7 want: ^4.0.0
1426 silly placeDep ROOT picocolors@1.1.1 OK for: @babel/code-frame@7.29.7 want: ^1.1.1
1427 silly placeDep ROOT jsesc@3.1.0 OK for: @babel/generator@7.29.7 want: ^3.0.2
1428 silly placeDep ROOT @babel/compat-data@7.29.7 OK for: @babel/helper-compilation-targets@7.29.7 want: ^7.29.7
1429 silly placeDep ROOT @babel/helper-validator-option@7.29.7 OK for: @babel/helper-compilation-targets@7.29.7 want: ^7.29.7
1430 silly placeDep ROOT browserslist@4.28.2 OK for: @babel/helper-compilation-targets@7.29.7 want: ^4.24.0
1431 silly placeDep ROOT lru-cache@5.1.1 OK for: @babel/helper-compilation-targets@7.29.7 want: ^5.1.1
1432 silly fetch manifest baseline-browser-mapping@^2.10.12
1433 silly packumentCache full:https://registry.npmjs.org/baseline-browser-mapping cache-miss
1434 silly fetch manifest caniuse-lite@^1.0.30001782
1435 silly packumentCache full:https://registry.npmjs.org/caniuse-lite cache-miss
1436 silly fetch manifest electron-to-chromium@^1.5.328
1437 silly packumentCache full:https://registry.npmjs.org/electron-to-chromium cache-miss
1438 http fetch GET 200 https://registry.npmjs.org/baseline-browser-mapping 245ms (cache miss)
1439 silly packumentCache full:https://registry.npmjs.org/baseline-browser-mapping set size:undefined disposed:false
1440 silly fetch manifest node-releases@^2.0.36
1441 silly packumentCache full:https://registry.npmjs.org/node-releases cache-miss
1442 http fetch GET 200 https://registry.npmjs.org/node-releases 141ms (cache miss)
1443 silly packumentCache full:https://registry.npmjs.org/node-releases set size:undefined disposed:false
1444 silly fetch manifest update-browserslist-db@^1.2.3
1445 silly packumentCache full:https://registry.npmjs.org/update-browserslist-db cache-miss
1446 http fetch GET 200 https://registry.npmjs.org/update-browserslist-db 93ms (cache miss)
1447 silly packumentCache full:https://registry.npmjs.org/update-browserslist-db set size:undefined disposed:false
1448 silly fetch manifest yallist@^3.0.2
1449 silly packumentCache full:https://registry.npmjs.org/yallist cache-miss
1450 http fetch GET 200 https://registry.npmjs.org/caniuse-lite 547ms (cache miss)
1451 silly packumentCache full:https://registry.npmjs.org/caniuse-lite set size:undefined disposed:false
1452 http fetch GET 200 https://registry.npmjs.org/yallist 141ms (cache miss)
1453 silly packumentCache full:https://registry.npmjs.org/yallist set size:undefined disposed:false
1454 http fetch GET 200 https://registry.npmjs.org/electron-to-chromium 866ms (cache miss)
1455 silly packumentCache full:https://registry.npmjs.org/electron-to-chromium set size:undefined disposed:false
1456 silly placeDep ROOT @babel/helper-module-imports@7.29.7 OK for: @babel/helper-module-transforms@7.29.7 want: ^7.29.7
1457 silly placeDep ROOT @babel/helper-globals@7.29.7 OK for: @babel/traverse@7.29.7 want: ^7.29.7
1458 silly placeDep ROOT @babel/helper-string-parser@7.29.7 OK for: @babel/types@7.29.7 want: ^7.29.7
1459 silly placeDep ROOT @tanstack/start-fn-stubs@1.162.0 OK for: @tanstack/start-client-core@1.170.7 want: 1.162.0
1460 silly placeDep ROOT @tanstack/start-storage-context@1.167.11 OK for: @tanstack/start-client-core@1.170.7 want: 1.167.11
1461 silly fetch manifest @tanstack/react-router@^1.170.11
1462 silly packumentCache full:https://registry.npmjs.org/@tanstack%2freact-router cache-miss
1463 http fetch GET 200 https://registry.npmjs.org/@tanstack%2freact-router 847ms (cache revalidated)
1464 silly packumentCache full:https://registry.npmjs.org/@tanstack%2freact-router set size:3591424 disposed:false
1465 silly fetch manifest vite-plugin-solid@^2.11.10 || ^3.0.0-0
1466 silly packumentCache full:https://registry.npmjs.org/vite-plugin-solid cache-miss
1467 http fetch GET 200 https://registry.npmjs.org/vite-plugin-solid 369ms (cache miss)
1468 silly packumentCache full:https://registry.npmjs.org/vite-plugin-solid set size:undefined disposed:false
1469 silly fetch manifest @testing-library/jest-dom@^5.16.6 || ^5.17.0 || ^6.*
1470 silly packumentCache full:https://registry.npmjs.org/@testing-library%2fjest-dom cache-miss
1471 http fetch GET 200 https://registry.npmjs.org/@testing-library%2fjest-dom 790ms (cache miss)
1472 silly packumentCache full:https://registry.npmjs.org/@testing-library%2fjest-dom set size:undefined disposed:false
1473 silly fetch manifest solid-js@^1.7.2
1474 silly packumentCache full:https://registry.npmjs.org/solid-js cache-miss
1475 http fetch GET 200 https://registry.npmjs.org/solid-js 751ms (cache miss)
1476 silly packumentCache full:https://registry.npmjs.org/solid-js set size:undefined disposed:false
1477 silly fetch manifest webpack@>=5.92.0
1478 silly packumentCache full:https://registry.npmjs.org/webpack cache-miss
1479 http cache https://registry.npmjs.org/webpack 137ms (cache hit)
1480 silly packumentCache full:https://registry.npmjs.org/webpack set size:5034153 disposed:false
1481 silly placeDep node_modules/@tanstack/start-plugin-core @babel/code-frame@7.27.1 OK for: @tanstack/start-plugin-core@1.171.11 want: 7.27.1
1482 silly placeDep ROOT @rolldown/pluginutils@1.0.1 OK for: @tanstack/start-plugin-core@1.171.11 want: 1.0.1
1483 silly placeDep ROOT @tanstack/router-generator@1.167.13 OK for: @tanstack/start-plugin-core@1.171.11 want: 1.167.13
1484 silly placeDep ROOT @tanstack/router-plugin@1.168.14 OK for: @tanstack/start-plugin-core@1.171.11 want: 1.168.14
1485 silly placeDep ROOT exsolve@1.0.8 OK for: @tanstack/start-plugin-core@1.171.11 want: ^1.0.7
1486 silly placeDep ROOT picomatch@4.0.4 OK for: @tanstack/start-plugin-core@1.171.11 want: ^4.0.3
1487 silly placeDep ROOT source-map@0.7.6 OK for: @tanstack/start-plugin-core@1.171.11 want: ^0.7.6
1488 silly placeDep ROOT srvx@0.11.16 OK for: @tanstack/start-plugin-core@1.171.11 want: ^0.11.9
1489 silly placeDep ROOT ufo@1.6.4 OK for: @tanstack/start-plugin-core@1.171.11 want: ^1.5.4
1490 silly placeDep ROOT vitefu@1.1.3 OK for: @tanstack/start-plugin-core@1.171.11 want: ^1.1.1
1491 silly placeDep ROOT xmlbuilder2@4.0.3 OK for: @tanstack/start-plugin-core@1.171.11 want: ^4.0.3
1492 silly placeDep node_modules/@tanstack/start-plugin-core zod@4.4.3 OK for: @tanstack/start-plugin-core@1.171.11 want: ^4.4.3
1493 silly fetch manifest @tanstack/virtual-file-routes@1.162.0
1494 silly packumentCache full:https://registry.npmjs.org/@tanstack%2fvirtual-file-routes cache-miss
1495 silly fetch manifest @babel/plugin-syntax-jsx@^7.27.1
1496 silly packumentCache full:https://registry.npmjs.org/@babel%2fplugin-syntax-jsx cache-miss
1497 silly fetch manifest @babel/plugin-syntax-typescript@^7.27.1
1498 silly packumentCache full:https://registry.npmjs.org/@babel%2fplugin-syntax-typescript cache-miss
1499 http fetch GET 200 https://registry.npmjs.org/@babel%2fplugin-syntax-jsx 630ms (cache miss)
1500 silly packumentCache full:https://registry.npmjs.org/@babel%2fplugin-syntax-jsx set size:undefined disposed:false
1501 silly fetch manifest chokidar@^5.0.0
1502 silly packumentCache full:https://registry.npmjs.org/chokidar cache-miss
1503 http fetch GET 200 https://registry.npmjs.org/@babel%2fplugin-syntax-typescript 658ms (cache miss)
1504 silly packumentCache full:https://registry.npmjs.org/@babel%2fplugin-syntax-typescript set size:undefined disposed:false
1505 silly fetch manifest unplugin@^3.0.0
1506 silly packumentCache full:https://registry.npmjs.org/unplugin cache-miss
1507 http fetch GET 200 https://registry.npmjs.org/@tanstack%2fvirtual-file-routes 724ms (cache miss)
1508 silly packumentCache full:https://registry.npmjs.org/@tanstack%2fvirtual-file-routes set size:undefined disposed:false
1509 silly fetch manifest @oozcitak/dom@^2.0.2
1510 silly packumentCache full:https://registry.npmjs.org/@oozcitak%2fdom cache-miss
1511 http fetch GET 200 https://registry.npmjs.org/chokidar 382ms (cache miss)
1512 silly packumentCache full:https://registry.npmjs.org/chokidar set size:undefined disposed:false
1513 silly fetch manifest @oozcitak/infra@^2.0.2
1514 silly packumentCache full:https://registry.npmjs.org/@oozcitak%2finfra cache-miss
1515 http fetch GET 200 https://registry.npmjs.org/unplugin 380ms (cache miss)
1516 silly packumentCache full:https://registry.npmjs.org/unplugin set size:undefined disposed:false
1517 silly fetch manifest @oozcitak/util@^10.0.0
1518 silly packumentCache full:https://registry.npmjs.org/@oozcitak%2futil cache-miss
1519 http fetch GET 200 https://registry.npmjs.org/@oozcitak%2fdom 1095ms (cache miss)
1520 silly packumentCache full:https://registry.npmjs.org/@oozcitak%2fdom set size:undefined disposed:false
1521 silly fetch manifest js-yaml@^4.1.1
1522 silly packumentCache full:https://registry.npmjs.org/js-yaml cache-miss
1523 http fetch GET 200 https://registry.npmjs.org/@oozcitak%2finfra 817ms (cache miss)
1524 silly packumentCache full:https://registry.npmjs.org/@oozcitak%2finfra set size:undefined disposed:false
1525 http fetch GET 200 https://registry.npmjs.org/@oozcitak%2futil 798ms (cache miss)
1526 silly packumentCache full:https://registry.npmjs.org/@oozcitak%2futil set size:undefined disposed:false
1527 http fetch GET 200 https://registry.npmjs.org/js-yaml 353ms (cache miss)
1528 silly packumentCache full:https://registry.npmjs.org/js-yaml set size:undefined disposed:false
1529 silly placeDep ROOT @tanstack/virtual-file-routes@1.162.0 OK for: @tanstack/router-generator@1.167.13 want: 1.162.0
1530 silly placeDep node_modules/@tanstack/router-generator zod@4.4.3 OK for: @tanstack/router-generator@1.167.13 want: ^4.4.3
1531 silly placeDep ROOT @babel/plugin-syntax-jsx@7.29.7 OK for: @tanstack/router-plugin@1.168.14 want: ^7.27.1
1532 silly placeDep ROOT @babel/plugin-syntax-typescript@7.29.7 OK for: @tanstack/router-plugin@1.168.14 want: ^7.27.1
1533 silly placeDep ROOT chokidar@5.0.0 OK for: @tanstack/router-plugin@1.168.14 want: ^5.0.0
1534 silly placeDep ROOT unplugin@3.0.0 OK for: @tanstack/router-plugin@1.168.14 want: ^3.0.0
1535 silly placeDep node_modules/@tanstack/router-plugin zod@4.4.3 OK for: @tanstack/router-plugin@1.168.14 want: ^4.4.3
1536 silly fetch manifest @babel/helper-plugin-utils@^7.29.7
1537 silly packumentCache full:https://registry.npmjs.org/@babel%2fhelper-plugin-utils cache-miss
1538 silly fetch manifest @babel/helper-plugin-utils@^7.29.7
1539 silly packumentCache full:https://registry.npmjs.org/@babel%2fhelper-plugin-utils cache-miss
1540 silly fetch manifest readdirp@^5.0.0
1541 silly packumentCache full:https://registry.npmjs.org/readdirp cache-miss
1542 http fetch GET 200 https://registry.npmjs.org/@babel%2fhelper-plugin-utils 118ms (cache miss)
1543 silly packumentCache full:https://registry.npmjs.org/@babel%2fhelper-plugin-utils set size:undefined disposed:false
1544 silly fetch manifest webpack-virtual-modules@^0.6.2
1545 silly packumentCache full:https://registry.npmjs.org/webpack-virtual-modules cache-miss
1546 http fetch GET 200 https://registry.npmjs.org/@babel%2fhelper-plugin-utils 140ms (cache miss)
1547 silly packumentCache full:https://registry.npmjs.org/@babel%2fhelper-plugin-utils set size:undefined disposed:false
1548 http fetch GET 200 https://registry.npmjs.org/readdirp 369ms (cache miss)
1549 silly packumentCache full:https://registry.npmjs.org/readdirp set size:undefined disposed:false
1550 http fetch GET 200 https://registry.npmjs.org/webpack-virtual-modules 322ms (cache miss)
1551 silly packumentCache full:https://registry.npmjs.org/webpack-virtual-modules set size:undefined disposed:false
1552 silly placeDep ROOT @babel/helper-plugin-utils@7.29.7 OK for: @babel/plugin-syntax-jsx@7.29.7 want: ^7.29.7
1553 silly fetch manifest crossws@^0.4.1
1554 silly packumentCache full:https://registry.npmjs.org/crossws cache-miss
1555 http fetch GET 200 https://registry.npmjs.org/crossws 328ms (cache miss)
1556 silly packumentCache full:https://registry.npmjs.org/crossws set size:undefined disposed:false
1557 silly fetch manifest srvx@>=0.11.5
1558 silly packumentCache full:https://registry.npmjs.org/srvx cache-miss
1559 http cache https://registry.npmjs.org/srvx 25ms (cache hit)
1560 silly packumentCache full:https://registry.npmjs.org/srvx set size:248298 disposed:false
1561 silly placeDep ROOT fetchdts@0.1.7 OK for: @tanstack/start-server-core@1.169.9 want: ^0.1.6
1562 silly placeDep ROOT h3-v2@2.0.1-rc.20 OK for: @tanstack/start-server-core@1.169.9 want: npm:h3@2.0.1-rc.20
1563 silly fetch manifest rou3@^0.8.1
1564 silly packumentCache full:https://registry.npmjs.org/rou3 cache-miss
1565 http fetch GET 200 https://registry.npmjs.org/rou3 314ms (cache miss)
1566 silly packumentCache full:https://registry.npmjs.org/rou3 set size:undefined disposed:false
1567 silly placeDep ROOT undici-types@7.24.6 OK for: @types/node@25.9.1 want: >=7.24.0 <7.24.7
1568 silly placeDep ROOT csstype@3.2.3 OK for: @types/react@19.2.16 want: ^3.2.2
1569 silly placeDep ROOT @babel/plugin-transform-react-jsx-self@7.29.7 OK for: @vitejs/plugin-react@5.2.0 want: ^7.27.1
1570 silly placeDep ROOT @babel/plugin-transform-react-jsx-source@7.29.7 OK for: @vitejs/plugin-react@5.2.0 want: ^7.27.1
1571 silly placeDep node_modules/@vitejs/plugin-react @rolldown/pluginutils@1.0.0-rc.3 OK for: @vitejs/plugin-react@5.2.0 want: 1.0.0-rc.3
1572 silly placeDep ROOT @types/babel__core@7.20.5 OK for: @vitejs/plugin-react@5.2.0 want: ^7.20.5
1573 silly placeDep ROOT react-refresh@0.18.0 OK for: @vitejs/plugin-react@5.2.0 want: ^0.18.0
1574 silly fetch manifest @types/babel__template@*
1575 silly packumentCache full:https://registry.npmjs.org/@types%2fbabel__template cache-miss
1576 silly fetch manifest @types/babel__traverse@*
1577 silly packumentCache full:https://registry.npmjs.org/@types%2fbabel__traverse cache-miss
1578 silly fetch manifest @types/babel__generator@*
1579 silly packumentCache full:https://registry.npmjs.org/@types%2fbabel__generator cache-miss
1580 http fetch GET 200 https://registry.npmjs.org/@types%2fbabel__generator 107ms (cache miss)
1581 silly packumentCache full:https://registry.npmjs.org/@types%2fbabel__generator set size:undefined disposed:false
1582 http fetch GET 200 https://registry.npmjs.org/@types%2fbabel__template 133ms (cache miss)
1583 silly packumentCache full:https://registry.npmjs.org/@types%2fbabel__template set size:undefined disposed:false
1584 http fetch GET 200 https://registry.npmjs.org/@types%2fbabel__traverse 140ms (cache miss)
1585 silly packumentCache full:https://registry.npmjs.org/@types%2fbabel__traverse set size:undefined disposed:false
1586 silly placeDep ROOT @types/babel__generator@7.27.0 OK for: @types/babel__core@7.20.5 want: *
1587 silly placeDep ROOT @types/babel__template@7.4.4 OK for: @types/babel__core@7.20.5 want: *
1588 silly placeDep ROOT @types/babel__traverse@7.28.0 OK for: @types/babel__core@7.20.5 want: *
1589 silly fetch manifest browserslist@>= 4.21.0
1590 silly packumentCache full:https://registry.npmjs.org/browserslist cache-miss
1591 http cache https://registry.npmjs.org/browserslist 18ms (cache hit)
1592 silly packumentCache full:https://registry.npmjs.org/browserslist set size:504681 disposed:false
1593 silly placeDep ROOT baseline-browser-mapping@2.10.33 OK for: browserslist@4.28.2 want: ^2.10.12
1594 silly placeDep ROOT caniuse-lite@1.0.30001793 OK for: browserslist@4.28.2 want: ^1.0.30001782
1595 silly placeDep ROOT electron-to-chromium@1.5.366 OK for: browserslist@4.28.2 want: ^1.5.328
1596 silly placeDep ROOT node-releases@2.0.47 OK for: browserslist@4.28.2 want: ^2.0.36
1597 silly placeDep ROOT update-browserslist-db@1.2.3 OK for: browserslist@4.28.2 want: ^1.2.3
1598 silly fetch manifest escalade@^3.2.0
1599 silly packumentCache full:https://registry.npmjs.org/escalade cache-miss
1600 http fetch GET 200 https://registry.npmjs.org/escalade 57ms (cache miss)
1601 silly packumentCache full:https://registry.npmjs.org/escalade set size:undefined disposed:false
1602 silly placeDep ROOT readdirp@5.0.0 OK for: chokidar@5.0.0 want: ^5.0.0
1603 silly placeDep ROOT ms@2.1.3 OK for: debug@4.4.3 want: ^2.1.3
1604 silly placeDep ROOT embla-carousel@8.6.0 OK for: embla-carousel-react@8.6.0 want: 8.6.0
1605 silly placeDep ROOT embla-carousel-reactive-utils@8.6.0 OK for: embla-carousel-react@8.6.0 want: 8.6.0
1606 silly placeDep ROOT graceful-fs@4.2.11 OK for: enhanced-resolve@5.22.1 want: ^4.2.4
1607 silly placeDep ROOT tapable@2.3.3 OK for: enhanced-resolve@5.22.1 want: ^2.3.3
1608 silly placeDep ROOT motion-dom@12.40.0 OK for: framer-motion@12.40.0 want: ^12.40.0
1609 silly placeDep ROOT motion-utils@12.39.0 OK for: framer-motion@12.40.0 want: ^12.39.0
1610 silly placeDep ROOT rou3@0.8.1 OK for: h3@2.0.1-rc.20 want: ^0.8.1
1611 silly placeDep ROOT detect-libc@2.1.2 OK for: lightningcss@1.32.0 want: ^2.0.3
1612 silly placeDep ROOT lightningcss-android-arm64@1.32.0 OK for: lightningcss@1.32.0 want: 1.32.0
1613 silly placeDep ROOT lightningcss-darwin-arm64@1.32.0 OK for: lightningcss@1.32.0 want: 1.32.0
1614 silly placeDep ROOT lightningcss-darwin-x64@1.32.0 OK for: lightningcss@1.32.0 want: 1.32.0
1615 silly placeDep ROOT lightningcss-freebsd-x64@1.32.0 OK for: lightningcss@1.32.0 want: 1.32.0
1616 silly placeDep ROOT lightningcss-linux-arm-gnueabihf@1.32.0 OK for: lightningcss@1.32.0 want: 1.32.0
1617 silly placeDep ROOT lightningcss-linux-arm64-gnu@1.32.0 OK for: lightningcss@1.32.0 want: 1.32.0
1618 silly placeDep ROOT lightningcss-linux-arm64-musl@1.32.0 OK for: lightningcss@1.32.0 want: 1.32.0
1619 silly placeDep ROOT lightningcss-linux-x64-gnu@1.32.0 OK for: lightningcss@1.32.0 want: 1.32.0
1620 silly placeDep ROOT lightningcss-linux-x64-musl@1.32.0 OK for: lightningcss@1.32.0 want: 1.32.0
1621 silly placeDep ROOT lightningcss-win32-arm64-msvc@1.32.0 OK for: lightningcss@1.32.0 want: 1.32.0
1622 silly placeDep ROOT lightningcss-win32-x64-msvc@1.32.0 OK for: lightningcss@1.32.0 want: 1.32.0
1623 silly placeDep ROOT esbuild@0.25.12 OK for: lovable-tagger@1.2.0 want: ^0.25.0
1624 silly placeDep node_modules/lovable-tagger tailwindcss@3.4.19 OK for: lovable-tagger@1.2.0 want: ^3.4.17
1625 silly fetch manifest @esbuild/aix-ppc64@0.25.12
1626 silly packumentCache full:https://registry.npmjs.org/@esbuild%2faix-ppc64 cache-miss
1627 silly fetch manifest @esbuild/linux-arm@0.25.12
1628 silly packumentCache full:https://registry.npmjs.org/@esbuild%2flinux-arm cache-miss
1629 silly fetch manifest @esbuild/linux-x64@0.25.12
1630 silly packumentCache full:https://registry.npmjs.org/@esbuild%2flinux-x64 cache-miss
1631 http fetch GET 200 https://registry.npmjs.org/@esbuild%2flinux-arm 302ms (cache miss)
1632 silly packumentCache full:https://registry.npmjs.org/@esbuild%2flinux-arm set size:undefined disposed:false
1633 silly fetch manifest @esbuild/sunos-x64@0.25.12
1634 silly packumentCache full:https://registry.npmjs.org/@esbuild%2fsunos-x64 cache-miss
1635 http fetch GET 200 https://registry.npmjs.org/@esbuild%2flinux-x64 385ms (cache miss)
1636 silly packumentCache full:https://registry.npmjs.org/@esbuild%2flinux-x64 set size:undefined disposed:false
1637 silly fetch manifest @esbuild/win32-x64@0.25.12
1638 silly packumentCache full:https://registry.npmjs.org/@esbuild%2fwin32-x64 cache-miss
1639 http fetch GET 200 https://registry.npmjs.org/@esbuild%2faix-ppc64 472ms (cache miss)
1640 silly packumentCache full:https://registry.npmjs.org/@esbuild%2faix-ppc64 set size:undefined disposed:false
1641 silly fetch manifest @esbuild/darwin-x64@0.25.12
1642 silly packumentCache full:https://registry.npmjs.org/@esbuild%2fdarwin-x64 cache-miss
1643 http fetch GET 200 https://registry.npmjs.org/@esbuild%2fdarwin-x64 110ms (cache miss)
1644 silly packumentCache full:https://registry.npmjs.org/@esbuild%2fdarwin-x64 set size:undefined disposed:false
1645 silly fetch manifest @esbuild/linux-ia32@0.25.12
1646 silly packumentCache full:https://registry.npmjs.org/@esbuild%2flinux-ia32 cache-miss
1647 http fetch GET 200 https://registry.npmjs.org/@esbuild%2fsunos-x64 290ms (cache miss)
1648 silly packumentCache full:https://registry.npmjs.org/@esbuild%2fsunos-x64 set size:undefined disposed:false
1649 silly fetch manifest @esbuild/netbsd-x64@0.25.12
1650 silly packumentCache full:https://registry.npmjs.org/@esbuild%2fnetbsd-x64 cache-miss
1651 http fetch GET 200 https://registry.npmjs.org/@esbuild%2fwin32-x64 599ms (cache miss)
1652 silly packumentCache full:https://registry.npmjs.org/@esbuild%2fwin32-x64 set size:undefined disposed:false
1653 silly fetch manifest @esbuild/win32-ia32@0.25.12
1654 silly packumentCache full:https://registry.npmjs.org/@esbuild%2fwin32-ia32 cache-miss
1655 http fetch GET 200 https://registry.npmjs.org/@esbuild%2flinux-ia32 418ms (cache miss)
1656 silly packumentCache full:https://registry.npmjs.org/@esbuild%2flinux-ia32 set size:undefined disposed:false
1657 silly fetch manifest @esbuild/android-arm@0.25.12
1658 silly packumentCache full:https://registry.npmjs.org/@esbuild%2fandroid-arm cache-miss
1659 http fetch GET 200 https://registry.npmjs.org/@esbuild%2fnetbsd-x64 402ms (cache miss)
1660 silly packumentCache full:https://registry.npmjs.org/@esbuild%2fnetbsd-x64 set size:undefined disposed:false
1661 silly fetch manifest @esbuild/android-x64@0.25.12
1662 silly packumentCache full:https://registry.npmjs.org/@esbuild%2fandroid-x64 cache-miss
1663 http fetch GET 200 https://registry.npmjs.org/@esbuild%2fandroid-arm 210ms (cache miss)
1664 silly packumentCache full:https://registry.npmjs.org/@esbuild%2fandroid-arm set size:undefined disposed:false
1665 silly fetch manifest @esbuild/freebsd-x64@0.25.12
1666 silly packumentCache full:https://registry.npmjs.org/@esbuild%2ffreebsd-x64 cache-miss
1667 http fetch GET 200 https://registry.npmjs.org/@esbuild%2fandroid-x64 281ms (cache miss)
1668 silly packumentCache full:https://registry.npmjs.org/@esbuild%2fandroid-x64 set size:undefined disposed:false
1669 silly fetch manifest @esbuild/linux-arm64@0.25.12
1670 silly packumentCache full:https://registry.npmjs.org/@esbuild%2flinux-arm64 cache-miss
1671 http fetch GET 200 https://registry.npmjs.org/@esbuild%2fwin32-ia32 405ms (cache miss)
1672 silly packumentCache full:https://registry.npmjs.org/@esbuild%2fwin32-ia32 set size:undefined disposed:false
1673 silly fetch manifest @esbuild/linux-ppc64@0.25.12
1674 silly packumentCache full:https://registry.npmjs.org/@esbuild%2flinux-ppc64 cache-miss
1675 http fetch GET 200 https://registry.npmjs.org/@esbuild%2ffreebsd-x64 228ms (cache miss)
1676 silly packumentCache full:https://registry.npmjs.org/@esbuild%2ffreebsd-x64 set size:undefined disposed:false
1677 silly fetch manifest @esbuild/linux-s390x@0.25.12
1678 silly packumentCache full:https://registry.npmjs.org/@esbuild%2flinux-s390x cache-miss
1679 http fetch GET 200 https://registry.npmjs.org/@esbuild%2flinux-ppc64 599ms (cache miss)
1680 silly packumentCache full:https://registry.npmjs.org/@esbuild%2flinux-ppc64 set size:undefined disposed:false
1681 silly fetch manifest @esbuild/openbsd-x64@0.25.12
1682 silly packumentCache full:https://registry.npmjs.org/@esbuild%2fopenbsd-x64 cache-miss
1683 http fetch GET 200 https://registry.npmjs.org/@esbuild%2flinux-s390x 571ms (cache miss)
1684 silly packumentCache full:https://registry.npmjs.org/@esbuild%2flinux-s390x set size:undefined disposed:false
1685 silly fetch manifest @esbuild/win32-arm64@0.25.12
1686 silly packumentCache full:https://registry.npmjs.org/@esbuild%2fwin32-arm64 cache-miss
1687 http fetch GET 200 https://registry.npmjs.org/@esbuild%2flinux-arm64 729ms (cache miss)
1688 silly packumentCache full:https://registry.npmjs.org/@esbuild%2flinux-arm64 set size:undefined disposed:false
1689 silly fetch manifest @esbuild/darwin-arm64@0.25.12
1690 silly packumentCache full:https://registry.npmjs.org/@esbuild%2fdarwin-arm64 cache-miss
1691 http fetch GET 200 https://registry.npmjs.org/@esbuild%2fopenbsd-x64 533ms (cache miss)
1692 silly packumentCache full:https://registry.npmjs.org/@esbuild%2fopenbsd-x64 set size:undefined disposed:false
1693 silly fetch manifest @esbuild/netbsd-arm64@0.25.12
1694 silly packumentCache full:https://registry.npmjs.org/@esbuild%2fnetbsd-arm64 cache-miss
1695 http fetch GET 200 https://registry.npmjs.org/@esbuild%2fwin32-arm64 527ms (cache miss)
1696 silly packumentCache full:https://registry.npmjs.org/@esbuild%2fwin32-arm64 set size:undefined disposed:false
1697 silly fetch manifest @esbuild/android-arm64@0.25.12
1698 silly packumentCache full:https://registry.npmjs.org/@esbuild%2fandroid-arm64 cache-miss
1699 http fetch GET 200 https://registry.npmjs.org/@esbuild%2fdarwin-arm64 553ms (cache miss)
1700 silly packumentCache full:https://registry.npmjs.org/@esbuild%2fdarwin-arm64 set size:undefined disposed:false
1701 silly fetch manifest @esbuild/freebsd-arm64@0.25.12
1702 silly packumentCache full:https://registry.npmjs.org/@esbuild%2ffreebsd-arm64 cache-miss
1703 http fetch GET 200 https://registry.npmjs.org/@esbuild%2fnetbsd-arm64 403ms (cache miss)
1704 silly packumentCache full:https://registry.npmjs.org/@esbuild%2fnetbsd-arm64 set size:undefined disposed:false
1705 silly fetch manifest @esbuild/linux-loong64@0.25.12
1706 silly packumentCache full:https://registry.npmjs.org/@esbuild%2flinux-loong64 cache-miss
1707 http fetch GET 200 https://registry.npmjs.org/@esbuild%2ffreebsd-arm64 359ms (cache miss)
1708 silly packumentCache full:https://registry.npmjs.org/@esbuild%2ffreebsd-arm64 set size:undefined disposed:false
1709 silly fetch manifest @esbuild/linux-riscv64@0.25.12
1710 silly packumentCache full:https://registry.npmjs.org/@esbuild%2flinux-riscv64 cache-miss
1711 http fetch GET 200 https://registry.npmjs.org/@esbuild%2fandroid-arm64 2028ms (cache miss)
1712 silly packumentCache full:https://registry.npmjs.org/@esbuild%2fandroid-arm64 set size:undefined disposed:false
1713 silly fetch manifest @esbuild/openbsd-arm64@0.25.12
1714 silly packumentCache full:https://registry.npmjs.org/@esbuild%2fopenbsd-arm64 cache-miss
1715 http fetch GET 200 https://registry.npmjs.org/@esbuild%2flinux-loong64 1782ms (cache miss)
1716 silly packumentCache full:https://registry.npmjs.org/@esbuild%2flinux-loong64 set size:undefined disposed:false
1717 silly fetch manifest @esbuild/linux-mips64el@0.25.12
1718 silly packumentCache full:https://registry.npmjs.org/@esbuild%2flinux-mips64el cache-miss
1719 http fetch GET 200 https://registry.npmjs.org/@esbuild%2flinux-riscv64 1864ms (cache miss)
1720 silly packumentCache full:https://registry.npmjs.org/@esbuild%2flinux-riscv64 set size:undefined disposed:false
1721 silly fetch manifest @esbuild/openharmony-arm64@0.25.12
1722 silly packumentCache full:https://registry.npmjs.org/@esbuild%2fopenharmony-arm64 cache-miss
1723 http fetch GET 200 https://registry.npmjs.org/@esbuild%2fopenbsd-arm64 721ms (cache miss)
1724 silly packumentCache full:https://registry.npmjs.org/@esbuild%2fopenbsd-arm64 set size:undefined disposed:false
1725 silly fetch manifest arg@^5.0.2
1726 silly packumentCache full:https://registry.npmjs.org/arg cache-miss
1727 http fetch GET 200 https://registry.npmjs.org/@esbuild%2fopenharmony-arm64 565ms (cache miss)
1728 silly packumentCache full:https://registry.npmjs.org/@esbuild%2fopenharmony-arm64 set size:undefined disposed:false
1729 silly fetch manifest dlv@^1.1.3
1730 silly packumentCache full:https://registry.npmjs.org/dlv cache-miss
1731 http fetch GET 200 https://registry.npmjs.org/@esbuild%2flinux-mips64el 670ms (cache miss)
1732 silly packumentCache full:https://registry.npmjs.org/@esbuild%2flinux-mips64el set size:undefined disposed:false
1733 silly fetch manifest jiti@^1.21.7
1734 silly packumentCache full:https://registry.npmjs.org/jiti cache-hit
1735 silly fetch manifest is-glob@^4.0.3
1736 silly packumentCache full:https://registry.npmjs.org/is-glob cache-miss
1737 http fetch GET 200 https://registry.npmjs.org/arg 488ms (cache miss)
1738 silly packumentCache full:https://registry.npmjs.org/arg set size:undefined disposed:false
1739 silly fetch manifest postcss@^8.4.47
1740 silly packumentCache full:https://registry.npmjs.org/postcss cache-hit
1741 silly fetch manifest resolve@^1.22.8
1742 silly packumentCache full:https://registry.npmjs.org/resolve cache-miss
1743 http fetch GET 200 https://registry.npmjs.org/dlv 484ms (cache miss)
1744 silly packumentCache full:https://registry.npmjs.org/dlv set size:undefined disposed:false
1745 silly fetch manifest sucrase@^3.35.0
1746 silly packumentCache full:https://registry.npmjs.org/sucrase cache-miss
1747 http fetch GET 200 https://registry.npmjs.org/is-glob 460ms (cache miss)
1748 silly packumentCache full:https://registry.npmjs.org/is-glob set size:undefined disposed:false
1749 silly fetch manifest chokidar@^3.6.0
1750 silly packumentCache full:https://registry.npmjs.org/chokidar cache-miss
1751 http cache https://registry.npmjs.org/chokidar 55ms (cache hit)
1752 silly packumentCache full:https://registry.npmjs.org/chokidar set size:255902 disposed:false
1753 silly fetch manifest fast-glob@^3.3.2
1754 silly packumentCache full:https://registry.npmjs.org/fast-glob cache-miss
1755 http fetch GET 200 https://registry.npmjs.org/resolve 206ms (cache miss)
1756 silly packumentCache full:https://registry.npmjs.org/resolve set size:undefined disposed:false
1757 silly fetch manifest lilconfig@^3.1.3
1758 silly packumentCache full:https://registry.npmjs.org/lilconfig cache-miss
1759 http fetch GET 200 https://registry.npmjs.org/lilconfig 1033ms (cache miss)
1760 silly packumentCache full:https://registry.npmjs.org/lilconfig set size:undefined disposed:false
1761 silly fetch manifest didyoumean@^1.2.2
1762 silly packumentCache full:https://registry.npmjs.org/didyoumean cache-miss
1763 http fetch GET 200 https://registry.npmjs.org/sucrase 1278ms (cache miss)
1764 silly packumentCache full:https://registry.npmjs.org/sucrase set size:undefined disposed:false
1765 silly fetch manifest micromatch@^4.0.8
1766 silly packumentCache full:https://registry.npmjs.org/micromatch cache-miss
1767 http fetch GET 200 https://registry.npmjs.org/fast-glob 1223ms (cache miss)
1768 silly packumentCache full:https://registry.npmjs.org/fast-glob set size:undefined disposed:false
1769 silly fetch manifest postcss-js@^4.0.1
1770 silly packumentCache full:https://registry.npmjs.org/postcss-js cache-miss
1771 http fetch GET 200 https://registry.npmjs.org/didyoumean 872ms (cache miss)
1772 silly packumentCache full:https://registry.npmjs.org/didyoumean set size:undefined disposed:false
1773 silly fetch manifest glob-parent@^6.0.2
1774 silly packumentCache full:https://registry.npmjs.org/glob-parent cache-miss
1775 http fetch GET 200 https://registry.npmjs.org/micromatch 933ms (cache miss)
1776 silly packumentCache full:https://registry.npmjs.org/micromatch set size:undefined disposed:false
1777 silly fetch manifest object-hash@^3.0.0
1778 silly packumentCache full:https://registry.npmjs.org/object-hash cache-miss
1779 http fetch GET 200 https://registry.npmjs.org/postcss-js 721ms (cache miss)
1780 silly packumentCache full:https://registry.npmjs.org/postcss-js set size:undefined disposed:false
1781 silly fetch manifest normalize-path@^3.0.0
1782 silly packumentCache full:https://registry.npmjs.org/normalize-path cache-miss
1783 http fetch GET 200 https://registry.npmjs.org/glob-parent 370ms (cache miss)
1784 silly packumentCache full:https://registry.npmjs.org/glob-parent set size:undefined disposed:false
1785 silly fetch manifest postcss-import@^15.1.0
1786 silly packumentCache full:https://registry.npmjs.org/postcss-import cache-miss
1787 http fetch GET 200 https://registry.npmjs.org/object-hash 366ms (cache miss)
1788 silly packumentCache full:https://registry.npmjs.org/object-hash set size:undefined disposed:false
1789 silly fetch manifest postcss-nested@^6.2.0
1790 silly packumentCache full:https://registry.npmjs.org/postcss-nested cache-miss
1791 http fetch GET 200 https://registry.npmjs.org/normalize-path 334ms (cache miss)
1792 silly packumentCache full:https://registry.npmjs.org/normalize-path set size:undefined disposed:false
1793 silly fetch manifest @alloc/quick-lru@^5.2.0
1794 silly packumentCache full:https://registry.npmjs.org/@alloc%2fquick-lru cache-miss
1795 http fetch GET 200 https://registry.npmjs.org/postcss-import 394ms (cache miss)
1796 silly packumentCache full:https://registry.npmjs.org/postcss-import set size:undefined disposed:false
1797 silly fetch manifest postcss-load-config@^4.0.2 || ^5.0 || ^6.0
1798 silly packumentCache full:https://registry.npmjs.org/postcss-load-config cache-miss
1799 http fetch GET 200 https://registry.npmjs.org/postcss-nested 406ms (cache miss)
1800 silly packumentCache full:https://registry.npmjs.org/postcss-nested set size:undefined disposed:false
1801 silly fetch manifest postcss-selector-parser@^6.1.2
1802 silly packumentCache full:https://registry.npmjs.org/postcss-selector-parser cache-miss
1803 http fetch GET 200 https://registry.npmjs.org/postcss-load-config 444ms (cache miss)
1804 silly packumentCache full:https://registry.npmjs.org/postcss-load-config set size:undefined disposed:false
1805 http fetch GET 200 https://registry.npmjs.org/@alloc%2fquick-lru 898ms (cache miss)
1806 silly packumentCache full:https://registry.npmjs.org/@alloc%2fquick-lru set size:undefined disposed:false
1807 http fetch GET 200 https://registry.npmjs.org/postcss-selector-parser 664ms (cache miss)
1808 silly packumentCache full:https://registry.npmjs.org/postcss-selector-parser set size:undefined disposed:false
1809 silly placeDep ROOT @esbuild/aix-ppc64@0.25.12 OK for: esbuild@0.25.12 want: 0.25.12
1810 silly placeDep ROOT @esbuild/android-arm@0.25.12 OK for: esbuild@0.25.12 want: 0.25.12
1811 silly placeDep ROOT @esbuild/android-arm64@0.25.12 OK for: esbuild@0.25.12 want: 0.25.12
1812 silly placeDep ROOT @esbuild/android-x64@0.25.12 OK for: esbuild@0.25.12 want: 0.25.12
1813 silly placeDep ROOT @esbuild/darwin-arm64@0.25.12 OK for: esbuild@0.25.12 want: 0.25.12
1814 silly placeDep ROOT @esbuild/darwin-x64@0.25.12 OK for: esbuild@0.25.12 want: 0.25.12
1815 silly placeDep ROOT @esbuild/freebsd-arm64@0.25.12 OK for: esbuild@0.25.12 want: 0.25.12
1816 silly placeDep ROOT @esbuild/freebsd-x64@0.25.12 OK for: esbuild@0.25.12 want: 0.25.12
1817 silly placeDep ROOT @esbuild/linux-arm@0.25.12 OK for: esbuild@0.25.12 want: 0.25.12
1818 silly placeDep ROOT @esbuild/linux-arm64@0.25.12 OK for: esbuild@0.25.12 want: 0.25.12
1819 silly placeDep ROOT @esbuild/linux-ia32@0.25.12 OK for: esbuild@0.25.12 want: 0.25.12
1820 silly placeDep ROOT @esbuild/linux-loong64@0.25.12 OK for: esbuild@0.25.12 want: 0.25.12
1821 silly placeDep ROOT @esbuild/linux-mips64el@0.25.12 OK for: esbuild@0.25.12 want: 0.25.12
1822 silly placeDep ROOT @esbuild/linux-ppc64@0.25.12 OK for: esbuild@0.25.12 want: 0.25.12
1823 silly placeDep ROOT @esbuild/linux-riscv64@0.25.12 OK for: esbuild@0.25.12 want: 0.25.12
1824 silly placeDep ROOT @esbuild/linux-s390x@0.25.12 OK for: esbuild@0.25.12 want: 0.25.12
1825 silly placeDep ROOT @esbuild/linux-x64@0.25.12 OK for: esbuild@0.25.12 want: 0.25.12
1826 silly placeDep ROOT @esbuild/netbsd-arm64@0.25.12 OK for: esbuild@0.25.12 want: 0.25.12
1827 silly placeDep ROOT @esbuild/netbsd-x64@0.25.12 OK for: esbuild@0.25.12 want: 0.25.12
1828 silly placeDep ROOT @esbuild/openbsd-arm64@0.25.12 OK for: esbuild@0.25.12 want: 0.25.12
1829 silly placeDep ROOT @esbuild/openbsd-x64@0.25.12 OK for: esbuild@0.25.12 want: 0.25.12
1830 silly placeDep ROOT @esbuild/openharmony-arm64@0.25.12 OK for: esbuild@0.25.12 want: 0.25.12
1831 silly placeDep ROOT @esbuild/sunos-x64@0.25.12 OK for: esbuild@0.25.12 want: 0.25.12
1832 silly placeDep ROOT @esbuild/win32-arm64@0.25.12 OK for: esbuild@0.25.12 want: 0.25.12
1833 silly placeDep ROOT @esbuild/win32-ia32@0.25.12 OK for: esbuild@0.25.12 want: 0.25.12
1834 silly placeDep ROOT @esbuild/win32-x64@0.25.12 OK for: esbuild@0.25.12 want: 0.25.12
1835 silly placeDep ROOT yallist@3.1.1 OK for: lru-cache@5.1.1 want: ^3.0.2
1836 silly placeDep ROOT @date-fns/tz@1.5.0 OK for: react-day-picker@9.14.0 want: ^1.4.1
1837 silly placeDep ROOT @tabby_ai/hijri-converter@1.0.5 OK for: react-day-picker@9.14.0 want: 1.0.5
1838 silly placeDep node_modules/react-day-picker date-fns@4.4.0 OK for: react-day-picker@9.14.0 want: ^4.1.0
1839 silly placeDep ROOT date-fns-jalali@4.1.0-0 OK for: react-day-picker@9.14.0 want: 4.1.0-0
1840 silly placeDep ROOT scheduler@0.26.0 OK for: react-dom@19.1.0 want: ^0.26.0
1841 silly fetch manifest react@^16.8.0 || ^17.0.0 || ^18.0.0 || ^19.0.0 || ^19.0.0-rc
1842 silly packumentCache full:https://registry.npmjs.org/react cache-miss
1843 http cache https://registry.npmjs.org/react 200ms (cache hit)
1844 silly packumentCache full:https://registry.npmjs.org/react set size:6679468 disposed:false
1845 silly placeDep ROOT react-remove-scroll-bar@2.3.8 OK for: react-remove-scroll@2.7.2 want: ^2.3.7
1846 silly placeDep ROOT react-style-singleton@2.2.3 OK for: react-remove-scroll@2.7.2 want: ^2.2.3
1847 silly placeDep ROOT use-callback-ref@1.3.3 OK for: react-remove-scroll@2.7.2 want: ^1.3.3
1848 silly placeDep ROOT use-sidecar@1.1.3 OK for: react-remove-scroll@2.7.2 want: ^1.1.3
1849 silly fetch manifest react-style-singleton@^2.2.2
1850 silly packumentCache full:https://registry.npmjs.org/react-style-singleton cache-hit
1851 silly fetch manifest get-nonce@^1.0.0
1852 silly packumentCache full:https://registry.npmjs.org/get-nonce cache-miss
1853 silly fetch manifest detect-node-es@^1.1.0
1854 silly packumentCache full:https://registry.npmjs.org/detect-node-es cache-miss
1855 http fetch GET 200 https://registry.npmjs.org/get-nonce 409ms (cache miss)
1856 silly packumentCache full:https://registry.npmjs.org/get-nonce set size:undefined disposed:false
1857 http fetch GET 200 https://registry.npmjs.org/detect-node-es 429ms (cache miss)
1858 silly packumentCache full:https://registry.npmjs.org/detect-node-es set size:undefined disposed:false
1859 silly placeDep ROOT get-nonce@1.0.1 OK for: react-style-singleton@2.2.3 want: ^1.0.0
1860 silly fetch manifest react@^16.0.0 || ^17.0.0 || ^18.0.0 || ^19.0.0
1861 silly packumentCache full:https://registry.npmjs.org/react cache-miss
1862 http cache https://registry.npmjs.org/react 198ms (cache hit)
1863 silly packumentCache full:https://registry.npmjs.org/react set size:6679468 disposed:false
1864 silly fetch manifest react-dom@^16.0.0 || ^17.0.0 || ^18.0.0 || ^19.0.0
1865 silly packumentCache full:https://registry.npmjs.org/react-dom cache-miss
1866 http cache https://registry.npmjs.org/react-dom 278ms (cache hit)
1867 silly packumentCache full:https://registry.npmjs.org/react-dom set size:8915576 disposed:false
1868 silly placeDep ROOT eventemitter3@4.0.7 OK for: recharts@2.15.4 want: ^4.0.1
1869 silly placeDep ROOT lodash@4.18.1 OK for: recharts@2.15.4 want: ^4.17.21
1870 silly placeDep ROOT react-is@18.3.1 OK for: recharts@2.15.4 want: ^18.3.1
1871 silly placeDep ROOT react-smooth@4.0.4 OK for: recharts@2.15.4 want: ^4.0.4
1872 silly placeDep ROOT recharts-scale@0.4.5 OK for: recharts@2.15.4 want: ^0.4.4
1873 silly placeDep ROOT tiny-invariant@1.3.3 OK for: recharts@2.15.4 want: ^1.3.1
1874 silly placeDep ROOT victory-vendor@36.9.2 OK for: recharts@2.15.4 want: ^36.6.8
1875 silly fetch manifest fast-equals@^5.0.1
1876 silly packumentCache full:https://registry.npmjs.org/fast-equals cache-miss
1877 silly fetch manifest prop-types@^15.8.1
1878 silly packumentCache full:https://registry.npmjs.org/prop-types cache-miss
1879 silly fetch manifest react-transition-group@^4.4.5
1880 silly packumentCache full:https://registry.npmjs.org/react-transition-group cache-miss
1881 http fetch GET 200 https://registry.npmjs.org/react-transition-group 468ms (cache miss)
1882 silly packumentCache full:https://registry.npmjs.org/react-transition-group set size:undefined disposed:false
1883 silly fetch manifest decimal.js-light@^2.4.1
1884 silly packumentCache full:https://registry.npmjs.org/decimal.js-light cache-miss
1885 http fetch GET 200 https://registry.npmjs.org/prop-types 502ms (cache miss)
1886 silly packumentCache full:https://registry.npmjs.org/prop-types set size:undefined disposed:false
1887 silly fetch manifest d3-ease@^3.0.1
1888 silly packumentCache full:https://registry.npmjs.org/d3-ease cache-miss
1889 http fetch GET 200 https://registry.npmjs.org/fast-equals 588ms (cache miss)
1890 silly packumentCache full:https://registry.npmjs.org/fast-equals set size:undefined disposed:false
1891 silly fetch manifest d3-time@^3.0.0
1892 silly packumentCache full:https://registry.npmjs.org/d3-time cache-miss
1893 http fetch GET 200 https://registry.npmjs.org/decimal.js-light 368ms (cache miss)
1894 silly packumentCache full:https://registry.npmjs.org/decimal.js-light set size:undefined disposed:false
1895 silly fetch manifest d3-array@^3.1.6
1896 silly packumentCache full:https://registry.npmjs.org/d3-array cache-miss
1897 http fetch GET 200 https://registry.npmjs.org/d3-ease 456ms (cache miss)
1898 silly packumentCache full:https://registry.npmjs.org/d3-ease set size:undefined disposed:false
1899 silly fetch manifest d3-scale@^4.0.2
1900 silly packumentCache full:https://registry.npmjs.org/d3-scale cache-miss
1901 http fetch GET 200 https://registry.npmjs.org/d3-time 527ms (cache miss)
1902 silly packumentCache full:https://registry.npmjs.org/d3-time set size:undefined disposed:false
1903 silly fetch manifest d3-shape@^3.1.0
1904 silly packumentCache full:https://registry.npmjs.org/d3-shape cache-miss
1905 http fetch GET 200 https://registry.npmjs.org/d3-array 592ms (cache miss)
1906 silly packumentCache full:https://registry.npmjs.org/d3-array set size:undefined disposed:false
1907 silly fetch manifest d3-timer@^3.0.1
1908 silly packumentCache full:https://registry.npmjs.org/d3-timer cache-miss
1909 http fetch GET 200 https://registry.npmjs.org/d3-scale 695ms (cache miss)
1910 silly packumentCache full:https://registry.npmjs.org/d3-scale set size:undefined disposed:false
1911 silly fetch manifest @types/d3-ease@^3.0.0
1912 silly packumentCache full:https://registry.npmjs.org/@types%2fd3-ease cache-miss
1913 http fetch GET 200 https://registry.npmjs.org/d3-shape 615ms (cache miss)
1914 silly packumentCache full:https://registry.npmjs.org/d3-shape set size:undefined disposed:false
1915 silly fetch manifest @types/d3-time@^3.0.0
1916 silly packumentCache full:https://registry.npmjs.org/@types%2fd3-time cache-miss
1917 http fetch GET 200 https://registry.npmjs.org/d3-timer 427ms (cache miss)
1918 silly packumentCache full:https://registry.npmjs.org/d3-timer set size:undefined disposed:false
1919 silly fetch manifest d3-interpolate@^3.0.1
1920 silly packumentCache full:https://registry.npmjs.org/d3-interpolate cache-miss
1921 http fetch GET 200 https://registry.npmjs.org/d3-interpolate 405ms (cache miss)
1922 silly packumentCache full:https://registry.npmjs.org/d3-interpolate set size:undefined disposed:false
1923 silly fetch manifest @types/d3-array@^3.0.3
1924 silly packumentCache full:https://registry.npmjs.org/@types%2fd3-array cache-miss
1925 http fetch GET 200 https://registry.npmjs.org/@types%2fd3-ease 716ms (cache miss)
1926 silly packumentCache full:https://registry.npmjs.org/@types%2fd3-ease set size:undefined disposed:false
1927 silly fetch manifest @types/d3-scale@^4.0.2
1928 silly packumentCache full:https://registry.npmjs.org/@types%2fd3-scale cache-miss
1929 http fetch GET 200 https://registry.npmjs.org/@types%2fd3-time 771ms (cache miss)
1930 silly packumentCache full:https://registry.npmjs.org/@types%2fd3-time set size:undefined disposed:false
1931 silly fetch manifest @types/d3-shape@^3.1.0
1932 silly packumentCache full:https://registry.npmjs.org/@types%2fd3-shape cache-miss
1933 http fetch GET 200 https://registry.npmjs.org/@types%2fd3-array 656ms (cache miss)
1934 silly packumentCache full:https://registry.npmjs.org/@types%2fd3-array set size:undefined disposed:false
1935 silly fetch manifest @types/d3-timer@^3.0.0
1936 silly packumentCache full:https://registry.npmjs.org/@types%2fd3-timer cache-miss
1937 http fetch GET 200 https://registry.npmjs.org/@types%2fd3-scale 846ms (cache miss)
1938 silly packumentCache full:https://registry.npmjs.org/@types%2fd3-scale set size:undefined disposed:false
1939 silly fetch manifest @types/d3-interpolate@^3.0.1
1940 silly packumentCache full:https://registry.npmjs.org/@types%2fd3-interpolate cache-miss
1941 http fetch GET 200 https://registry.npmjs.org/@types%2fd3-shape 953ms (cache miss)
1942 silly packumentCache full:https://registry.npmjs.org/@types%2fd3-shape set size:undefined disposed:false
1943 http fetch GET 200 https://registry.npmjs.org/@types%2fd3-timer 707ms (cache miss)
1944 silly packumentCache full:https://registry.npmjs.org/@types%2fd3-timer set size:undefined disposed:false
1945 http fetch GET 200 https://registry.npmjs.org/@types%2fd3-interpolate 699ms (cache miss)
1946 silly packumentCache full:https://registry.npmjs.org/@types%2fd3-interpolate set size:undefined disposed:false
1947 silly fetch manifest react@^16.8.0 || ^17.0.0 || ^18.0.0 || ^19.0.0
1948 silly packumentCache full:https://registry.npmjs.org/react cache-miss
1949 http cache https://registry.npmjs.org/react 174ms (cache hit)
1950 silly packumentCache full:https://registry.npmjs.org/react set size:6679468 disposed:false
1951 silly fetch manifest react-dom@^16.8.0 || ^17.0.0 || ^18.0.0 || ^19.0.0
1952 silly packumentCache full:https://registry.npmjs.org/react-dom cache-miss
1953 http cache https://registry.npmjs.org/react-dom 135ms (cache hit)
1954 silly packumentCache full:https://registry.npmjs.org/react-dom set size:8915576 disposed:false
1955 silly placeDep ROOT fast-equals@5.4.0 OK for: react-smooth@4.0.4 want: ^5.0.1
1956 silly placeDep ROOT prop-types@15.8.1 OK for: react-smooth@4.0.4 want: ^15.8.1
1957 silly placeDep ROOT react-transition-group@4.4.5 OK for: react-smooth@4.0.4 want: ^4.4.5
1958 silly fetch manifest loose-envify@^1.4.0
1959 silly packumentCache full:https://registry.npmjs.org/loose-envify cache-miss
1960 silly fetch manifest object-assign@^4.1.1
1961 silly packumentCache full:https://registry.npmjs.org/object-assign cache-miss
1962 silly fetch manifest react-is@^16.13.1
1963 silly packumentCache full:https://registry.npmjs.org/react-is cache-miss
1964 http cache https://registry.npmjs.org/react-is 132ms (cache hit)
1965 silly packumentCache full:https://registry.npmjs.org/react-is set size:5404124 disposed:false
1966 silly fetch manifest @babel/runtime@^7.5.5
1967 silly packumentCache full:https://registry.npmjs.org/@babel%2fruntime cache-miss
1968 http fetch GET 200 https://registry.npmjs.org/object-assign 1090ms (cache miss)
1969 silly packumentCache full:https://registry.npmjs.org/object-assign set size:undefined disposed:false
1970 silly fetch manifest dom-helpers@^5.0.1
1971 silly packumentCache full:https://registry.npmjs.org/dom-helpers cache-miss
1972 http fetch GET 200 https://registry.npmjs.org/loose-envify 1129ms (cache miss)
1973 silly packumentCache full:https://registry.npmjs.org/loose-envify set size:undefined disposed:false
1974 http fetch GET 200 https://registry.npmjs.org/@babel%2fruntime 718ms (cache miss)
1975 silly packumentCache full:https://registry.npmjs.org/@babel%2fruntime set size:undefined disposed:false
1976 http fetch GET 200 https://registry.npmjs.org/dom-helpers 442ms (cache miss)
1977 silly packumentCache full:https://registry.npmjs.org/dom-helpers set size:undefined disposed:false
1978 silly placeDep ROOT loose-envify@1.4.0 OK for: prop-types@15.8.1 want: ^1.4.0
1979 silly placeDep ROOT object-assign@4.1.1 OK for: prop-types@15.8.1 want: ^4.1.1
1980 silly placeDep node_modules/prop-types react-is@16.13.1 OK for: prop-types@15.8.1 want: ^16.13.1
1981 silly placeDep ROOT @babel/runtime@7.29.7 OK for: react-transition-group@4.4.5 want: ^7.5.5
1982 silly placeDep ROOT dom-helpers@5.2.1 OK for: react-transition-group@4.4.5 want: ^5.0.1
1983 silly placeDep ROOT decimal.js-light@2.5.1 OK for: recharts-scale@0.4.5 want: ^2.4.1
1984 silly placeDep ROOT fdir@6.5.0 OK for: tinyglobby@0.2.17 want: ^6.5.0
1985 silly placeDep ROOT webpack-virtual-modules@0.6.2 OK for: unplugin@3.0.0 want: ^0.6.2
1986 silly placeDep ROOT escalade@3.2.0 OK for: update-browserslist-db@1.2.3 want: ^3.2.0
1987 silly placeDep ROOT detect-node-es@1.1.0 OK for: use-sidecar@1.1.3 want: ^1.1.0
1988 silly placeDep ROOT @types/d3-array@3.2.2 OK for: victory-vendor@36.9.2 want: ^3.0.3
1989 silly placeDep ROOT @types/d3-ease@3.0.2 OK for: victory-vendor@36.9.2 want: ^3.0.0
1990 silly placeDep ROOT @types/d3-interpolate@3.0.4 OK for: victory-vendor@36.9.2 want: ^3.0.1
1991 silly placeDep ROOT @types/d3-scale@4.0.9 OK for: victory-vendor@36.9.2 want: ^4.0.2
1992 silly placeDep ROOT @types/d3-shape@3.1.8 OK for: victory-vendor@36.9.2 want: ^3.1.0
1993 silly placeDep ROOT @types/d3-time@3.0.4 OK for: victory-vendor@36.9.2 want: ^3.0.0
1994 silly placeDep ROOT @types/d3-timer@3.0.2 OK for: victory-vendor@36.9.2 want: ^3.0.0
1995 silly placeDep ROOT d3-array@3.2.4 OK for: victory-vendor@36.9.2 want: ^3.1.6
1996 silly placeDep ROOT d3-ease@3.0.1 OK for: victory-vendor@36.9.2 want: ^3.0.1
1997 silly placeDep ROOT d3-interpolate@3.0.1 OK for: victory-vendor@36.9.2 want: ^3.0.1
1998 silly placeDep ROOT d3-scale@4.0.2 OK for: victory-vendor@36.9.2 want: ^4.0.2
1999 silly placeDep ROOT d3-shape@3.2.0 OK for: victory-vendor@36.9.2 want: ^3.1.0
2000 silly placeDep ROOT d3-time@3.1.0 OK for: victory-vendor@36.9.2 want: ^3.0.0
2001 silly placeDep ROOT d3-timer@3.0.1 OK for: victory-vendor@36.9.2 want: ^3.0.1
2002 silly fetch manifest @types/d3-color@*
2003 silly packumentCache full:https://registry.npmjs.org/@types%2fd3-color cache-miss
2004 silly fetch manifest @types/d3-time@*
2005 silly packumentCache full:https://registry.npmjs.org/@types%2fd3-time cache-miss
2006 silly fetch manifest @types/d3-path@*
2007 silly packumentCache full:https://registry.npmjs.org/@types%2fd3-path cache-miss
2008 http cache https://registry.npmjs.org/@types%2fd3-time 46ms (cache hit)
2009 silly packumentCache full:https://registry.npmjs.org/@types%2fd3-time set size:52652 disposed:false
2010 silly fetch manifest internmap@1 - 2
2011 silly packumentCache full:https://registry.npmjs.org/internmap cache-miss
2012 http fetch GET 200 https://registry.npmjs.org/internmap 329ms (cache miss)
2013 silly packumentCache full:https://registry.npmjs.org/internmap set size:undefined disposed:false
2014 silly fetch manifest d3-color@1 - 3
2015 silly packumentCache full:https://registry.npmjs.org/d3-color cache-miss
2016 http fetch GET 200 https://registry.npmjs.org/@types%2fd3-path 601ms (cache miss)
2017 silly packumentCache full:https://registry.npmjs.org/@types%2fd3-path set size:undefined disposed:false
2018 silly fetch manifest d3-format@1 - 3
2019 silly packumentCache full:https://registry.npmjs.org/d3-format cache-miss
2020 http fetch GET 200 https://registry.npmjs.org/@types%2fd3-color 650ms (cache miss)
2021 silly packumentCache full:https://registry.npmjs.org/@types%2fd3-color set size:undefined disposed:false
2022 silly fetch manifest d3-time@2.1.1 - 3
2023 silly packumentCache full:https://registry.npmjs.org/d3-time cache-miss
2024 http cache https://registry.npmjs.org/d3-time 28ms (cache hit)
2025 silly packumentCache full:https://registry.npmjs.org/d3-time set size:150406 disposed:false
2026 silly fetch manifest d3-time-format@2 - 4
2027 silly packumentCache full:https://registry.npmjs.org/d3-time-format cache-miss
2028 http fetch GET 200 https://registry.npmjs.org/d3-color 353ms (cache miss)
2029 silly packumentCache full:https://registry.npmjs.org/d3-color set size:undefined disposed:false
2030 silly fetch manifest d3-path@^3.1.0
2031 silly packumentCache full:https://registry.npmjs.org/d3-path cache-miss
2032 http fetch GET 200 https://registry.npmjs.org/d3-format 327ms (cache miss)
2033 silly packumentCache full:https://registry.npmjs.org/d3-format set size:undefined disposed:false
2034 http fetch GET 200 https://registry.npmjs.org/d3-time-format 628ms (cache miss)
2035 silly packumentCache full:https://registry.npmjs.org/d3-time-format set size:undefined disposed:false
2036 http fetch GET 200 https://registry.npmjs.org/d3-path 591ms (cache miss)
2037 silly packumentCache full:https://registry.npmjs.org/d3-path set size:undefined disposed:false
2038 silly placeDep ROOT @types/d3-color@3.1.3 OK for: @types/d3-interpolate@3.0.4 want: *
2039 silly placeDep ROOT @types/d3-path@3.1.1 OK for: @types/d3-shape@3.1.8 want: *
2040 silly placeDep ROOT internmap@2.0.3 OK for: d3-array@3.2.4 want: 1 - 2
2041 silly placeDep ROOT d3-color@3.1.0 OK for: d3-interpolate@3.0.1 want: 1 - 3
2042 silly placeDep ROOT d3-format@3.1.2 OK for: d3-scale@4.0.2 want: 1 - 3
2043 silly placeDep ROOT d3-time-format@4.1.0 OK for: d3-scale@4.0.2 want: 2 - 4
2044 silly placeDep ROOT d3-path@3.1.0 OK for: d3-shape@3.2.0 want: ^3.1.0
2045 silly placeDep node_modules/vite esbuild@0.27.7 OK for: vite@7.3.5 want: ^0.27.0
2046 silly placeDep ROOT fsevents@2.3.3 OK for: vite@7.3.5 want: ~2.3.3
2047 silly placeDep ROOT postcss@8.5.15 OK for: vite@7.3.5 want: ^8.5.6
2048 silly placeDep ROOT rollup@4.61.0 OK for: vite@7.3.5 want: ^4.43.0
2049 silly fetch manifest @esbuild/aix-ppc64@0.27.7
2050 silly packumentCache full:https://registry.npmjs.org/@esbuild%2faix-ppc64 cache-miss
2051 silly fetch manifest @esbuild/linux-arm@0.27.7
2052 silly packumentCache full:https://registry.npmjs.org/@esbuild%2flinux-arm cache-miss
2053 silly fetch manifest @esbuild/linux-x64@0.27.7
2054 silly packumentCache full:https://registry.npmjs.org/@esbuild%2flinux-x64 cache-miss
2055 http cache https://registry.npmjs.org/@esbuild%2flinux-arm 103ms (cache hit)
2056 silly packumentCache full:https://registry.npmjs.org/@esbuild%2flinux-arm set size:195140 disposed:false
2057 silly fetch manifest @esbuild/sunos-x64@0.27.7
2058 silly packumentCache full:https://registry.npmjs.org/@esbuild%2fsunos-x64 cache-miss
2059 http cache https://registry.npmjs.org/@esbuild%2faix-ppc64 133ms (cache hit)
2060 silly packumentCache full:https://registry.npmjs.org/@esbuild%2faix-ppc64 set size:64314 disposed:false
2061 silly fetch manifest @esbuild/win32-x64@0.27.7
2062 silly packumentCache full:https://registry.npmjs.org/@esbuild%2fwin32-x64 cache-miss
2063 http cache https://registry.npmjs.org/@esbuild%2flinux-x64 143ms (cache hit)
2064 silly packumentCache full:https://registry.npmjs.org/@esbuild%2flinux-x64 set size:195479 disposed:false
2065 silly fetch manifest @esbuild/darwin-x64@0.27.7
2066 silly packumentCache full:https://registry.npmjs.org/@esbuild%2fdarwin-x64 cache-miss
2067 http cache https://registry.npmjs.org/@esbuild%2fsunos-x64 72ms (cache hit)
2068 silly packumentCache full:https://registry.npmjs.org/@esbuild%2fsunos-x64 set size:195721 disposed:false
2069 silly fetch manifest @esbuild/linux-ia32@0.27.7
2070 silly packumentCache full:https://registry.npmjs.org/@esbuild%2flinux-ia32 cache-miss
2071 http cache https://registry.npmjs.org/@esbuild%2fwin32-x64 91ms (cache hit)
2072 silly packumentCache full:https://registry.npmjs.org/@esbuild%2fwin32-x64 set size:194073 disposed:false
2073 silly fetch manifest @esbuild/netbsd-x64@0.27.7
2074 silly packumentCache full:https://registry.npmjs.org/@esbuild%2fnetbsd-x64 cache-miss
2075 http cache https://registry.npmjs.org/@esbuild%2fdarwin-x64 101ms (cache hit)
2076 silly packumentCache full:https://registry.npmjs.org/@esbuild%2fdarwin-x64 set size:196195 disposed:false
2077 silly fetch manifest @esbuild/win32-ia32@0.27.7
2078 silly packumentCache full:https://registry.npmjs.org/@esbuild%2fwin32-ia32 cache-miss
2079 http cache https://registry.npmjs.org/@esbuild%2flinux-ia32 120ms (cache hit)
2080 silly packumentCache full:https://registry.npmjs.org/@esbuild%2flinux-ia32 set size:196150 disposed:false
2081 silly fetch manifest @esbuild/android-arm@0.27.7
2082 silly packumentCache full:https://registry.npmjs.org/@esbuild%2fandroid-arm cache-miss
2083 http cache https://registry.npmjs.org/@esbuild%2fnetbsd-x64 135ms (cache hit)
2084 silly packumentCache full:https://registry.npmjs.org/@esbuild%2fnetbsd-x64 set size:193883 disposed:false
2085 silly fetch manifest @esbuild/android-x64@0.27.7
2086 silly packumentCache full:https://registry.npmjs.org/@esbuild%2fandroid-x64 cache-miss
2087 http cache https://registry.npmjs.org/@esbuild%2fwin32-ia32 124ms (cache hit)
2088 silly packumentCache full:https://registry.npmjs.org/@esbuild%2fwin32-ia32 set size:196374 disposed:false
2089 silly fetch manifest @esbuild/freebsd-x64@0.27.7
2090 silly packumentCache full:https://registry.npmjs.org/@esbuild%2ffreebsd-x64 cache-miss
2091 http cache https://registry.npmjs.org/@esbuild%2fandroid-arm 105ms (cache hit)
2092 silly packumentCache full:https://registry.npmjs.org/@esbuild%2fandroid-arm set size:221749 disposed:false
2093 silly fetch manifest @esbuild/linux-arm64@0.27.7
2094 silly packumentCache full:https://registry.npmjs.org/@esbuild%2flinux-arm64 cache-miss
2095 http cache https://registry.npmjs.org/@esbuild%2fandroid-x64 122ms (cache hit)
2096 silly packumentCache full:https://registry.npmjs.org/@esbuild%2fandroid-x64 set size:195551 disposed:false
2097 silly fetch manifest @esbuild/linux-ppc64@0.27.7
2098 silly packumentCache full:https://registry.npmjs.org/@esbuild%2flinux-ppc64 cache-miss
2099 http cache https://registry.npmjs.org/@esbuild%2ffreebsd-x64 135ms (cache hit)
2100 silly packumentCache full:https://registry.npmjs.org/@esbuild%2ffreebsd-x64 set size:197070 disposed:false
2101 silly fetch manifest @esbuild/linux-s390x@0.27.7
2102 silly packumentCache full:https://registry.npmjs.org/@esbuild%2flinux-s390x cache-miss
2103 http cache https://registry.npmjs.org/@esbuild%2flinux-arm64 144ms (cache hit)
2104 silly packumentCache full:https://registry.npmjs.org/@esbuild%2flinux-arm64 set size:197274 disposed:false
2105 silly fetch manifest @esbuild/openbsd-x64@0.27.7
2106 silly packumentCache full:https://registry.npmjs.org/@esbuild%2fopenbsd-x64 cache-miss
2107 http cache https://registry.npmjs.org/@esbuild%2flinux-ppc64 121ms (cache hit)
2108 silly packumentCache full:https://registry.npmjs.org/@esbuild%2flinux-ppc64 set size:199310 disposed:false
2109 silly fetch manifest @esbuild/win32-arm64@0.27.7
2110 silly packumentCache full:https://registry.npmjs.org/@esbuild%2fwin32-arm64 cache-miss
2111 http cache https://registry.npmjs.org/@esbuild%2flinux-s390x 155ms (cache hit)
2112 silly packumentCache full:https://registry.npmjs.org/@esbuild%2flinux-s390x set size:198784 disposed:false
2113 silly fetch manifest @esbuild/darwin-arm64@0.27.7
2114 silly packumentCache full:https://registry.npmjs.org/@esbuild%2fdarwin-arm64 cache-miss
2115 http cache https://registry.npmjs.org/@esbuild%2fwin32-arm64 145ms (cache hit)
2116 silly packumentCache full:https://registry.npmjs.org/@esbuild%2fwin32-arm64 set size:197504 disposed:false
2117 silly fetch manifest @esbuild/netbsd-arm64@0.27.7
2118 silly packumentCache full:https://registry.npmjs.org/@esbuild%2fnetbsd-arm64 cache-miss
2119 http cache https://registry.npmjs.org/@esbuild%2fopenbsd-x64 204ms (cache hit)
2120 silly packumentCache full:https://registry.npmjs.org/@esbuild%2fopenbsd-x64 set size:197080 disposed:false
2121 silly fetch manifest @esbuild/android-arm64@0.27.7
2122 silly packumentCache full:https://registry.npmjs.org/@esbuild%2fandroid-arm64 cache-miss
2123 http cache https://registry.npmjs.org/@esbuild%2fdarwin-arm64 169ms (cache hit)
2124 silly packumentCache full:https://registry.npmjs.org/@esbuild%2fdarwin-arm64 set size:197958 disposed:false
2125 silly fetch manifest @esbuild/freebsd-arm64@0.27.7
2126 silly packumentCache full:https://registry.npmjs.org/@esbuild%2ffreebsd-arm64 cache-miss
2127 http cache https://registry.npmjs.org/@esbuild%2fandroid-arm64 60ms (cache hit)
2128 silly packumentCache full:https://registry.npmjs.org/@esbuild%2fandroid-arm64 set size:200684 disposed:false
2129 silly fetch manifest @esbuild/linux-loong64@0.27.7
2130 silly packumentCache full:https://registry.npmjs.org/@esbuild%2flinux-loong64 cache-miss
2131 http cache https://registry.npmjs.org/@esbuild%2fnetbsd-arm64 106ms (cache hit)
2132 silly packumentCache full:https://registry.npmjs.org/@esbuild%2fnetbsd-arm64 set size:40794 disposed:false
2133 silly fetch manifest @esbuild/linux-riscv64@0.27.7
2134 silly packumentCache full:https://registry.npmjs.org/@esbuild%2flinux-riscv64 cache-miss
2135 http cache https://registry.npmjs.org/@esbuild%2ffreebsd-arm64 84ms (cache hit)
2136 silly packumentCache full:https://registry.npmjs.org/@esbuild%2ffreebsd-arm64 set size:198853 disposed:false
2137 silly fetch manifest @esbuild/openbsd-arm64@0.27.7
2138 silly packumentCache full:https://registry.npmjs.org/@esbuild%2fopenbsd-arm64 cache-miss
2139 http cache https://registry.npmjs.org/@esbuild%2flinux-loong64 109ms (cache hit)
2140 silly packumentCache full:https://registry.npmjs.org/@esbuild%2flinux-loong64 set size:252211 disposed:false
2141 silly fetch manifest @esbuild/linux-mips64el@0.27.7
2142 silly packumentCache full:https://registry.npmjs.org/@esbuild%2flinux-mips64el cache-miss
2143 http cache https://registry.npmjs.org/@esbuild%2flinux-riscv64 104ms (cache hit)
2144 silly packumentCache full:https://registry.npmjs.org/@esbuild%2flinux-riscv64 set size:198981 disposed:false
2145 silly fetch manifest @esbuild/openharmony-arm64@0.27.7
2146 silly packumentCache full:https://registry.npmjs.org/@esbuild%2fopenharmony-arm64 cache-miss
2147 http cache https://registry.npmjs.org/@esbuild%2fopenbsd-arm64 90ms (cache hit)
2148 silly packumentCache full:https://registry.npmjs.org/@esbuild%2fopenbsd-arm64 set size:46111 disposed:false
2149 silly fetch manifest nanoid@^3.3.12
2150 silly packumentCache full:https://registry.npmjs.org/nanoid cache-miss
2151 http cache https://registry.npmjs.org/@esbuild%2flinux-mips64el 56ms (cache hit)
2152 silly packumentCache full:https://registry.npmjs.org/@esbuild%2flinux-mips64el set size:201062 disposed:false
2153 silly fetch manifest @types/estree@1.0.9
2154 silly packumentCache full:https://registry.npmjs.org/@types%2festree cache-miss
2155 http cache https://registry.npmjs.org/@esbuild%2fopenharmony-arm64 57ms (cache hit)
2156 silly packumentCache full:https://registry.npmjs.org/@esbuild%2fopenharmony-arm64 set size:29494 disposed:false
2157 silly fetch manifest @rollup/rollup-darwin-arm64@4.61.0
2158 silly packumentCache full:https://registry.npmjs.org/@rollup%2frollup-darwin-arm64 cache-miss
2159 http fetch GET 200 https://registry.npmjs.org/@types%2festree 94ms (cache miss)
2160 silly packumentCache full:https://registry.npmjs.org/@types%2festree set size:undefined disposed:false
2161 silly fetch manifest @rollup/rollup-android-arm64@4.61.0
2162 silly packumentCache full:https://registry.npmjs.org/@rollup%2frollup-android-arm64 cache-miss
2163 http fetch GET 200 https://registry.npmjs.org/nanoid 150ms (cache miss)
2164 silly packumentCache full:https://registry.npmjs.org/nanoid set size:undefined disposed:false
2165 silly fetch manifest @rollup/rollup-win32-arm64-msvc@4.61.0
2166 silly packumentCache full:https://registry.npmjs.org/@rollup%2frollup-win32-arm64-msvc cache-miss
2167 http fetch GET 200 https://registry.npmjs.org/@rollup%2frollup-win32-arm64-msvc 134ms (cache miss)
2168 silly packumentCache full:https://registry.npmjs.org/@rollup%2frollup-win32-arm64-msvc set size:undefined disposed:false
2169 silly fetch manifest @rollup/rollup-freebsd-arm64@4.61.0
2170 silly packumentCache full:https://registry.npmjs.org/@rollup%2frollup-freebsd-arm64 cache-miss
2171 http fetch GET 200 https://registry.npmjs.org/@rollup%2frollup-darwin-arm64 331ms (cache miss)
2172 silly packumentCache full:https://registry.npmjs.org/@rollup%2frollup-darwin-arm64 set size:undefined disposed:false
2173 silly fetch manifest @rollup/rollup-linux-arm64-gnu@4.61.0
2174 silly packumentCache full:https://registry.npmjs.org/@rollup%2frollup-linux-arm64-gnu cache-miss
2175 http fetch GET 200 https://registry.npmjs.org/@rollup%2frollup-android-arm64 273ms (cache miss)
2176 silly packumentCache full:https://registry.npmjs.org/@rollup%2frollup-android-arm64 set size:undefined disposed:false
2177 silly fetch manifest @rollup/rollup-linux-arm64-musl@4.61.0
2178 silly packumentCache full:https://registry.npmjs.org/@rollup%2frollup-linux-arm64-musl cache-miss
2179 http fetch GET 200 https://registry.npmjs.org/@rollup%2frollup-freebsd-arm64 164ms (cache miss)
2180 silly packumentCache full:https://registry.npmjs.org/@rollup%2frollup-freebsd-arm64 set size:undefined disposed:false
2181 silly fetch manifest @rollup/rollup-android-arm-eabi@4.61.0
2182 silly packumentCache full:https://registry.npmjs.org/@rollup%2frollup-android-arm-eabi cache-miss
2183 http fetch GET 200 https://registry.npmjs.org/@rollup%2frollup-linux-arm64-gnu 140ms (cache miss)
2184 silly packumentCache full:https://registry.npmjs.org/@rollup%2frollup-linux-arm64-gnu set size:undefined disposed:false
2185 silly fetch manifest @rollup/rollup-linux-arm-gnueabihf@4.61.0
2186 silly packumentCache full:https://registry.npmjs.org/@rollup%2frollup-linux-arm-gnueabihf cache-miss
2187 http fetch GET 200 https://registry.npmjs.org/@rollup%2frollup-linux-arm64-musl 248ms (cache miss)
2188 silly packumentCache full:https://registry.npmjs.org/@rollup%2frollup-linux-arm64-musl set size:undefined disposed:false
2189 silly fetch manifest @rollup/rollup-linux-arm-musleabihf@4.61.0
2190 silly packumentCache full:https://registry.npmjs.org/@rollup%2frollup-linux-arm-musleabihf cache-miss
2191 http fetch GET 200 https://registry.npmjs.org/@rollup%2frollup-android-arm-eabi 287ms (cache miss)
2192 silly packumentCache full:https://registry.npmjs.org/@rollup%2frollup-android-arm-eabi set size:undefined disposed:false
2193 silly fetch manifest @rollup/rollup-win32-ia32-msvc@4.61.0
2194 silly packumentCache full:https://registry.npmjs.org/@rollup%2frollup-win32-ia32-msvc cache-miss
2195 http fetch GET 200 https://registry.npmjs.org/@rollup%2frollup-linux-arm-gnueabihf 295ms (cache miss)
2196 silly packumentCache full:https://registry.npmjs.org/@rollup%2frollup-linux-arm-gnueabihf set size:undefined disposed:false
2197 silly fetch manifest @rollup/rollup-linux-loong64-gnu@4.61.0
2198 silly packumentCache full:https://registry.npmjs.org/@rollup%2frollup-linux-loong64-gnu cache-miss
2199 http fetch GET 200 https://registry.npmjs.org/@rollup%2frollup-linux-arm-musleabihf 202ms (cache miss)
2200 silly packumentCache full:https://registry.npmjs.org/@rollup%2frollup-linux-arm-musleabihf set size:undefined disposed:false
2201 silly fetch manifest @rollup/rollup-linux-loong64-musl@4.61.0
2202 silly packumentCache full:https://registry.npmjs.org/@rollup%2frollup-linux-loong64-musl cache-miss
2203 http fetch GET 200 https://registry.npmjs.org/@rollup%2frollup-win32-ia32-msvc 251ms (cache miss)
2204 silly packumentCache full:https://registry.npmjs.org/@rollup%2frollup-win32-ia32-msvc set size:undefined disposed:false
2205 silly fetch manifest @rollup/rollup-linux-riscv64-gnu@4.61.0
2206 silly packumentCache full:https://registry.npmjs.org/@rollup%2frollup-linux-riscv64-gnu cache-miss
2207 http fetch GET 200 https://registry.npmjs.org/@rollup%2frollup-linux-loong64-gnu 240ms (cache miss)
2208 silly packumentCache full:https://registry.npmjs.org/@rollup%2frollup-linux-loong64-gnu set size:undefined disposed:false
2209 silly fetch manifest @rollup/rollup-linux-riscv64-musl@4.61.0
2210 silly packumentCache full:https://registry.npmjs.org/@rollup%2frollup-linux-riscv64-musl cache-miss
2211 http fetch GET 200 https://registry.npmjs.org/@rollup%2frollup-linux-loong64-musl 448ms (cache miss)
2212 silly packumentCache full:https://registry.npmjs.org/@rollup%2frollup-linux-loong64-musl set size:undefined disposed:false
2213 silly fetch manifest @rollup/rollup-linux-ppc64-gnu@4.61.0
2214 silly packumentCache full:https://registry.npmjs.org/@rollup%2frollup-linux-ppc64-gnu cache-miss
2215 http fetch GET 200 https://registry.npmjs.org/@rollup%2frollup-linux-riscv64-gnu 295ms (cache miss)
2216 silly packumentCache full:https://registry.npmjs.org/@rollup%2frollup-linux-riscv64-gnu set size:undefined disposed:false
2217 silly fetch manifest @rollup/rollup-linux-ppc64-musl@4.61.0
2218 silly packumentCache full:https://registry.npmjs.org/@rollup%2frollup-linux-ppc64-musl cache-miss
2219 http fetch GET 200 https://registry.npmjs.org/@rollup%2frollup-linux-riscv64-musl 336ms (cache miss)
2220 silly packumentCache full:https://registry.npmjs.org/@rollup%2frollup-linux-riscv64-musl set size:undefined disposed:false
2221 silly fetch manifest @rollup/rollup-linux-s390x-gnu@4.61.0
2222 silly packumentCache full:https://registry.npmjs.org/@rollup%2frollup-linux-s390x-gnu cache-miss
2223 http fetch GET 200 https://registry.npmjs.org/@rollup%2frollup-linux-ppc64-musl 108ms (cache miss)
2224 silly packumentCache full:https://registry.npmjs.org/@rollup%2frollup-linux-ppc64-musl set size:undefined disposed:false
2225 silly fetch manifest @rollup/rollup-darwin-x64@4.61.0
2226 silly packumentCache full:https://registry.npmjs.org/@rollup%2frollup-darwin-x64 cache-miss
2227 http fetch GET 200 https://registry.npmjs.org/@rollup%2frollup-linux-ppc64-gnu 253ms (cache miss)
2228 silly packumentCache full:https://registry.npmjs.org/@rollup%2frollup-linux-ppc64-gnu set size:undefined disposed:false
2229 silly fetch manifest @rollup/rollup-win32-x64-gnu@4.61.0
2230 silly packumentCache full:https://registry.npmjs.org/@rollup%2frollup-win32-x64-gnu cache-miss
2231 http fetch GET 200 https://registry.npmjs.org/@rollup%2frollup-win32-x64-gnu 137ms (cache miss)
2232 silly packumentCache full:https://registry.npmjs.org/@rollup%2frollup-win32-x64-gnu set size:undefined disposed:false
2233 silly fetch manifest @rollup/rollup-win32-x64-msvc@4.61.0
2234 silly packumentCache full:https://registry.npmjs.org/@rollup%2frollup-win32-x64-msvc cache-miss
2235 http fetch GET 200 https://registry.npmjs.org/@rollup%2frollup-linux-s390x-gnu 306ms (cache miss)
2236 silly packumentCache full:https://registry.npmjs.org/@rollup%2frollup-linux-s390x-gnu set size:undefined disposed:false
2237 silly fetch manifest @rollup/rollup-freebsd-x64@4.61.0
2238 silly packumentCache full:https://registry.npmjs.org/@rollup%2frollup-freebsd-x64 cache-miss
2239 http fetch GET 200 https://registry.npmjs.org/@rollup%2frollup-darwin-x64 288ms (cache miss)
2240 silly packumentCache full:https://registry.npmjs.org/@rollup%2frollup-darwin-x64 set size:undefined disposed:false
2241 silly fetch manifest @rollup/rollup-linux-x64-gnu@4.61.0
2242 silly packumentCache full:https://registry.npmjs.org/@rollup%2frollup-linux-x64-gnu cache-miss
2243 http fetch GET 200 https://registry.npmjs.org/@rollup%2frollup-freebsd-x64 269ms (cache miss)
2244 silly packumentCache full:https://registry.npmjs.org/@rollup%2frollup-freebsd-x64 set size:undefined disposed:false
2245 silly fetch manifest @rollup/rollup-linux-x64-musl@4.61.0
2246 silly packumentCache full:https://registry.npmjs.org/@rollup%2frollup-linux-x64-musl cache-miss
2247 http fetch GET 200 https://registry.npmjs.org/@rollup%2frollup-win32-x64-msvc 333ms (cache miss)
2248 silly packumentCache full:https://registry.npmjs.org/@rollup%2frollup-win32-x64-msvc set size:undefined disposed:false
2249 silly fetch manifest @rollup/rollup-openbsd-x64@4.61.0
2250 silly packumentCache full:https://registry.npmjs.org/@rollup%2frollup-openbsd-x64 cache-miss
2251 http fetch GET 200 https://registry.npmjs.org/@rollup%2frollup-linux-x64-gnu 321ms (cache miss)
2252 silly packumentCache full:https://registry.npmjs.org/@rollup%2frollup-linux-x64-gnu set size:undefined disposed:false
2253 silly fetch manifest @rollup/rollup-openharmony-arm64@4.61.0
2254 silly packumentCache full:https://registry.npmjs.org/@rollup%2frollup-openharmony-arm64 cache-miss
2255 http fetch GET 200 https://registry.npmjs.org/@rollup%2frollup-openharmony-arm64 83ms (cache miss)
2256 silly packumentCache full:https://registry.npmjs.org/@rollup%2frollup-openharmony-arm64 set size:undefined disposed:false
2257 http fetch GET 200 https://registry.npmjs.org/@rollup%2frollup-linux-x64-musl 221ms (cache miss)
2258 silly packumentCache full:https://registry.npmjs.org/@rollup%2frollup-linux-x64-musl set size:undefined disposed:false
2259 http fetch GET 200 https://registry.npmjs.org/@rollup%2frollup-openbsd-x64 209ms (cache miss)
2260 silly packumentCache full:https://registry.npmjs.org/@rollup%2frollup-openbsd-x64 set size:undefined disposed:false
2261 silly placeDep ROOT nanoid@3.3.12 OK for: postcss@8.5.15 want: ^3.3.12
2262 silly placeDep ROOT @rollup/rollup-android-arm-eabi@4.61.0 OK for: rollup@4.61.0 want: 4.61.0
2263 silly placeDep ROOT @rollup/rollup-android-arm64@4.61.0 OK for: rollup@4.61.0 want: 4.61.0
2264 silly placeDep ROOT @rollup/rollup-darwin-arm64@4.61.0 OK for: rollup@4.61.0 want: 4.61.0
2265 silly placeDep ROOT @rollup/rollup-darwin-x64@4.61.0 OK for: rollup@4.61.0 want: 4.61.0
2266 silly placeDep ROOT @rollup/rollup-freebsd-arm64@4.61.0 OK for: rollup@4.61.0 want: 4.61.0
2267 silly placeDep ROOT @rollup/rollup-freebsd-x64@4.61.0 OK for: rollup@4.61.0 want: 4.61.0
2268 silly placeDep ROOT @rollup/rollup-linux-arm-gnueabihf@4.61.0 OK for: rollup@4.61.0 want: 4.61.0
2269 silly placeDep ROOT @rollup/rollup-linux-arm-musleabihf@4.61.0 OK for: rollup@4.61.0 want: 4.61.0
2270 silly placeDep ROOT @rollup/rollup-linux-arm64-gnu@4.61.0 OK for: rollup@4.61.0 want: 4.61.0
2271 silly placeDep ROOT @rollup/rollup-linux-arm64-musl@4.61.0 OK for: rollup@4.61.0 want: 4.61.0
2272 silly placeDep ROOT @rollup/rollup-linux-loong64-gnu@4.61.0 OK for: rollup@4.61.0 want: 4.61.0
2273 silly placeDep ROOT @rollup/rollup-linux-loong64-musl@4.61.0 OK for: rollup@4.61.0 want: 4.61.0
2274 silly placeDep ROOT @rollup/rollup-linux-ppc64-gnu@4.61.0 OK for: rollup@4.61.0 want: 4.61.0
2275 silly placeDep ROOT @rollup/rollup-linux-ppc64-musl@4.61.0 OK for: rollup@4.61.0 want: 4.61.0
2276 silly placeDep ROOT @rollup/rollup-linux-riscv64-gnu@4.61.0 OK for: rollup@4.61.0 want: 4.61.0
2277 silly placeDep ROOT @rollup/rollup-linux-riscv64-musl@4.61.0 OK for: rollup@4.61.0 want: 4.61.0
2278 silly placeDep ROOT @rollup/rollup-linux-s390x-gnu@4.61.0 OK for: rollup@4.61.0 want: 4.61.0
2279 silly placeDep ROOT @rollup/rollup-linux-x64-gnu@4.61.0 OK for: rollup@4.61.0 want: 4.61.0
2280 silly placeDep ROOT @rollup/rollup-linux-x64-musl@4.61.0 OK for: rollup@4.61.0 want: 4.61.0
2281 silly placeDep ROOT @rollup/rollup-openbsd-x64@4.61.0 OK for: rollup@4.61.0 want: 4.61.0
2282 silly placeDep ROOT @rollup/rollup-openharmony-arm64@4.61.0 OK for: rollup@4.61.0 want: 4.61.0
2283 silly placeDep ROOT @rollup/rollup-win32-arm64-msvc@4.61.0 OK for: rollup@4.61.0 want: 4.61.0
2284 silly placeDep ROOT @rollup/rollup-win32-ia32-msvc@4.61.0 OK for: rollup@4.61.0 want: 4.61.0
2285 silly placeDep ROOT @rollup/rollup-win32-x64-gnu@4.61.0 OK for: rollup@4.61.0 want: 4.61.0
2286 silly placeDep ROOT @rollup/rollup-win32-x64-msvc@4.61.0 OK for: rollup@4.61.0 want: 4.61.0
2287 silly placeDep ROOT @types/estree@1.0.9 OK for: rollup@4.61.0 want: 1.0.9
2288 silly fetch manifest typescript@^5.0.0
2289 silly packumentCache full:https://registry.npmjs.org/typescript cache-miss
2290 http cache https://registry.npmjs.org/typescript 197ms (cache hit)
2291 silly packumentCache full:https://registry.npmjs.org/typescript set size:15409943 disposed:false
2292 silly placeDep ROOT globrex@0.1.2 OK for: vite-tsconfig-paths@6.1.1 want: ^0.1.2
2293 silly placeDep ROOT tsconfck@3.1.6 OK for: vite-tsconfig-paths@6.1.1 want: ^3.0.3
2294 silly placeDep ROOT @oozcitak/dom@2.0.2 OK for: xmlbuilder2@4.0.3 want: ^2.0.2
2295 silly placeDep ROOT @oozcitak/infra@2.0.2 OK for: xmlbuilder2@4.0.3 want: ^2.0.2
2296 silly placeDep ROOT @oozcitak/util@10.0.0 OK for: xmlbuilder2@4.0.3 want: ^10.0.0
2297 silly placeDep ROOT js-yaml@4.2.0 OK for: xmlbuilder2@4.0.3 want: ^4.1.1
2298 silly fetch manifest @oozcitak/url@^3.0.0
2299 silly packumentCache full:https://registry.npmjs.org/@oozcitak%2furl cache-miss
2300 silly fetch manifest argparse@^2.0.1
2301 silly packumentCache full:https://registry.npmjs.org/argparse cache-miss
2302 http fetch GET 200 https://registry.npmjs.org/argparse 469ms (cache miss)
2303 silly packumentCache full:https://registry.npmjs.org/argparse set size:undefined disposed:false
2304 http fetch GET 200 https://registry.npmjs.org/@oozcitak%2furl 1017ms (cache miss)
2305 silly packumentCache full:https://registry.npmjs.org/@oozcitak%2furl set size:undefined disposed:false
2306 silly placeDep ROOT @oozcitak/url@3.0.0 OK for: @oozcitak/dom@2.0.2 want: ^3.0.0
2307 silly placeDep ROOT argparse@2.0.1 OK for: js-yaml@4.2.0 want: ^2.0.1
2308 silly placeDep ROOT @alloc/quick-lru@5.2.0 OK for: tailwindcss@3.4.19 want: ^5.2.0
2309 silly placeDep ROOT arg@5.0.2 OK for: tailwindcss@3.4.19 want: ^5.0.2
2310 silly placeDep node_modules/lovable-tagger chokidar@3.6.0 OK for: tailwindcss@3.4.19 want: ^3.6.0
2311 silly placeDep ROOT didyoumean@1.2.2 OK for: tailwindcss@3.4.19 want: ^1.2.2
2312 silly placeDep ROOT dlv@1.1.3 OK for: tailwindcss@3.4.19 want: ^1.1.3
2313 silly placeDep ROOT fast-glob@3.3.3 OK for: tailwindcss@3.4.19 want: ^3.3.2
2314 silly placeDep ROOT glob-parent@6.0.2 OK for: tailwindcss@3.4.19 want: ^6.0.2
2315 silly placeDep ROOT is-glob@4.0.3 OK for: tailwindcss@3.4.19 want: ^4.0.3
2316 silly placeDep node_modules/lovable-tagger jiti@1.21.7 OK for: tailwindcss@3.4.19 want: ^1.21.7
2317 silly placeDep ROOT lilconfig@3.1.3 OK for: tailwindcss@3.4.19 want: ^3.1.3
2318 silly placeDep ROOT micromatch@4.0.8 OK for: tailwindcss@3.4.19 want: ^4.0.8
2319 silly placeDep ROOT normalize-path@3.0.0 OK for: tailwindcss@3.4.19 want: ^3.0.0
2320 silly placeDep ROOT object-hash@3.0.0 OK for: tailwindcss@3.4.19 want: ^3.0.0
2321 silly placeDep ROOT postcss-import@15.1.0 OK for: tailwindcss@3.4.19 want: ^15.1.0
2322 silly placeDep ROOT postcss-js@4.1.0 OK for: tailwindcss@3.4.19 want: ^4.0.1
2323 silly placeDep ROOT postcss-load-config@6.0.1 OK for: tailwindcss@3.4.19 want: ^4.0.2 || ^5.0 || ^6.0
2324 silly placeDep ROOT postcss-nested@6.2.0 OK for: tailwindcss@3.4.19 want: ^6.2.0
2325 silly placeDep ROOT postcss-selector-parser@6.1.2 OK for: tailwindcss@3.4.19 want: ^6.1.2
2326 silly placeDep ROOT resolve@1.22.12 OK for: tailwindcss@3.4.19 want: ^1.22.8
2327 silly placeDep ROOT sucrase@3.35.1 OK for: tailwindcss@3.4.19 want: ^3.35.0
2328 silly fetch manifest braces@~3.0.2
2329 silly packumentCache full:https://registry.npmjs.org/braces cache-miss
2330 silly fetch manifest is-glob@~4.0.1
2331 silly packumentCache full:https://registry.npmjs.org/is-glob cache-miss
2332 silly fetch manifest anymatch@~3.1.2
2333 silly packumentCache full:https://registry.npmjs.org/anymatch cache-miss
2334 http cache https://registry.npmjs.org/is-glob 29ms (cache hit)
2335 silly packumentCache full:https://registry.npmjs.org/is-glob set size:40530 disposed:false
2336 silly fetch manifest readdirp@~3.6.0
2337 silly packumentCache full:https://registry.npmjs.org/readdirp cache-miss
2338 http cache https://registry.npmjs.org/readdirp 24ms (cache hit)
2339 silly packumentCache full:https://registry.npmjs.org/readdirp set size:107589 disposed:false
2340 silly fetch manifest glob-parent@~5.1.2
2341 silly packumentCache full:https://registry.npmjs.org/glob-parent cache-miss
2342 http cache https://registry.npmjs.org/glob-parent 34ms (cache hit)
2343 silly packumentCache full:https://registry.npmjs.org/glob-parent set size:42445 disposed:false
2344 silly fetch manifest is-binary-path@~2.1.0
2345 silly packumentCache full:https://registry.npmjs.org/is-binary-path cache-miss
2346 http fetch GET 200 https://registry.npmjs.org/braces 123ms (cache miss)
2347 silly packumentCache full:https://registry.npmjs.org/braces set size:undefined disposed:false
2348 silly fetch manifest normalize-path@~3.0.0
2349 silly packumentCache full:https://registry.npmjs.org/normalize-path cache-miss
2350 http cache https://registry.npmjs.org/normalize-path 20ms (cache hit)
2351 silly packumentCache full:https://registry.npmjs.org/normalize-path set size:28713 disposed:false
2352 silly fetch manifest @nodelib/fs.stat@^2.0.2
2353 silly packumentCache full:https://registry.npmjs.org/@nodelib%2ffs.stat cache-miss
2354 http fetch GET 200 https://registry.npmjs.org/anymatch 335ms (cache miss)
2355 silly packumentCache full:https://registry.npmjs.org/anymatch set size:undefined disposed:false
2356 silly fetch manifest @nodelib/fs.walk@^1.2.3
2357 silly packumentCache full:https://registry.npmjs.org/@nodelib%2ffs.walk cache-miss
2358 http fetch GET 200 https://registry.npmjs.org/is-binary-path 302ms (cache miss)
2359 silly packumentCache full:https://registry.npmjs.org/is-binary-path set size:undefined disposed:false
2360 silly fetch manifest glob-parent@^5.1.2
2361 silly packumentCache full:https://registry.npmjs.org/glob-parent cache-hit
2362 silly fetch manifest merge2@^1.3.0
2363 silly packumentCache full:https://registry.npmjs.org/merge2 cache-miss
2364 http fetch GET 200 https://registry.npmjs.org/merge2 340ms (cache miss)
2365 silly packumentCache full:https://registry.npmjs.org/merge2 set size:undefined disposed:false
2366 silly fetch manifest is-extglob@^2.1.1
2367 silly packumentCache full:https://registry.npmjs.org/is-extglob cache-miss
2368 http fetch GET 200 https://registry.npmjs.org/is-extglob 62ms (cache miss)
2369 silly packumentCache full:https://registry.npmjs.org/is-extglob set size:undefined disposed:false
2370 silly fetch manifest braces@^3.0.3
2371 silly packumentCache full:https://registry.npmjs.org/braces cache-miss
2372 http cache https://registry.npmjs.org/braces 10ms (cache hit)
2373 silly packumentCache full:https://registry.npmjs.org/braces set size:114529 disposed:false
2374 silly fetch manifest picomatch@^2.3.1
2375 silly packumentCache full:https://registry.npmjs.org/picomatch cache-hit
2376 silly fetch manifest resolve@^1.1.7
2377 silly packumentCache full:https://registry.npmjs.org/resolve cache-miss
2378 http fetch GET 200 https://registry.npmjs.org/@nodelib%2ffs.stat 714ms (cache miss)
2379 silly packumentCache full:https://registry.npmjs.org/@nodelib%2ffs.stat set size:undefined disposed:false
2380 silly fetch manifest read-cache@^1.0.0
2381 silly packumentCache full:https://registry.npmjs.org/read-cache cache-miss
2382 http cache https://registry.npmjs.org/resolve 27ms (cache hit)
2383 silly packumentCache full:https://registry.npmjs.org/resolve set size:244568 disposed:false
2384 silly fetch manifest postcss-value-parser@^4.0.0
2385 silly packumentCache full:https://registry.npmjs.org/postcss-value-parser cache-miss
2386 http fetch GET 200 https://registry.npmjs.org/postcss-value-parser 59ms (cache miss)
2387 silly packumentCache full:https://registry.npmjs.org/postcss-value-parser set size:undefined disposed:false
2388 silly fetch manifest camelcase-css@^2.0.1
2389 silly packumentCache full:https://registry.npmjs.org/camelcase-css cache-miss
2390 http fetch GET 200 https://registry.npmjs.org/@nodelib%2ffs.walk 748ms (cache miss)
2391 silly packumentCache full:https://registry.npmjs.org/@nodelib%2ffs.walk set size:undefined disposed:false
2392 silly fetch manifest postcss-selector-parser@^6.1.1
2393 silly packumentCache full:https://registry.npmjs.org/postcss-selector-parser cache-miss
2394 http cache https://registry.npmjs.org/postcss-selector-parser 15ms (cache hit)
2395 silly packumentCache full:https://registry.npmjs.org/postcss-selector-parser set size:177140 disposed:false
2396 silly fetch manifest cssesc@^3.0.0
2397 silly packumentCache full:https://registry.npmjs.org/cssesc cache-miss
2398 http fetch GET 200 https://registry.npmjs.org/read-cache 316ms (cache miss)
2399 silly packumentCache full:https://registry.npmjs.org/read-cache set size:undefined disposed:false
2400 silly fetch manifest util-deprecate@^1.0.2
2401 silly packumentCache full:https://registry.npmjs.org/util-deprecate cache-miss
2402 http fetch GET 200 https://registry.npmjs.org/camelcase-css 326ms (cache miss)
2403 silly packumentCache full:https://registry.npmjs.org/camelcase-css set size:undefined disposed:false
2404 silly fetch manifest es-errors@^1.3.0
2405 silly packumentCache full:https://registry.npmjs.org/es-errors cache-miss
2406 http fetch GET 200 https://registry.npmjs.org/es-errors 71ms (cache miss)
2407 silly packumentCache full:https://registry.npmjs.org/es-errors set size:undefined disposed:false
2408 silly fetch manifest path-parse@^1.0.7
2409 silly packumentCache full:https://registry.npmjs.org/path-parse cache-miss
2410 http fetch GET 200 https://registry.npmjs.org/path-parse 64ms (cache miss)
2411 silly packumentCache full:https://registry.npmjs.org/path-parse set size:undefined disposed:false
2412 silly fetch manifest is-core-module@^2.16.1
2413 silly packumentCache full:https://registry.npmjs.org/is-core-module cache-miss
2414 http fetch GET 200 https://registry.npmjs.org/cssesc 321ms (cache miss)
2415 silly packumentCache full:https://registry.npmjs.org/cssesc set size:undefined disposed:false
2416 silly fetch manifest supports-preserve-symlinks-flag@^1.0.0
2417 silly packumentCache full:https://registry.npmjs.org/supports-preserve-symlinks-flag cache-miss
2418 http fetch GET 200 https://registry.npmjs.org/supports-preserve-symlinks-flag 116ms (cache miss)
2419 silly packumentCache full:https://registry.npmjs.org/supports-preserve-symlinks-flag set size:undefined disposed:false
2420 silly fetch manifest commander@^4.0.0
2421 silly packumentCache full:https://registry.npmjs.org/commander cache-miss
2422 http fetch GET 200 https://registry.npmjs.org/util-deprecate 377ms (cache miss)
2423 silly packumentCache full:https://registry.npmjs.org/util-deprecate set size:undefined disposed:false
2424 silly fetch manifest lines-and-columns@^1.1.6
2425 silly packumentCache full:https://registry.npmjs.org/lines-and-columns cache-miss
2426 http fetch GET 200 https://registry.npmjs.org/is-core-module 157ms (cache miss)
2427 silly packumentCache full:https://registry.npmjs.org/is-core-module set size:undefined disposed:false
2428 silly fetch manifest mz@^2.7.0
2429 silly packumentCache full:https://registry.npmjs.org/mz cache-miss
2430 http fetch GET 200 https://registry.npmjs.org/lines-and-columns 354ms (cache miss)
2431 silly packumentCache full:https://registry.npmjs.org/lines-and-columns set size:undefined disposed:false
2432 silly fetch manifest pirates@^4.0.1
2433 silly packumentCache full:https://registry.npmjs.org/pirates cache-miss
2434 http fetch GET 200 https://registry.npmjs.org/mz 360ms (cache miss)
2435 silly packumentCache full:https://registry.npmjs.org/mz set size:undefined disposed:false
2436 silly fetch manifest ts-interface-checker@^0.1.9
2437 silly packumentCache full:https://registry.npmjs.org/ts-interface-checker cache-miss
2438 http fetch GET 200 https://registry.npmjs.org/commander 416ms (cache miss)
2439 silly packumentCache full:https://registry.npmjs.org/commander set size:undefined disposed:false
2440 http fetch GET 200 https://registry.npmjs.org/pirates 341ms (cache miss)
2441 silly packumentCache full:https://registry.npmjs.org/pirates set size:undefined disposed:false
2442 http fetch GET 200 https://registry.npmjs.org/ts-interface-checker 327ms (cache miss)
2443 silly packumentCache full:https://registry.npmjs.org/ts-interface-checker set size:undefined disposed:false
2444 silly placeDep ROOT @nodelib/fs.stat@2.0.5 OK for: fast-glob@3.3.3 want: ^2.0.2
2445 silly placeDep ROOT @nodelib/fs.walk@1.2.8 OK for: fast-glob@3.3.3 want: ^1.2.3
2446 silly placeDep node_modules/fast-glob glob-parent@5.1.2 OK for: fast-glob@3.3.3 want: ^5.1.2
2447 silly placeDep ROOT merge2@1.4.1 OK for: fast-glob@3.3.3 want: ^1.3.0
2448 silly fetch manifest fastq@^1.6.0
2449 silly packumentCache full:https://registry.npmjs.org/fastq cache-miss
2450 silly fetch manifest @nodelib/fs.scandir@2.1.5
2451 silly packumentCache full:https://registry.npmjs.org/@nodelib%2ffs.scandir cache-miss
2452 http fetch GET 200 https://registry.npmjs.org/fastq 358ms (cache miss)
2453 silly packumentCache full:https://registry.npmjs.org/fastq set size:undefined disposed:false
2454 http fetch GET 200 https://registry.npmjs.org/@nodelib%2ffs.scandir 700ms (cache miss)
2455 silly packumentCache full:https://registry.npmjs.org/@nodelib%2ffs.scandir set size:undefined disposed:false
2456 silly placeDep ROOT @nodelib/fs.scandir@2.1.5 OK for: @nodelib/fs.walk@1.2.8 want: 2.1.5
2457 silly placeDep ROOT fastq@1.20.1 OK for: @nodelib/fs.walk@1.2.8 want: ^1.6.0
2458 silly fetch manifest run-parallel@^1.1.9
2459 silly packumentCache full:https://registry.npmjs.org/run-parallel cache-miss
2460 silly fetch manifest reusify@^1.0.4
2461 silly packumentCache full:https://registry.npmjs.org/reusify cache-miss
2462 http fetch GET 200 https://registry.npmjs.org/run-parallel 325ms (cache miss)
2463 silly packumentCache full:https://registry.npmjs.org/run-parallel set size:undefined disposed:false
2464 http fetch GET 200 https://registry.npmjs.org/reusify 333ms (cache miss)
2465 silly packumentCache full:https://registry.npmjs.org/reusify set size:undefined disposed:false
2466 silly placeDep ROOT run-parallel@1.2.0 OK for: @nodelib/fs.scandir@2.1.5 want: ^1.1.9
2467 silly fetch manifest queue-microtask@^1.2.2
2468 silly packumentCache full:https://registry.npmjs.org/queue-microtask cache-miss
2469 http fetch GET 200 https://registry.npmjs.org/queue-microtask 315ms (cache miss)
2470 silly packumentCache full:https://registry.npmjs.org/queue-microtask set size:undefined disposed:false
2471 silly placeDep ROOT reusify@1.1.0 OK for: fastq@1.20.1 want: ^1.0.4
2472 silly placeDep ROOT is-extglob@2.1.1 OK for: is-glob@4.0.3 want: ^2.1.1
2473 silly placeDep ROOT braces@3.0.3 OK for: micromatch@4.0.8 want: ^3.0.3
2474 silly placeDep node_modules/micromatch picomatch@2.3.2 OK for: micromatch@4.0.8 want: ^2.3.1
2475 silly fetch manifest fill-range@^7.1.1
2476 silly packumentCache full:https://registry.npmjs.org/fill-range cache-miss
2477 http fetch GET 200 https://registry.npmjs.org/fill-range 372ms (cache miss)
2478 silly packumentCache full:https://registry.npmjs.org/fill-range set size:undefined disposed:false
2479 silly placeDep ROOT fill-range@7.1.1 OK for: braces@3.0.3 want: ^7.1.1
2480 silly fetch manifest to-regex-range@^5.0.1
2481 silly packumentCache full:https://registry.npmjs.org/to-regex-range cache-miss
2482 http fetch GET 200 https://registry.npmjs.org/to-regex-range 70ms (cache miss)
2483 silly packumentCache full:https://registry.npmjs.org/to-regex-range set size:undefined disposed:false
2484 silly placeDep ROOT to-regex-range@5.0.1 OK for: fill-range@7.1.1 want: ^5.0.1
2485 silly fetch manifest is-number@^7.0.0
2486 silly packumentCache full:https://registry.npmjs.org/is-number cache-miss
2487 http fetch GET 200 https://registry.npmjs.org/is-number 91ms (cache miss)
2488 silly packumentCache full:https://registry.npmjs.org/is-number set size:undefined disposed:false
2489 silly placeDep ROOT postcss-value-parser@4.2.0 OK for: postcss-import@15.1.0 want: ^4.0.0
2490 silly placeDep ROOT read-cache@1.0.0 OK for: postcss-import@15.1.0 want: ^1.0.0
2491 silly fetch manifest pify@^2.3.0
2492 silly packumentCache full:https://registry.npmjs.org/pify cache-miss
2493 http fetch GET 200 https://registry.npmjs.org/pify 367ms (cache miss)
2494 silly packumentCache full:https://registry.npmjs.org/pify set size:undefined disposed:false
2495 silly placeDep ROOT camelcase-css@2.0.1 OK for: postcss-js@4.1.0 want: ^2.0.1
2496 silly placeDep ROOT cssesc@3.0.0 OK for: postcss-selector-parser@6.1.2 want: ^3.0.0
2497 silly placeDep ROOT util-deprecate@1.0.2 OK for: postcss-selector-parser@6.1.2 want: ^1.0.2
2498 silly placeDep ROOT pify@2.3.0 OK for: read-cache@1.0.0 want: ^2.3.0
2499 silly placeDep ROOT es-errors@1.3.0 OK for: resolve@1.22.12 want: ^1.3.0
2500 silly placeDep ROOT is-core-module@2.16.2 OK for: resolve@1.22.12 want: ^2.16.1
2501 silly placeDep ROOT path-parse@1.0.7 OK for: resolve@1.22.12 want: ^1.0.7
2502 silly placeDep ROOT supports-preserve-symlinks-flag@1.0.0 OK for: resolve@1.22.12 want: ^1.0.0
2503 silly fetch manifest hasown@^2.0.3
2504 silly packumentCache full:https://registry.npmjs.org/hasown cache-miss
2505 http fetch GET 200 https://registry.npmjs.org/hasown 66ms (cache miss)
2506 silly packumentCache full:https://registry.npmjs.org/hasown set size:undefined disposed:false
2507 silly placeDep ROOT hasown@2.0.4 OK for: is-core-module@2.16.2 want: ^2.0.3
2508 silly fetch manifest function-bind@^1.1.2
2509 silly packumentCache full:https://registry.npmjs.org/function-bind cache-miss
2510 http fetch GET 200 https://registry.npmjs.org/function-bind 200ms (cache miss)
2511 silly packumentCache full:https://registry.npmjs.org/function-bind set size:undefined disposed:false
2512 silly placeDep ROOT function-bind@1.1.2 OK for: hasown@2.0.4 want: ^1.1.2
2513 silly placeDep ROOT queue-microtask@1.2.3 OK for: run-parallel@1.2.0 want: ^1.2.2
2514 silly placeDep ROOT commander@4.1.1 OK for: sucrase@3.35.1 want: ^4.0.0
2515 silly placeDep ROOT lines-and-columns@1.2.4 OK for: sucrase@3.35.1 want: ^1.1.6
2516 silly placeDep ROOT mz@2.7.0 OK for: sucrase@3.35.1 want: ^2.7.0
2517 silly placeDep ROOT pirates@4.0.7 OK for: sucrase@3.35.1 want: ^4.0.1
2518 silly placeDep ROOT ts-interface-checker@0.1.13 OK for: sucrase@3.35.1 want: ^0.1.9
2519 silly fetch manifest any-promise@^1.0.0
2520 silly packumentCache full:https://registry.npmjs.org/any-promise cache-miss
2521 silly fetch manifest thenify-all@^1.0.0
2522 silly packumentCache full:https://registry.npmjs.org/thenify-all cache-miss
2523 http fetch GET 200 https://registry.npmjs.org/any-promise 362ms (cache miss)
2524 silly packumentCache full:https://registry.npmjs.org/any-promise set size:undefined disposed:false
2525 http fetch GET 200 https://registry.npmjs.org/thenify-all 370ms (cache miss)
2526 silly packumentCache full:https://registry.npmjs.org/thenify-all set size:undefined disposed:false
2527 silly placeDep ROOT any-promise@1.3.0 OK for: mz@2.7.0 want: ^1.0.0
2528 silly placeDep ROOT thenify-all@1.6.0 OK for: mz@2.7.0 want: ^1.0.0
2529 silly fetch manifest thenify@>= 3.1.0 < 4
2530 silly packumentCache full:https://registry.npmjs.org/thenify cache-miss
2531 http fetch GET 200 https://registry.npmjs.org/thenify 300ms (cache miss)
2532 silly packumentCache full:https://registry.npmjs.org/thenify set size:undefined disposed:false
2533 silly placeDep ROOT thenify@3.3.1 OK for: thenify-all@1.6.0 want: >= 3.1.0 < 4
2534 silly placeDep ROOT is-number@7.0.0 OK for: to-regex-range@5.0.1 want: ^7.0.0
2535 silly placeDep ROOT anymatch@3.1.3 OK for: chokidar@3.6.0 want: ~3.1.2
2536 silly placeDep node_modules/lovable-tagger/node_modules/chokidar glob-parent@5.1.2 OK for: chokidar@3.6.0 want: ~5.1.2
2537 silly placeDep ROOT is-binary-path@2.1.0 OK for: chokidar@3.6.0 want: ~2.1.0
2538 silly placeDep node_modules/lovable-tagger readdirp@3.6.0 OK for: chokidar@3.6.0 want: ~3.6.0
2539 silly fetch manifest picomatch@^2.0.4
2540 silly packumentCache full:https://registry.npmjs.org/picomatch cache-hit
2541 silly fetch manifest binary-extensions@^2.0.0
2542 silly packumentCache full:https://registry.npmjs.org/binary-extensions cache-miss
2543 silly fetch manifest picomatch@^2.2.1
2544 silly packumentCache full:https://registry.npmjs.org/picomatch cache-hit
2545 http fetch GET 200 https://registry.npmjs.org/binary-extensions 317ms (cache miss)
2546 silly packumentCache full:https://registry.npmjs.org/binary-extensions set size:undefined disposed:false
2547 silly placeDep node_modules/anymatch picomatch@2.3.2 OK for: anymatch@3.1.3 want: ^2.0.4
2548 silly placeDep ROOT binary-extensions@2.3.0 OK for: is-binary-path@2.1.0 want: ^2.0.0
2549 silly placeDep node_modules/lovable-tagger picomatch@2.3.2 OK for: readdirp@3.6.0 want: ^2.2.1
2550 silly placeDep node_modules/vite @esbuild/aix-ppc64@0.27.7 OK for: esbuild@0.27.7 want: 0.27.7
2551 silly placeDep node_modules/vite @esbuild/android-arm@0.27.7 OK for: esbuild@0.27.7 want: 0.27.7
2552 silly placeDep node_modules/vite @esbuild/android-arm64@0.27.7 OK for: esbuild@0.27.7 want: 0.27.7
2553 silly placeDep node_modules/vite @esbuild/android-x64@0.27.7 OK for: esbuild@0.27.7 want: 0.27.7
2554 silly placeDep node_modules/vite @esbuild/darwin-arm64@0.27.7 OK for: esbuild@0.27.7 want: 0.27.7
2555 silly placeDep node_modules/vite @esbuild/darwin-x64@0.27.7 OK for: esbuild@0.27.7 want: 0.27.7
2556 silly placeDep node_modules/vite @esbuild/freebsd-arm64@0.27.7 OK for: esbuild@0.27.7 want: 0.27.7
2557 silly placeDep node_modules/vite @esbuild/freebsd-x64@0.27.7 OK for: esbuild@0.27.7 want: 0.27.7
2558 silly placeDep node_modules/vite @esbuild/linux-arm@0.27.7 OK for: esbuild@0.27.7 want: 0.27.7
2559 silly placeDep node_modules/vite @esbuild/linux-arm64@0.27.7 OK for: esbuild@0.27.7 want: 0.27.7
2560 silly placeDep node_modules/vite @esbuild/linux-ia32@0.27.7 OK for: esbuild@0.27.7 want: 0.27.7
2561 silly placeDep node_modules/vite @esbuild/linux-loong64@0.27.7 OK for: esbuild@0.27.7 want: 0.27.7
2562 silly placeDep node_modules/vite @esbuild/linux-mips64el@0.27.7 OK for: esbuild@0.27.7 want: 0.27.7
2563 silly placeDep node_modules/vite @esbuild/linux-ppc64@0.27.7 OK for: esbuild@0.27.7 want: 0.27.7
2564 silly placeDep node_modules/vite @esbuild/linux-riscv64@0.27.7 OK for: esbuild@0.27.7 want: 0.27.7
2565 silly placeDep node_modules/vite @esbuild/linux-s390x@0.27.7 OK for: esbuild@0.27.7 want: 0.27.7
2566 silly placeDep node_modules/vite @esbuild/linux-x64@0.27.7 OK for: esbuild@0.27.7 want: 0.27.7
2567 silly placeDep node_modules/vite @esbuild/netbsd-arm64@0.27.7 OK for: esbuild@0.27.7 want: 0.27.7
2568 silly placeDep node_modules/vite @esbuild/netbsd-x64@0.27.7 OK for: esbuild@0.27.7 want: 0.27.7
2569 silly placeDep node_modules/vite @esbuild/openbsd-arm64@0.27.7 OK for: esbuild@0.27.7 want: 0.27.7
2570 silly placeDep node_modules/vite @esbuild/openbsd-x64@0.27.7 OK for: esbuild@0.27.7 want: 0.27.7
2571 silly placeDep node_modules/vite @esbuild/openharmony-arm64@0.27.7 OK for: esbuild@0.27.7 want: 0.27.7
2572 silly placeDep node_modules/vite @esbuild/sunos-x64@0.27.7 OK for: esbuild@0.27.7 want: 0.27.7
2573 silly placeDep node_modules/vite @esbuild/win32-arm64@0.27.7 OK for: esbuild@0.27.7 want: 0.27.7
2574 silly placeDep node_modules/vite @esbuild/win32-ia32@0.27.7 OK for: esbuild@0.27.7 want: 0.27.7
2575 silly placeDep node_modules/vite @esbuild/win32-x64@0.27.7 OK for: esbuild@0.27.7 want: 0.27.7
2576 silly reify moves {}
2577 silly audit bulk request {
2577 silly audit   '@hookform/resolvers': [ '3.10.0' ],
2577 silly audit   'react-hook-form': [ '7.77.0' ],
2577 silly audit   react: [ '19.1.0' ],
2577 silly audit   '@lovable.dev/vite-tanstack-config': [ '2.3.1' ],
2577 silly audit   vite: [ '7.3.5' ],
2577 silly audit   '@tailwindcss/vite': [ '4.3.0' ],
2577 silly audit   'vite-tsconfig-paths': [ '6.1.1' ],
2577 silly audit   '@vitejs/plugin-react': [ '5.2.0' ],
2577 silly audit   '@tanstack/react-start': [ '1.168.19' ],
2577 silly audit   'react-dom': [ '19.1.0' ],
2577 silly audit   '@radix-ui/react-accordion': [ '1.2.12' ],
2577 silly audit   '@radix-ui/react-alert-dialog': [ '1.1.15' ],
2577 silly audit   '@radix-ui/react-aspect-ratio': [ '1.1.8' ],
2577 silly audit   '@radix-ui/react-avatar': [ '1.1.11' ],
2577 silly audit   '@radix-ui/react-checkbox': [ '1.3.3' ],
2577 silly audit   '@radix-ui/react-collapsible': [ '1.1.12' ],
2577 silly audit   '@radix-ui/react-context-menu': [ '2.2.16' ],
2577 silly audit   '@radix-ui/react-dialog': [ '1.1.15' ],
2577 silly audit   '@radix-ui/react-dropdown-menu': [ '2.1.16' ],
2577 silly audit   '@radix-ui/react-hover-card': [ '1.1.15' ],
2577 silly audit   '@radix-ui/react-label': [ '2.1.8' ],
2577 silly audit   '@radix-ui/react-menubar': [ '1.1.16' ],
2577 silly audit   '@radix-ui/react-navigation-menu': [ '1.2.14' ],
2577 silly audit   '@radix-ui/react-popover': [ '1.1.15' ],
2577 silly audit   '@radix-ui/react-progress': [ '1.1.8' ],
2577 silly audit   '@radix-ui/react-radio-group': [ '1.3.8' ],
2577 silly audit   '@radix-ui/react-scroll-area': [ '1.2.10' ],
2577 silly audit   '@radix-ui/react-select': [ '2.2.6' ],
2577 silly audit   '@radix-ui/react-separator': [ '1.1.8' ],
2577 silly audit   '@radix-ui/react-slider': [ '1.3.6' ],
2577 silly audit   '@radix-ui/react-slot': [ '1.2.4', '1.2.3' ],
2577 silly audit   '@radix-ui/react-switch': [ '1.2.6' ],
2577 silly audit   '@radix-ui/react-tabs': [ '1.1.13' ],
2577 silly audit   '@radix-ui/react-toggle': [ '1.1.10' ],
2577 silly audit   '@radix-ui/react-toggle-group': [ '1.1.11' ],
2577 silly audit   '@radix-ui/react-tooltip': [ '1.2.8' ],
2577 silly audit   '@supabase/supabase-js': [ '2.107.0' ],
2577 silly audit   '@tanstack/react-query': [ '5.101.0' ],
2577 silly audit   '@tanstack/react-router': [ '1.170.11' ],
2577 silly audit   '@types/node': [ '25.9.1' ],
2577 silly audit   '@types/react': [ '19.2.16' ],
2577 silly audit   '@types/react-dom': [ '19.2.3' ],
2577 silly audit   'class-variance-authority': [ '0.7.1' ],
2577 silly audit   clsx: [ '2.1.1' ],
2577 silly audit   cmdk: [ '1.1.1' ],
2577 silly audit   'date-fns': [ '3.6.0', '4.4.0' ],
2577 silly audit   'embla-carousel-react': [ '8.6.0' ],
2577 silly audit   'framer-motion': [ '12.40.0' ],
2577 silly audit   'input-otp': [ '1.4.2' ],
2577 silly audit   'lucide-react': [ '0.545.0' ],
2577 silly audit   'next-themes': [ '0.4.6' ],
2577 silly audit   prettier: [ '3.8.3' ],
2577 silly audit   'react-day-picker': [ '9.14.0' ],
2577 silly audit   'react-resizable-panels': [ '2.1.9' ],
2577 silly audit   recharts: [ '2.15.4' ],
2577 silly audit   sonner: [ '2.0.7' ],
2577 silly audit   'tailwind-merge': [ '3.6.0' ],
2577 silly audit   tailwindcss: [ '4.3.0', '3.4.19' ],
2577 silly audit   typescript: [ '5.9.3' ],
2577 silly audit   vaul: [ '1.1.2' ],
2577 silly audit   zod: [ '3.25.76', '4.4.3' ],
2577 silly audit   '@lovable.dev/vite-plugin-dev-server-bridge': [ '1.0.0' ],
2577 silly audit   '@lovable.dev/vite-plugin-hmr-gate': [ '1.0.0' ],
2577 silly audit   lightningcss: [ '1.32.0' ],
2577 silly audit   'lovable-tagger': [ '1.2.0' ],
2577 silly audit   '@radix-ui/primitive': [ '1.1.3' ],
2577 silly audit   '@radix-ui/react-collection': [ '1.1.7' ],
2577 silly audit   '@radix-ui/react-compose-refs': [ '1.1.2' ],
2577 silly audit   '@radix-ui/react-context': [ '1.1.2', '1.1.3' ],
2577 silly audit   '@radix-ui/react-direction': [ '1.1.1' ],
2577 silly audit   '@radix-ui/react-id': [ '1.1.1' ],
2577 silly audit   '@radix-ui/react-primitive': [ '2.1.3', '2.1.4' ],
2577 silly audit   '@radix-ui/react-use-controllable-state': [ '1.2.2' ],
2577 silly audit   '@radix-ui/react-use-callback-ref': [ '1.1.1' ],
2577 silly audit   '@radix-ui/react-use-is-hydrated': [ '0.1.0' ],
2577 silly audit   '@radix-ui/react-use-layout-effect': [ '1.1.1' ],
2577 silly audit   '@radix-ui/react-presence': [ '1.1.5' ],
2577 silly audit   '@radix-ui/react-use-previous': [ '1.1.1' ],
2577 silly audit   '@radix-ui/react-use-size': [ '1.1.1' ],
2577 silly audit   '@radix-ui/react-menu': [ '2.1.16' ],
2577 silly audit   '@radix-ui/react-dismissable-layer': [ '1.1.11' ],
2577 silly audit   '@radix-ui/react-focus-guards': [ '1.1.3' ],
2577 silly audit   '@radix-ui/react-focus-scope': [ '1.1.7' ],
2577 silly audit   '@radix-ui/react-portal': [ '1.1.9' ],
2577 silly audit   'aria-hidden': [ '1.2.6' ],
2577 silly audit   'react-remove-scroll': [ '2.7.2' ],
2577 silly audit   '@radix-ui/react-use-escape-keydown': [ '1.1.1' ],
2577 silly audit   '@radix-ui/react-popper': [ '1.2.8' ],
2577 silly audit   '@radix-ui/react-roving-focus': [ '1.1.11' ],
2577 silly audit   '@radix-ui/react-visually-hidden': [ '1.2.3' ],
2577 silly audit   '@floating-ui/react-dom': [ '2.1.8' ],
2577 silly audit   '@radix-ui/react-arrow': [ '1.1.7' ],
2577 silly audit   '@radix-ui/react-use-rect': [ '1.1.1' ],
2577 silly audit   '@radix-ui/rect': [ '1.1.1' ],
2577 silly audit   '@floating-ui/dom': [ '1.7.6' ],
2577 silly audit   '@floating-ui/core': [ '1.7.5' ],
2577 silly audit   '@floating-ui/utils': [ '0.2.11' ],
2577 silly audit   '@radix-ui/number': [ '1.1.1' ],
2577 silly audit   '@radix-ui/react-use-effect-event': [ '0.0.2' ],
2577 silly audit   'use-sync-external-store': [ '1.6.0' ],
2577 silly audit   '@supabase/auth-js': [ '2.107.0' ],
2577 silly audit   '@supabase/functions-js': [ '2.107.0' ],
2577 silly audit   '@supabase/postgrest-js': [ '2.107.0' ],
2577 silly audit   '@supabase/realtime-js': [ '2.107.0' ],
2577 silly audit   '@supabase/storage-js': [ '2.107.0' ],
2577 silly audit   tslib: [ '2.8.1' ],
2577 silly audit   '@supabase/phoenix': [ '0.4.2' ],
2577 silly audit   'iceberg-js': [ '0.8.1' ],
2577 silly audit   '@tailwindcss/node': [ '4.3.0' ],
2577 silly audit   '@tailwindcss/oxide': [ '4.3.0' ],
2577 silly audit   '@jridgewell/remapping': [ '2.3.5' ],
2577 silly audit   'enhanced-resolve': [ '5.22.1' ],
2577 silly audit   jiti: [ '2.7.0', '1.21.7' ],
2577 silly audit   'magic-string': [ '0.30.21' ],
2577 silly audit   'source-map-js': [ '1.2.1' ],
2577 silly audit   '@jridgewell/gen-mapping': [ '0.3.13' ],
2577 silly audit   '@jridgewell/trace-mapping': [ '0.3.31' ],
2577 silly audit   '@jridgewell/sourcemap-codec': [ '1.5.5' ],
2577 silly audit   '@jridgewell/resolve-uri': [ '3.1.2' ],
2577 silly audit   '@tailwindcss/oxide-android-arm64': [ '4.3.0' ],
2577 silly audit   '@tailwindcss/oxide-darwin-arm64': [ '4.3.0' ],
2577 silly audit   '@tailwindcss/oxide-darwin-x64': [ '4.3.0' ],
2577 silly audit   '@tailwindcss/oxide-freebsd-x64': [ '4.3.0' ],
2577 silly audit   '@tailwindcss/oxide-linux-arm-gnueabihf': [ '4.3.0' ],
2577 silly audit   '@tailwindcss/oxide-linux-arm64-gnu': [ '4.3.0' ],
2577 silly audit   '@tailwindcss/oxide-linux-arm64-musl': [ '4.3.0' ],
2577 silly audit   '@tailwindcss/oxide-linux-x64-gnu': [ '4.3.0' ],
2577 silly audit   '@tailwindcss/oxide-linux-x64-musl': [ '4.3.0' ],
2577 silly audit   '@tailwindcss/oxide-wasm32-wasi': [ '4.3.0' ],
2577 silly audit   '@tailwindcss/oxide-win32-arm64-msvc': [ '4.3.0' ],
2577 silly audit   '@tailwindcss/oxide-win32-x64-msvc': [ '4.3.0' ],
2577 silly audit   '@tanstack/query-core': [ '5.101.0' ],
2577 silly audit   '@tanstack/history': [ '1.162.0' ],
2577 silly audit   '@tanstack/react-store': [ '0.9.3' ],
2577 silly audit   '@tanstack/router-core': [ '1.171.9' ],
2577 silly audit   isbot: [ '5.1.40' ],
2577 silly audit   '@tanstack/react-start-client': [ '1.168.8' ],
2577 silly audit   '@tanstack/react-start-rsc': [ '0.1.18' ],
2577 silly audit   '@tanstack/react-start-server': [ '1.167.14' ],
2577 silly audit   '@tanstack/router-utils': [ '1.162.1' ],
2577 silly audit   '@tanstack/start-client-core': [ '1.170.7' ],
2577 silly audit   '@tanstack/start-plugin-core': [ '1.171.11' ],
2577 silly audit   '@tanstack/start-server-core': [ '1.169.9' ],
2577 silly audit   pathe: [ '2.0.3' ],
2577 silly audit   '@tanstack/store': [ '0.9.3' ],
2577 silly audit   'cookie-es': [ '3.1.1' ],
2577 silly audit   seroval: [ '1.5.4' ],
2577 silly audit   'seroval-plugins': [ '1.5.4' ],
2577 silly audit   '@babel/core': [ '7.29.7' ],
2577 silly audit   '@babel/generator': [ '7.29.7' ],
2577 silly audit   '@babel/parser': [ '7.29.7' ],
2577 silly audit   '@babel/types': [ '7.29.7' ],
2577 silly audit   ansis: [ '4.3.1' ],
2577 silly audit   'babel-dead-code-elimination': [ '1.0.12' ],
2577 silly audit   diff: [ '8.0.4' ],
2577 silly audit   tinyglobby: [ '0.2.17' ],
2577 silly audit   '@babel/code-frame': [ '7.29.7', '7.27.1' ],
2577 silly audit   '@babel/helper-compilation-targets': [ '7.29.7' ],
2577 silly audit   '@babel/helper-module-transforms': [ '7.29.7' ],
2577 silly audit   '@babel/helpers': [ '7.29.7' ],
2577 silly audit   '@babel/template': [ '7.29.7' ],
2577 silly audit   '@babel/traverse': [ '7.29.7' ],
2577 silly audit   'convert-source-map': [ '2.0.0' ],
2577 silly audit   debug: [ '4.4.3' ],
2577 silly audit   gensync: [ '1.0.0-beta.2' ],
2577 silly audit   json5: [ '2.2.3' ],
2577 silly audit   semver: [ '6.3.1' ],
2577 silly audit   '@babel/helper-validator-identifier': [ '7.29.7' ],
2577 silly audit   'js-tokens': [ '4.0.0' ],
2577 silly audit   picocolors: [ '1.1.1' ],
2577 silly audit   jsesc: [ '3.1.0' ],
2577 silly audit   '@babel/compat-data': [ '7.29.7' ],
2577 silly audit   '@babel/helper-validator-option': [ '7.29.7' ],
2577 silly audit   browserslist: [ '4.28.2' ],
2577 silly audit   'lru-cache': [ '5.1.1' ],
2577 silly audit   '@babel/helper-module-imports': [ '7.29.7' ],
2577 silly audit   '@babel/helper-globals': [ '7.29.7' ],
2577 silly audit   '@babel/helper-string-parser': [ '7.29.7' ],
2577 silly audit   '@tanstack/start-fn-stubs': [ '1.162.0' ],
2577 silly audit   '@tanstack/start-storage-context': [ '1.167.11' ],
2577 silly audit   '@rolldown/pluginutils': [ '1.0.1', '1.0.0-rc.3' ],
2577 silly audit   '@tanstack/router-generator': [ '1.167.13' ],
2577 silly audit   '@tanstack/router-plugin': [ '1.168.14' ],
2577 silly audit   exsolve: [ '1.0.8' ],
2577 silly audit   picomatch: [ '4.0.4', '2.3.2' ],
2577 silly audit   'source-map': [ '0.7.6' ],
2577 silly audit   srvx: [ '0.11.16' ],
2577 silly audit   ufo: [ '1.6.4' ],
2577 silly audit   vitefu: [ '1.1.3' ],
2577 silly audit   xmlbuilder2: [ '4.0.3' ],
2577 silly audit   '@tanstack/virtual-file-routes': [ '1.162.0' ],
2577 silly audit   '@babel/plugin-syntax-jsx': [ '7.29.7' ],
2577 silly audit   '@babel/plugin-syntax-typescript': [ '7.29.7' ],
2577 silly audit   chokidar: [ '5.0.0', '3.6.0' ],
2577 silly audit   unplugin: [ '3.0.0' ],
2577 silly audit   '@babel/helper-plugin-utils': [ '7.29.7' ],
2577 silly audit   fetchdts: [ '0.1.7' ],
2577 silly audit   h3: [ '2.0.1-rc.20' ],
2577 silly audit   'undici-types': [ '7.24.6' ],
2577 silly audit   csstype: [ '3.2.3' ],
2577 silly audit   '@babel/plugin-transform-react-jsx-self': [ '7.29.7' ],
2577 silly audit   '@babel/plugin-transform-react-jsx-source': [ '7.29.7' ],
2577 silly audit   '@types/babel__core': [ '7.20.5' ],
2577 silly audit   'react-refresh': [ '0.18.0' ],
2577 silly audit   '@types/babel__generator': [ '7.27.0' ],
2577 silly audit   '@types/babel__template': [ '7.4.4' ],
2577 silly audit   '@types/babel__traverse': [ '7.28.0' ],
2577 silly audit   'baseline-browser-mapping': [ '2.10.33' ],
2577 silly audit   'caniuse-lite': [ '1.0.30001793' ],
2577 silly audit   'electron-to-chromium': [ '1.5.366' ],
2577 silly audit   'node-releases': [ '2.0.47' ],
2577 silly audit   'update-browserslist-db': [ '1.2.3' ],
2577 silly audit   readdirp: [ '5.0.0', '3.6.0' ],
2577 silly audit   ms: [ '2.1.3' ],
2577 silly audit   'embla-carousel': [ '8.6.0' ],
2577 silly audit   'embla-carousel-reactive-utils': [ '8.6.0' ],
2577 silly audit   'graceful-fs': [ '4.2.11' ],
2577 silly audit   tapable: [ '2.3.3' ],
2577 silly audit   'motion-dom': [ '12.40.0' ],
2577 silly audit   'motion-utils': [ '12.39.0' ],
2577 silly audit   rou3: [ '0.8.1' ],
2577 silly audit   'detect-libc': [ '2.1.2' ],
2577 silly audit   'lightningcss-android-arm64': [ '1.32.0' ],
2577 silly audit   'lightningcss-darwin-arm64': [ '1.32.0' ],
2577 silly audit   'lightningcss-darwin-x64': [ '1.32.0' ],
2577 silly audit   'lightningcss-freebsd-x64': [ '1.32.0' ],
2577 silly audit   'lightningcss-linux-arm-gnueabihf': [ '1.32.0' ],
2577 silly audit   'lightningcss-linux-arm64-gnu': [ '1.32.0' ],
2577 silly audit   'lightningcss-linux-arm64-musl': [ '1.32.0' ],
2577 silly audit   'lightningcss-linux-x64-gnu': [ '1.32.0' ],
2577 silly audit   'lightningcss-linux-x64-musl': [ '1.32.0' ],
2577 silly audit   'lightningcss-win32-arm64-msvc': [ '1.32.0' ],
2577 silly audit   'lightningcss-win32-x64-msvc': [ '1.32.0' ],
2577 silly audit   esbuild: [ '0.25.12', '0.27.7' ],
2577 silly audit   '@esbuild/aix-ppc64': [ '0.25.12', '0.27.7' ],
2577 silly audit   '@esbuild/android-arm': [ '0.25.12', '0.27.7' ],
2577 silly audit   '@esbuild/android-arm64': [ '0.25.12', '0.27.7' ],
2577 silly audit   '@esbuild/android-x64': [ '0.25.12', '0.27.7' ],
2577 silly audit   '@esbuild/darwin-arm64': [ '0.25.12', '0.27.7' ],
2577 silly audit   '@esbuild/darwin-x64': [ '0.25.12', '0.27.7' ],
2577 silly audit   '@esbuild/freebsd-arm64': [ '0.25.12', '0.27.7' ],
2577 silly audit   '@esbuild/freebsd-x64': [ '0.25.12', '0.27.7' ],
2577 silly audit   '@esbuild/linux-arm': [ '0.25.12', '0.27.7' ],
2577 silly audit   '@esbuild/linux-arm64': [ '0.25.12', '0.27.7' ],
2577 silly audit   '@esbuild/linux-ia32': [ '0.25.12', '0.27.7' ],
2577 silly audit   '@esbuild/linux-loong64': [ '0.25.12', '0.27.7' ],
2577 silly audit   '@esbuild/linux-mips64el': [ '0.25.12', '0.27.7' ],
2577 silly audit   '@esbuild/linux-ppc64': [ '0.25.12', '0.27.7' ],
2577 silly audit   '@esbuild/linux-riscv64': [ '0.25.12', '0.27.7' ],
2577 silly audit   '@esbuild/linux-s390x': [ '0.25.12', '0.27.7' ],
2577 silly audit   '@esbuild/linux-x64': [ '0.25.12', '0.27.7' ],
2577 silly audit   '@esbuild/netbsd-arm64': [ '0.25.12', '0.27.7' ],
2577 silly audit   '@esbuild/netbsd-x64': [ '0.25.12', '0.27.7' ],
2577 silly audit   '@esbuild/openbsd-arm64': [ '0.25.12', '0.27.7' ],
2577 silly audit   '@esbuild/openbsd-x64': [ '0.25.12', '0.27.7' ],
2577 silly audit   '@esbuild/openharmony-arm64': [ '0.25.12', '0.27.7' ],
2577 silly audit   '@esbuild/sunos-x64': [ '0.25.12', '0.27.7' ],
2577 silly audit   '@esbuild/win32-arm64': [ '0.25.12', '0.27.7' ],
2577 silly audit   '@esbuild/win32-ia32': [ '0.25.12', '0.27.7' ],
2577 silly audit   '@esbuild/win32-x64': [ '0.25.12', '0.27.7' ],
2577 silly audit   yallist: [ '3.1.1' ],
2577 silly audit   '@date-fns/tz': [ '1.5.0' ],
2577 silly audit   '@tabby_ai/hijri-converter': [ '1.0.5' ],
2577 silly audit   'date-fns-jalali': [ '4.1.0-0' ],
2577 silly audit   scheduler: [ '0.26.0' ],
2577 silly audit   'react-remove-scroll-bar': [ '2.3.8' ],
2577 silly audit   'react-style-singleton': [ '2.2.3' ],
2577 silly audit   'use-callback-ref': [ '1.3.3' ],
2577 silly audit   'use-sidecar': [ '1.1.3' ],
2577 silly audit   'get-nonce': [ '1.0.1' ],
2577 silly audit   eventemitter3: [ '4.0.7' ],
2577 silly audit   lodash: [ '4.18.1' ],
2577 silly audit   'react-is': [ '18.3.1', '16.13.1' ],
2577 silly audit   'react-smooth': [ '4.0.4' ],
2577 silly audit   'recharts-scale': [ '0.4.5' ],
2577 silly audit   'tiny-invariant': [ '1.3.3' ],
2577 silly audit   'victory-vendor': [ '36.9.2' ],
2577 silly audit   'fast-equals': [ '5.4.0' ],
2577 silly audit   'prop-types': [ '15.8.1' ],
2577 silly audit   'react-transition-group': [ '4.4.5' ],
2577 silly audit   'loose-envify': [ '1.4.0' ],
2577 silly audit   'object-assign': [ '4.1.1' ],
2577 silly audit   '@babel/runtime': [ '7.29.7' ],
2577 silly audit   'dom-helpers': [ '5.2.1' ],
2577 silly audit   'decimal.js-light': [ '2.5.1' ],
2577 silly audit   fdir: [ '6.5.0' ],
2577 silly audit   'webpack-virtual-modules': [ '0.6.2' ],
2577 silly audit   escalade: [ '3.2.0' ],
2577 silly audit   'detect-node-es': [ '1.1.0' ],
2577 silly audit   '@types/d3-array': [ '3.2.2' ],
2577 silly audit   '@types/d3-ease': [ '3.0.2' ],
2577 silly audit   '@types/d3-interpolate': [ '3.0.4' ],
2577 silly audit   '@types/d3-scale': [ '4.0.9' ],
2577 silly audit   '@types/d3-shape': [ '3.1.8' ],
2577 silly audit   '@types/d3-time': [ '3.0.4' ],
2577 silly audit   '@types/d3-timer': [ '3.0.2' ],
2577 silly audit   'd3-array': [ '3.2.4' ],
2577 silly audit   'd3-ease': [ '3.0.1' ],
2577 silly audit   'd3-interpolate': [ '3.0.1' ],
2577 silly audit   'd3-scale': [ '4.0.2' ],
2577 silly audit   'd3-shape': [ '3.2.0' ],
2577 silly audit   'd3-time': [ '3.1.0' ],
2577 silly audit   'd3-timer': [ '3.0.1' ],
2577 silly audit   '@types/d3-color': [ '3.1.3' ],
2577 silly audit   '@types/d3-path': [ '3.1.1' ],
2577 silly audit   internmap: [ '2.0.3' ],
2577 silly audit   'd3-color': [ '3.1.0' ],
2577 silly audit   'd3-format': [ '3.1.2' ],
2577 silly audit   'd3-time-format': [ '4.1.0' ],
2577 silly audit   'd3-path': [ '3.1.0' ],
2577 silly audit   fsevents: [ '2.3.3' ],
2577 silly audit   postcss: [ '8.5.15' ],
2577 silly audit   rollup: [ '4.61.0' ],
2577 silly audit   nanoid: [ '3.3.12' ],
2577 silly audit   '@rollup/rollup-android-arm-eabi': [ '4.61.0' ],
2577 silly audit   '@rollup/rollup-android-arm64': [ '4.61.0' ],
2577 silly audit   '@rollup/rollup-darwin-arm64': [ '4.61.0' ],
2577 silly audit   '@rollup/rollup-darwin-x64': [ '4.61.0' ],
2577 silly audit   '@rollup/rollup-freebsd-arm64': [ '4.61.0' ],
2577 silly audit   '@rollup/rollup-freebsd-x64': [ '4.61.0' ],
2577 silly audit   '@rollup/rollup-linux-arm-gnueabihf': [ '4.61.0' ],
2577 silly audit   '@rollup/rollup-linux-arm-musleabihf': [ '4.61.0' ],
2577 silly audit   '@rollup/rollup-linux-arm64-gnu': [ '4.61.0' ],
2577 silly audit   '@rollup/rollup-linux-arm64-musl': [ '4.61.0' ],
2577 silly audit   '@rollup/rollup-linux-loong64-gnu': [ '4.61.0' ],
2577 silly audit   '@rollup/rollup-linux-loong64-musl': [ '4.61.0' ],
2577 silly audit   '@rollup/rollup-linux-ppc64-gnu': [ '4.61.0' ],
2577 silly audit   '@rollup/rollup-linux-ppc64-musl': [ '4.61.0' ],
2577 silly audit   '@rollup/rollup-linux-riscv64-gnu': [ '4.61.0' ],
2577 silly audit   '@rollup/rollup-linux-riscv64-musl': [ '4.61.0' ],
2577 silly audit   '@rollup/rollup-linux-s390x-gnu': [ '4.61.0' ],
2577 silly audit   '@rollup/rollup-linux-x64-gnu': [ '4.61.0' ],
2577 silly audit   '@rollup/rollup-linux-x64-musl': [ '4.61.0' ],
2577 silly audit   '@rollup/rollup-openbsd-x64': [ '4.61.0' ],
2577 silly audit   '@rollup/rollup-openharmony-arm64': [ '4.61.0' ],
2577 silly audit   '@rollup/rollup-win32-arm64-msvc': [ '4.61.0' ],
2577 silly audit   '@rollup/rollup-win32-ia32-msvc': [ '4.61.0' ],
2577 silly audit   '@rollup/rollup-win32-x64-gnu': [ '4.61.0' ],
2577 silly audit   '@rollup/rollup-win32-x64-msvc': [ '4.61.0' ],
2577 silly audit   '@types/estree': [ '1.0.9' ],
2577 silly audit   globrex: [ '0.1.2' ],
2577 silly audit   tsconfck: [ '3.1.6' ],
2577 silly audit   '@oozcitak/dom': [ '2.0.2' ],
2577 silly audit   '@oozcitak/infra': [ '2.0.2' ],
2577 silly audit   '@oozcitak/util': [ '10.0.0' ],
2577 silly audit   'js-yaml': [ '4.2.0' ],
2577 silly audit   '@oozcitak/url': [ '3.0.0' ],
2577 silly audit   argparse: [ '2.0.1' ],
2577 silly audit   '@alloc/quick-lru': [ '5.2.0' ],
2577 silly audit   arg: [ '5.0.2' ],
2577 silly audit   didyoumean: [ '1.2.2' ],
2577 silly audit   dlv: [ '1.1.3' ],
2577 silly audit   'fast-glob': [ '3.3.3' ],
2577 silly audit   'glob-parent': [ '6.0.2', '5.1.2' ],
2577 silly audit   'is-glob': [ '4.0.3' ],
2577 silly audit   lilconfig: [ '3.1.3' ],
2577 silly audit   micromatch: [ '4.0.8' ],
2577 silly audit   'normalize-path': [ '3.0.0' ],
2577 silly audit   'object-hash': [ '3.0.0' ],
2577 silly audit   'postcss-import': [ '15.1.0' ],
2577 silly audit   'postcss-js': [ '4.1.0' ],
2577 silly audit   'postcss-load-config': [ '6.0.1' ],
2577 silly audit   'postcss-nested': [ '6.2.0' ],
2577 silly audit   'postcss-selector-parser': [ '6.1.2' ],
2577 silly audit   resolve: [ '1.22.12' ],
2577 silly audit   sucrase: [ '3.35.1' ],
2577 silly audit   '@nodelib/fs.stat': [ '2.0.5' ],
2577 silly audit   '@nodelib/fs.walk': [ '1.2.8' ],
2577 silly audit   merge2: [ '1.4.1' ],
2577 silly audit   '@nodelib/fs.scandir': [ '2.1.5' ],
2577 silly audit   fastq: [ '1.20.1' ],
2577 silly audit   'run-parallel': [ '1.2.0' ],
2577 silly audit   reusify: [ '1.1.0' ],
2577 silly audit   'is-extglob': [ '2.1.1' ],
2577 silly audit   braces: [ '3.0.3' ],
2577 silly audit   'fill-range': [ '7.1.1' ],
2577 silly audit   'to-regex-range': [ '5.0.1' ],
2577 silly audit   'postcss-value-parser': [ '4.2.0' ],
2577 silly audit   'read-cache': [ '1.0.0' ],
2577 silly audit   'camelcase-css': [ '2.0.1' ],
2577 silly audit   cssesc: [ '3.0.0' ],
2577 silly audit   'util-deprecate': [ '1.0.2' ],
2577 silly audit   pify: [ '2.3.0' ],
2577 silly audit   'es-errors': [ '1.3.0' ],
2577 silly audit   'is-core-module': [ '2.16.2' ],
2577 silly audit   'path-parse': [ '1.0.7' ],
2577 silly audit   'supports-preserve-symlinks-flag': [ '1.0.0' ],
2577 silly audit   hasown: [ '2.0.4' ],
2577 silly audit   'function-bind': [ '1.1.2' ],
2577 silly audit   'queue-microtask': [ '1.2.3' ],
2577 silly audit   commander: [ '4.1.1' ],
2577 silly audit   'lines-and-columns': [ '1.2.4' ],
2577 silly audit   mz: [ '2.7.0' ],
2577 silly audit   pirates: [ '4.0.7' ],
2577 silly audit   'ts-interface-checker': [ '0.1.13' ],
2577 silly audit   'any-promise': [ '1.3.0' ],
2577 silly audit   'thenify-all': [ '1.6.0' ],
2577 silly audit   thenify: [ '3.3.1' ],
2577 silly audit   'is-number': [ '7.0.0' ],
2577 silly audit   anymatch: [ '3.1.3' ],
2577 silly audit   'is-binary-path': [ '2.1.0' ],
2577 silly audit   'binary-extensions': [ '2.3.0' ]
2577 silly audit }
2578 http cache binary-extensions@https://registry.npmjs.org/binary-extensions/-/binary-extensions-2.3.0.tgz 0ms (cache hit)
2579 http cache is-binary-path@https://registry.npmjs.org/is-binary-path/-/is-binary-path-2.1.0.tgz 0ms (cache hit)
2580 http cache anymatch@https://registry.npmjs.org/anymatch/-/anymatch-3.1.3.tgz 0ms (cache hit)
2581 http cache is-number@https://registry.npmjs.org/is-number/-/is-number-7.0.0.tgz 0ms (cache hit)
2582 http cache thenify@https://registry.npmjs.org/thenify/-/thenify-3.3.1.tgz 0ms (cache hit)
2583 http cache thenify-all@https://registry.npmjs.org/thenify-all/-/thenify-all-1.6.0.tgz 0ms (cache hit)
2584 http cache ts-interface-checker@https://registry.npmjs.org/ts-interface-checker/-/ts-interface-checker-0.1.13.tgz 0ms (cache hit)
2585 http cache any-promise@https://registry.npmjs.org/any-promise/-/any-promise-1.3.0.tgz 0ms (cache hit)
2586 http cache pirates@https://registry.npmjs.org/pirates/-/pirates-4.0.7.tgz 1ms (cache hit)
2587 http cache mz@https://registry.npmjs.org/mz/-/mz-2.7.0.tgz 0ms (cache hit)
2588 http cache lines-and-columns@https://registry.npmjs.org/lines-and-columns/-/lines-and-columns-1.2.4.tgz 0ms (cache hit)
2589 http cache commander@https://registry.npmjs.org/commander/-/commander-4.1.1.tgz 0ms (cache hit)
2590 http cache queue-microtask@https://registry.npmjs.org/queue-microtask/-/queue-microtask-1.2.3.tgz 0ms (cache hit)
2591 http cache function-bind@https://registry.npmjs.org/function-bind/-/function-bind-1.1.2.tgz 0ms (cache hit)
2592 http cache hasown@https://registry.npmjs.org/hasown/-/hasown-2.0.4.tgz 0ms (cache hit)
2593 http cache supports-preserve-symlinks-flag@https://registry.npmjs.org/supports-preserve-symlinks-flag/-/supports-preserve-symlinks-flag-1.0.0.tgz 0ms (cache hit)
2594 http cache path-parse@https://registry.npmjs.org/path-parse/-/path-parse-1.0.7.tgz 0ms (cache hit)
2595 http cache is-core-module@https://registry.npmjs.org/is-core-module/-/is-core-module-2.16.2.tgz 0ms (cache hit)
2596 http cache es-errors@https://registry.npmjs.org/es-errors/-/es-errors-1.3.0.tgz 1ms (cache hit)
2597 http cache pify@https://registry.npmjs.org/pify/-/pify-2.3.0.tgz 0ms (cache hit)
2598 http cache util-deprecate@https://registry.npmjs.org/util-deprecate/-/util-deprecate-1.0.2.tgz 0ms (cache hit)
2599 http cache cssesc@https://registry.npmjs.org/cssesc/-/cssesc-3.0.0.tgz 0ms (cache hit)
2600 http cache camelcase-css@https://registry.npmjs.org/camelcase-css/-/camelcase-css-2.0.1.tgz 0ms (cache hit)
2601 http cache read-cache@https://registry.npmjs.org/read-cache/-/read-cache-1.0.0.tgz 0ms (cache hit)
2602 http cache postcss-value-parser@https://registry.npmjs.org/postcss-value-parser/-/postcss-value-parser-4.2.0.tgz 0ms (cache hit)
2603 http cache fill-range@https://registry.npmjs.org/fill-range/-/fill-range-7.1.1.tgz 0ms (cache hit)
2604 http cache to-regex-range@https://registry.npmjs.org/to-regex-range/-/to-regex-range-5.0.1.tgz 0ms (cache hit)
2605 http cache braces@https://registry.npmjs.org/braces/-/braces-3.0.3.tgz 0ms (cache hit)
2606 http cache is-extglob@https://registry.npmjs.org/is-extglob/-/is-extglob-2.1.1.tgz 1ms (cache hit)
2607 http cache run-parallel@https://registry.npmjs.org/run-parallel/-/run-parallel-1.2.0.tgz 0ms (cache hit)
2608 http cache reusify@https://registry.npmjs.org/reusify/-/reusify-1.1.0.tgz 0ms (cache hit)
2609 http cache fastq@https://registry.npmjs.org/fastq/-/fastq-1.20.1.tgz 0ms (cache hit)
2610 http cache merge2@https://registry.npmjs.org/merge2/-/merge2-1.4.1.tgz 0ms (cache hit)
2611 http cache @nodelib/fs.walk@https://registry.npmjs.org/@nodelib/fs.walk/-/fs.walk-1.2.8.tgz 0ms (cache hit)
2612 http cache @nodelib/fs.scandir@https://registry.npmjs.org/@nodelib/fs.scandir/-/fs.scandir-2.1.5.tgz 0ms (cache hit)
2613 http cache @nodelib/fs.stat@https://registry.npmjs.org/@nodelib/fs.stat/-/fs.stat-2.0.5.tgz 0ms (cache hit)
2614 http cache sucrase@https://registry.npmjs.org/sucrase/-/sucrase-3.35.1.tgz 0ms (cache hit)
2615 http cache resolve@https://registry.npmjs.org/resolve/-/resolve-1.22.12.tgz 0ms (cache hit)
2616 http cache postcss-nested@https://registry.npmjs.org/postcss-nested/-/postcss-nested-6.2.0.tgz 0ms (cache hit)
2617 http cache postcss-selector-parser@https://registry.npmjs.org/postcss-selector-parser/-/postcss-selector-parser-6.1.2.tgz 0ms (cache hit)
2618 http cache postcss-load-config@https://registry.npmjs.org/postcss-load-config/-/postcss-load-config-6.0.1.tgz 0ms (cache hit)
2619 http cache postcss-js@https://registry.npmjs.org/postcss-js/-/postcss-js-4.1.0.tgz 0ms (cache hit)
2620 http cache postcss-import@https://registry.npmjs.org/postcss-import/-/postcss-import-15.1.0.tgz 0ms (cache hit)
2621 http cache object-hash@https://registry.npmjs.org/object-hash/-/object-hash-3.0.0.tgz 0ms (cache hit)
2622 http cache normalize-path@https://registry.npmjs.org/normalize-path/-/normalize-path-3.0.0.tgz 0ms (cache hit)
2623 http cache is-glob@https://registry.npmjs.org/is-glob/-/is-glob-4.0.3.tgz 0ms (cache hit)
2624 http cache lilconfig@https://registry.npmjs.org/lilconfig/-/lilconfig-3.1.3.tgz 0ms (cache hit)
2625 http cache micromatch@https://registry.npmjs.org/micromatch/-/micromatch-4.0.8.tgz 1ms (cache hit)
2626 http cache glob-parent@https://registry.npmjs.org/glob-parent/-/glob-parent-6.0.2.tgz 0ms (cache hit)
2627 http cache fast-glob@https://registry.npmjs.org/fast-glob/-/fast-glob-3.3.3.tgz 0ms (cache hit)
2628 http cache dlv@https://registry.npmjs.org/dlv/-/dlv-1.1.3.tgz 0ms (cache hit)
2629 http cache @oozcitak/url@https://registry.npmjs.org/@oozcitak/url/-/url-3.0.0.tgz 0ms (cache hit)
2630 http cache didyoumean@https://registry.npmjs.org/didyoumean/-/didyoumean-1.2.2.tgz 0ms (cache hit)
2631 http cache @alloc/quick-lru@https://registry.npmjs.org/@alloc/quick-lru/-/quick-lru-5.2.0.tgz 0ms (cache hit)
2632 http cache arg@https://registry.npmjs.org/arg/-/arg-5.0.2.tgz 0ms (cache hit)
2633 http cache js-yaml@https://registry.npmjs.org/js-yaml/-/js-yaml-4.2.0.tgz 0ms (cache hit)
2634 http cache @oozcitak/util@https://registry.npmjs.org/@oozcitak/util/-/util-10.0.0.tgz 0ms (cache hit)
2635 http cache @oozcitak/infra@https://registry.npmjs.org/@oozcitak/infra/-/infra-2.0.2.tgz 0ms (cache hit)
2636 http cache argparse@https://registry.npmjs.org/argparse/-/argparse-2.0.1.tgz 0ms (cache hit)
2637 http cache @oozcitak/dom@https://registry.npmjs.org/@oozcitak/dom/-/dom-2.0.2.tgz 0ms (cache hit)
2638 http cache @types/estree@https://registry.npmjs.org/@types/estree/-/estree-1.0.9.tgz 0ms (cache hit)
2639 http cache tsconfck@https://registry.npmjs.org/tsconfck/-/tsconfck-3.1.6.tgz 0ms (cache hit)
2640 http cache globrex@https://registry.npmjs.org/globrex/-/globrex-0.1.2.tgz 0ms (cache hit)
2641 http cache nanoid@https://registry.npmjs.org/nanoid/-/nanoid-3.3.12.tgz 0ms (cache hit)
2642 http cache rollup@https://registry.npmjs.org/rollup/-/rollup-4.61.0.tgz 0ms (cache hit)
2643 http cache @rollup/rollup-win32-x64-gnu@https://registry.npmjs.org/@rollup/rollup-win32-x64-gnu/-/rollup-win32-x64-gnu-4.61.0.tgz 0ms (cache hit)
2644 http cache @rollup/rollup-win32-x64-msvc@https://registry.npmjs.org/@rollup/rollup-win32-x64-msvc/-/rollup-win32-x64-msvc-4.61.0.tgz 0ms (cache hit)
2645 http cache postcss@https://registry.npmjs.org/postcss/-/postcss-8.5.15.tgz 0ms (cache hit)
2646 http cache d3-path@https://registry.npmjs.org/d3-path/-/d3-path-3.1.0.tgz 0ms (cache hit)
2647 http cache d3-time-format@https://registry.npmjs.org/d3-time-format/-/d3-time-format-4.1.0.tgz 0ms (cache hit)
2648 http cache d3-color@https://registry.npmjs.org/d3-color/-/d3-color-3.1.0.tgz 1ms (cache hit)
2649 http cache @types/d3-path@https://registry.npmjs.org/@types/d3-path/-/d3-path-3.1.1.tgz 0ms (cache hit)
2650 http cache @types/d3-color@https://registry.npmjs.org/@types/d3-color/-/d3-color-3.1.3.tgz 0ms (cache hit)
2651 http cache d3-timer@https://registry.npmjs.org/d3-timer/-/d3-timer-3.0.1.tgz 0ms (cache hit)
2652 http cache d3-format@https://registry.npmjs.org/d3-format/-/d3-format-3.1.2.tgz 0ms (cache hit)
2653 http cache d3-time@https://registry.npmjs.org/d3-time/-/d3-time-3.1.0.tgz 0ms (cache hit)
2654 http cache internmap@https://registry.npmjs.org/internmap/-/internmap-2.0.3.tgz 0ms (cache hit)
2655 http cache d3-shape@https://registry.npmjs.org/d3-shape/-/d3-shape-3.2.0.tgz 0ms (cache hit)
2656 http cache d3-interpolate@https://registry.npmjs.org/d3-interpolate/-/d3-interpolate-3.0.1.tgz 0ms (cache hit)
2657 http cache d3-scale@https://registry.npmjs.org/d3-scale/-/d3-scale-4.0.2.tgz 0ms (cache hit)
2658 http cache d3-ease@https://registry.npmjs.org/d3-ease/-/d3-ease-3.0.1.tgz 0ms (cache hit)
2659 http cache @types/d3-timer@https://registry.npmjs.org/@types/d3-timer/-/d3-timer-3.0.2.tgz 0ms (cache hit)
2660 http cache d3-array@https://registry.npmjs.org/d3-array/-/d3-array-3.2.4.tgz 0ms (cache hit)
2661 http cache @types/d3-shape@https://registry.npmjs.org/@types/d3-shape/-/d3-shape-3.1.8.tgz 0ms (cache hit)
2662 http cache @types/d3-scale@https://registry.npmjs.org/@types/d3-scale/-/d3-scale-4.0.9.tgz 0ms (cache hit)
2663 http cache @types/d3-time@https://registry.npmjs.org/@types/d3-time/-/d3-time-3.0.4.tgz 0ms (cache hit)
2664 http cache @types/d3-interpolate@https://registry.npmjs.org/@types/d3-interpolate/-/d3-interpolate-3.0.4.tgz 0ms (cache hit)
2665 http cache @types/d3-ease@https://registry.npmjs.org/@types/d3-ease/-/d3-ease-3.0.2.tgz 0ms (cache hit)
2666 http cache @types/d3-array@https://registry.npmjs.org/@types/d3-array/-/d3-array-3.2.2.tgz 0ms (cache hit)
2667 http cache detect-node-es@https://registry.npmjs.org/detect-node-es/-/detect-node-es-1.1.0.tgz 0ms (cache hit)
2668 http cache webpack-virtual-modules@https://registry.npmjs.org/webpack-virtual-modules/-/webpack-virtual-modules-0.6.2.tgz 0ms (cache hit)
2669 http cache escalade@https://registry.npmjs.org/escalade/-/escalade-3.2.0.tgz 0ms (cache hit)
2670 http cache fdir@https://registry.npmjs.org/fdir/-/fdir-6.5.0.tgz 0ms (cache hit)
2671 http cache decimal.js-light@https://registry.npmjs.org/decimal.js-light/-/decimal.js-light-2.5.1.tgz 0ms (cache hit)
2672 http cache @babel/runtime@https://registry.npmjs.org/@babel/runtime/-/runtime-7.29.7.tgz 0ms (cache hit)
2673 http cache dom-helpers@https://registry.npmjs.org/dom-helpers/-/dom-helpers-5.2.1.tgz 0ms (cache hit)
2674 http cache loose-envify@https://registry.npmjs.org/loose-envify/-/loose-envify-1.4.0.tgz 0ms (cache hit)
2675 http cache object-assign@https://registry.npmjs.org/object-assign/-/object-assign-4.1.1.tgz 0ms (cache hit)
2676 http cache prop-types@https://registry.npmjs.org/prop-types/-/prop-types-15.8.1.tgz 0ms (cache hit)
2677 http cache react-transition-group@https://registry.npmjs.org/react-transition-group/-/react-transition-group-4.4.5.tgz 0ms (cache hit)
2678 http cache victory-vendor@https://registry.npmjs.org/victory-vendor/-/victory-vendor-36.9.2.tgz 0ms (cache hit)
2679 http cache fast-equals@https://registry.npmjs.org/fast-equals/-/fast-equals-5.4.0.tgz 0ms (cache hit)
2680 http cache tiny-invariant@https://registry.npmjs.org/tiny-invariant/-/tiny-invariant-1.3.3.tgz 0ms (cache hit)
2681 http cache recharts-scale@https://registry.npmjs.org/recharts-scale/-/recharts-scale-0.4.5.tgz 0ms (cache hit)
2682 http cache react-is@https://registry.npmjs.org/react-is/-/react-is-18.3.1.tgz 0ms (cache hit)
2683 http cache eventemitter3@https://registry.npmjs.org/eventemitter3/-/eventemitter3-4.0.7.tgz 0ms (cache hit)
2684 http cache get-nonce@https://registry.npmjs.org/get-nonce/-/get-nonce-1.0.1.tgz 0ms (cache hit)
2685 http cache use-sidecar@https://registry.npmjs.org/use-sidecar/-/use-sidecar-1.1.3.tgz 0ms (cache hit)
2686 http cache use-callback-ref@https://registry.npmjs.org/use-callback-ref/-/use-callback-ref-1.3.3.tgz 0ms (cache hit)
2687 http cache react-remove-scroll-bar@https://registry.npmjs.org/react-remove-scroll-bar/-/react-remove-scroll-bar-2.3.8.tgz 0ms (cache hit)
2688 http cache react-style-singleton@https://registry.npmjs.org/react-style-singleton/-/react-style-singleton-2.2.3.tgz 0ms (cache hit)
2689 http cache @date-fns/tz@https://registry.npmjs.org/@date-fns/tz/-/tz-1.5.0.tgz 0ms (cache hit)
2690 http cache scheduler@https://registry.npmjs.org/scheduler/-/scheduler-0.26.0.tgz 0ms (cache hit)
2691 http cache @tabby_ai/hijri-converter@https://registry.npmjs.org/@tabby_ai/hijri-converter/-/hijri-converter-1.0.5.tgz 0ms (cache hit)
2692 http cache date-fns-jalali@https://registry.npmjs.org/date-fns-jalali/-/date-fns-jalali-4.1.0-0.tgz 0ms (cache hit)
2693 http cache @esbuild/win32-x64@https://registry.npmjs.org/@esbuild/win32-x64/-/win32-x64-0.25.12.tgz 0ms (cache hit)
2694 http cache esbuild@https://registry.npmjs.org/esbuild/-/esbuild-0.25.12.tgz 0ms (cache hit)
2695 http cache react-smooth@https://registry.npmjs.org/react-smooth/-/react-smooth-4.0.4.tgz 0ms (cache hit)
2696 http cache lightningcss-win32-x64-msvc@https://registry.npmjs.org/lightningcss-win32-x64-msvc/-/lightningcss-win32-x64-msvc-1.32.0.tgz 0ms (cache hit)
2697 http cache detect-libc@https://registry.npmjs.org/detect-libc/-/detect-libc-2.1.2.tgz 0ms (cache hit)
2698 http cache rou3@https://registry.npmjs.org/rou3/-/rou3-0.8.1.tgz 0ms (cache hit)
2699 http cache motion-utils@https://registry.npmjs.org/motion-utils/-/motion-utils-12.39.0.tgz 0ms (cache hit)
2700 http cache tapable@https://registry.npmjs.org/tapable/-/tapable-2.3.3.tgz 0ms (cache hit)
2701 http cache motion-dom@https://registry.npmjs.org/motion-dom/-/motion-dom-12.40.0.tgz 0ms (cache hit)
2702 http cache graceful-fs@https://registry.npmjs.org/graceful-fs/-/graceful-fs-4.2.11.tgz 0ms (cache hit)
2703 http cache embla-carousel-reactive-utils@https://registry.npmjs.org/embla-carousel-reactive-utils/-/embla-carousel-reactive-utils-8.6.0.tgz 0ms (cache hit)
2704 http cache embla-carousel@https://registry.npmjs.org/embla-carousel/-/embla-carousel-8.6.0.tgz 0ms (cache hit)
2705 http cache ms@https://registry.npmjs.org/ms/-/ms-2.1.3.tgz 0ms (cache hit)
2706 http cache readdirp@https://registry.npmjs.org/readdirp/-/readdirp-5.0.0.tgz 0ms (cache hit)
2707 http cache update-browserslist-db@https://registry.npmjs.org/update-browserslist-db/-/update-browserslist-db-1.2.3.tgz 0ms (cache hit)
2708 http cache node-releases@https://registry.npmjs.org/node-releases/-/node-releases-2.0.47.tgz 0ms (cache hit)
2709 http cache caniuse-lite@https://registry.npmjs.org/caniuse-lite/-/caniuse-lite-1.0.30001793.tgz 0ms (cache hit)
2710 http cache lodash@https://registry.npmjs.org/lodash/-/lodash-4.18.1.tgz 0ms (cache hit)
2711 http cache @types/babel__template@https://registry.npmjs.org/@types/babel__template/-/babel__template-7.4.4.tgz 0ms (cache hit)
2712 http cache @types/babel__traverse@https://registry.npmjs.org/@types/babel__traverse/-/babel__traverse-7.28.0.tgz 0ms (cache hit)
2713 http cache @types/babel__generator@https://registry.npmjs.org/@types/babel__generator/-/babel__generator-7.27.0.tgz 0ms (cache hit)
2714 http cache @types/babel__core@https://registry.npmjs.org/@types/babel__core/-/babel__core-7.20.5.tgz 0ms (cache hit)
2715 http cache baseline-browser-mapping@https://registry.npmjs.org/baseline-browser-mapping/-/baseline-browser-mapping-2.10.33.tgz 0ms (cache hit)
2716 http cache react-refresh@https://registry.npmjs.org/react-refresh/-/react-refresh-0.18.0.tgz 0ms (cache hit)
2717 http cache @babel/plugin-transform-react-jsx-source@https://registry.npmjs.org/@babel/plugin-transform-react-jsx-source/-/plugin-transform-react-jsx-source-7.29.7.tgz 0ms (cache hit)
2718 http cache @babel/plugin-transform-react-jsx-self@https://registry.npmjs.org/@babel/plugin-transform-react-jsx-self/-/plugin-transform-react-jsx-self-7.29.7.tgz 0ms (cache hit)
2719 http cache csstype@https://registry.npmjs.org/csstype/-/csstype-3.2.3.tgz 0ms (cache hit)
2720 http cache h3-v2@https://registry.npmjs.org/h3/-/h3-2.0.1-rc.20.tgz 0ms (cache hit)
2721 http cache undici-types@https://registry.npmjs.org/undici-types/-/undici-types-7.24.6.tgz 0ms (cache hit)
2722 http cache fetchdts@https://registry.npmjs.org/fetchdts/-/fetchdts-0.1.7.tgz 0ms (cache hit)
2723 http cache @babel/helper-plugin-utils@https://registry.npmjs.org/@babel/helper-plugin-utils/-/helper-plugin-utils-7.29.7.tgz 0ms (cache hit)
2724 http cache @babel/plugin-syntax-jsx@https://registry.npmjs.org/@babel/plugin-syntax-jsx/-/plugin-syntax-jsx-7.29.7.tgz 0ms (cache hit)
2725 http cache @babel/plugin-syntax-typescript@https://registry.npmjs.org/@babel/plugin-syntax-typescript/-/plugin-syntax-typescript-7.29.7.tgz 0ms (cache hit)
2726 http cache unplugin@https://registry.npmjs.org/unplugin/-/unplugin-3.0.0.tgz 0ms (cache hit)
2727 http cache yallist@https://registry.npmjs.org/yallist/-/yallist-3.1.1.tgz 0ms (cache hit)
2728 http cache @tanstack/virtual-file-routes@https://registry.npmjs.org/@tanstack/virtual-file-routes/-/virtual-file-routes-1.162.0.tgz 0ms (cache hit)
2729 http cache xmlbuilder2@https://registry.npmjs.org/xmlbuilder2/-/xmlbuilder2-4.0.3.tgz 0ms (cache hit)
2730 http cache vitefu@https://registry.npmjs.org/vitefu/-/vitefu-1.1.3.tgz 0ms (cache hit)
2731 http cache ufo@https://registry.npmjs.org/ufo/-/ufo-1.6.4.tgz 0ms (cache hit)
2732 http cache srvx@https://registry.npmjs.org/srvx/-/srvx-0.11.16.tgz 0ms (cache hit)
2733 http cache source-map@https://registry.npmjs.org/source-map/-/source-map-0.7.6.tgz 0ms (cache hit)
2734 http cache @tanstack/router-plugin@https://registry.npmjs.org/@tanstack/router-plugin/-/router-plugin-1.168.14.tgz 0ms (cache hit)
2735 http cache picomatch@https://registry.npmjs.org/picomatch/-/picomatch-4.0.4.tgz 0ms (cache hit)
2736 http cache exsolve@https://registry.npmjs.org/exsolve/-/exsolve-1.0.8.tgz 0ms (cache hit)
2737 http cache @tanstack/router-generator@https://registry.npmjs.org/@tanstack/router-generator/-/router-generator-1.167.13.tgz 0ms (cache hit)
2738 http cache @rolldown/pluginutils@https://registry.npmjs.org/@rolldown/pluginutils/-/pluginutils-1.0.1.tgz 0ms (cache hit)
2739 http cache @babel/helper-string-parser@https://registry.npmjs.org/@babel/helper-string-parser/-/helper-string-parser-7.29.7.tgz 0ms (cache hit)
2740 http cache @tanstack/start-storage-context@https://registry.npmjs.org/@tanstack/start-storage-context/-/start-storage-context-1.167.11.tgz 0ms (cache hit)
2741 http cache @babel/helper-globals@https://registry.npmjs.org/@babel/helper-globals/-/helper-globals-7.29.7.tgz 0ms (cache hit)
2742 http cache @babel/helper-module-imports@https://registry.npmjs.org/@babel/helper-module-imports/-/helper-module-imports-7.29.7.tgz 0ms (cache hit)
2743 http cache @tanstack/start-fn-stubs@https://registry.npmjs.org/@tanstack/start-fn-stubs/-/start-fn-stubs-1.162.0.tgz 0ms (cache hit)
2744 http cache @babel/helper-validator-option@https://registry.npmjs.org/@babel/helper-validator-option/-/helper-validator-option-7.29.7.tgz 0ms (cache hit)
2745 http cache lru-cache@https://registry.npmjs.org/lru-cache/-/lru-cache-5.1.1.tgz 0ms (cache hit)
2746 http cache @babel/compat-data@https://registry.npmjs.org/@babel/compat-data/-/compat-data-7.29.7.tgz 0ms (cache hit)
2747 http cache browserslist@https://registry.npmjs.org/browserslist/-/browserslist-4.28.2.tgz 0ms (cache hit)
2748 http cache jsesc@https://registry.npmjs.org/jsesc/-/jsesc-3.1.0.tgz 0ms (cache hit)
2749 http cache @babel/helper-validator-identifier@https://registry.npmjs.org/@babel/helper-validator-identifier/-/helper-validator-identifier-7.29.7.tgz 0ms (cache hit)
2750 http cache js-tokens@https://registry.npmjs.org/js-tokens/-/js-tokens-4.0.0.tgz 1ms (cache hit)
2751 http cache picocolors@https://registry.npmjs.org/picocolors/-/picocolors-1.1.1.tgz 0ms (cache hit)
2752 http cache semver@https://registry.npmjs.org/semver/-/semver-6.3.1.tgz 0ms (cache hit)
2753 http cache electron-to-chromium@https://registry.npmjs.org/electron-to-chromium/-/electron-to-chromium-1.5.366.tgz 0ms (cache hit)
2754 http cache gensync@https://registry.npmjs.org/gensync/-/gensync-1.0.0-beta.2.tgz 0ms (cache hit)
2755 http cache debug@https://registry.npmjs.org/debug/-/debug-4.4.3.tgz 0ms (cache hit)
2756 http cache convert-source-map@https://registry.npmjs.org/convert-source-map/-/convert-source-map-2.0.0.tgz 0ms (cache hit)
2757 http cache @babel/traverse@https://registry.npmjs.org/@babel/traverse/-/traverse-7.29.7.tgz 0ms (cache hit)
2758 http cache @babel/template@https://registry.npmjs.org/@babel/template/-/template-7.29.7.tgz 0ms (cache hit)
2759 http cache @babel/helpers@https://registry.npmjs.org/@babel/helpers/-/helpers-7.29.7.tgz 0ms (cache hit)
2760 http cache tinyglobby@https://registry.npmjs.org/tinyglobby/-/tinyglobby-0.2.17.tgz 0ms (cache hit)
2761 http cache @babel/helper-module-transforms@https://registry.npmjs.org/@babel/helper-module-transforms/-/helper-module-transforms-7.29.7.tgz 0ms (cache hit)
2762 http cache @babel/helper-compilation-targets@https://registry.npmjs.org/@babel/helper-compilation-targets/-/helper-compilation-targets-7.29.7.tgz 0ms (cache hit)
2763 http cache @babel/code-frame@https://registry.npmjs.org/@babel/code-frame/-/code-frame-7.29.7.tgz 0ms (cache hit)
2764 http cache babel-dead-code-elimination@https://registry.npmjs.org/babel-dead-code-elimination/-/babel-dead-code-elimination-1.0.12.tgz 0ms (cache hit)
2765 http cache diff@https://registry.npmjs.org/diff/-/diff-8.0.4.tgz 0ms (cache hit)
2766 http cache ansis@https://registry.npmjs.org/ansis/-/ansis-4.3.1.tgz 0ms (cache hit)
2767 http cache @babel/types@https://registry.npmjs.org/@babel/types/-/types-7.29.7.tgz 0ms (cache hit)
2768 http cache @babel/parser@https://registry.npmjs.org/@babel/parser/-/parser-7.29.7.tgz 0ms (cache hit)
2769 http cache seroval-plugins@https://registry.npmjs.org/seroval-plugins/-/seroval-plugins-1.5.4.tgz 0ms (cache hit)
2770 http cache @babel/generator@https://registry.npmjs.org/@babel/generator/-/generator-7.29.7.tgz 0ms (cache hit)
2771 http cache @babel/core@https://registry.npmjs.org/@babel/core/-/core-7.29.7.tgz 0ms (cache hit)
2772 http cache @tanstack/store@https://registry.npmjs.org/@tanstack/store/-/store-0.9.3.tgz 0ms (cache hit)
2773 http cache seroval@https://registry.npmjs.org/seroval/-/seroval-1.5.4.tgz 0ms (cache hit)
2774 http cache cookie-es@https://registry.npmjs.org/cookie-es/-/cookie-es-3.1.1.tgz 0ms (cache hit)
2775 http cache @tanstack/start-server-core@https://registry.npmjs.org/@tanstack/start-server-core/-/start-server-core-1.169.9.tgz 0ms (cache hit)
2776 http cache pathe@https://registry.npmjs.org/pathe/-/pathe-2.0.3.tgz 0ms (cache hit)
2777 http cache @tanstack/start-client-core@https://registry.npmjs.org/@tanstack/start-client-core/-/start-client-core-1.170.7.tgz 0ms (cache hit)
2778 http cache @tanstack/start-plugin-core@https://registry.npmjs.org/@tanstack/start-plugin-core/-/start-plugin-core-1.171.11.tgz 0ms (cache hit)
2779 http cache isbot@https://registry.npmjs.org/isbot/-/isbot-5.1.40.tgz 0ms (cache hit)
2780 http cache @tanstack/router-utils@https://registry.npmjs.org/@tanstack/router-utils/-/router-utils-1.162.1.tgz 0ms (cache hit)
2781 http cache @tanstack/react-start-client@https://registry.npmjs.org/@tanstack/react-start-client/-/react-start-client-1.168.8.tgz 0ms (cache hit)
2782 http cache @tanstack/react-start-server@https://registry.npmjs.org/@tanstack/react-start-server/-/react-start-server-1.167.14.tgz 0ms (cache hit)
2783 http cache @tanstack/react-store@https://registry.npmjs.org/@tanstack/react-store/-/react-store-0.9.3.tgz 0ms (cache hit)
2784 http cache @tanstack/router-core@https://registry.npmjs.org/@tanstack/router-core/-/router-core-1.171.9.tgz 0ms (cache hit)
2785 http cache @tanstack/history@https://registry.npmjs.org/@tanstack/history/-/history-1.162.0.tgz 0ms (cache hit)
2786 http cache @tailwindcss/oxide-win32-x64-msvc@https://registry.npmjs.org/@tailwindcss/oxide-win32-x64-msvc/-/oxide-win32-x64-msvc-4.3.0.tgz 0ms (cache hit)
2787 http cache @jridgewell/resolve-uri@https://registry.npmjs.org/@jridgewell/resolve-uri/-/resolve-uri-3.1.2.tgz 0ms (cache hit)
2788 http cache @tanstack/query-core@https://registry.npmjs.org/@tanstack/query-core/-/query-core-5.101.0.tgz 0ms (cache hit)
2789 http cache @jridgewell/trace-mapping@https://registry.npmjs.org/@jridgewell/trace-mapping/-/trace-mapping-0.3.31.tgz 0ms (cache hit)
2790 http cache @jridgewell/sourcemap-codec@https://registry.npmjs.org/@jridgewell/sourcemap-codec/-/sourcemap-codec-1.5.5.tgz 0ms (cache hit)
2791 http cache @jridgewell/gen-mapping@https://registry.npmjs.org/@jridgewell/gen-mapping/-/gen-mapping-0.3.13.tgz 0ms (cache hit)
2792 http cache source-map-js@https://registry.npmjs.org/source-map-js/-/source-map-js-1.2.1.tgz 0ms (cache hit)
2793 http cache magic-string@https://registry.npmjs.org/magic-string/-/magic-string-0.30.21.tgz 0ms (cache hit)
2794 http cache @jridgewell/remapping@https://registry.npmjs.org/@jridgewell/remapping/-/remapping-2.3.5.tgz 0ms (cache hit)
2795 http cache @tailwindcss/oxide@https://registry.npmjs.org/@tailwindcss/oxide/-/oxide-4.3.0.tgz 0ms (cache hit)
2796 http cache enhanced-resolve@https://registry.npmjs.org/enhanced-resolve/-/enhanced-resolve-5.22.1.tgz 0ms (cache hit)
2797 http cache jiti@https://registry.npmjs.org/jiti/-/jiti-2.7.0.tgz 0ms (cache hit)
2798 http cache @tailwindcss/node@https://registry.npmjs.org/@tailwindcss/node/-/node-4.3.0.tgz 0ms (cache hit)
2799 http cache iceberg-js@https://registry.npmjs.org/iceberg-js/-/iceberg-js-0.8.1.tgz 0ms (cache hit)
2800 http cache @supabase/phoenix@https://registry.npmjs.org/@supabase/phoenix/-/phoenix-0.4.2.tgz 0ms (cache hit)
2801 http cache @supabase/storage-js@https://registry.npmjs.org/@supabase/storage-js/-/storage-js-2.107.0.tgz 0ms (cache hit)
2802 http cache @supabase/realtime-js@https://registry.npmjs.org/@supabase/realtime-js/-/realtime-js-2.107.0.tgz 0ms (cache hit)
2803 http cache @supabase/postgrest-js@https://registry.npmjs.org/@supabase/postgrest-js/-/postgrest-js-2.107.0.tgz 0ms (cache hit)
2804 http cache @supabase/functions-js@https://registry.npmjs.org/@supabase/functions-js/-/functions-js-2.107.0.tgz 0ms (cache hit)
2805 http cache @supabase/auth-js@https://registry.npmjs.org/@supabase/auth-js/-/auth-js-2.107.0.tgz 0ms (cache hit)
2806 http cache use-sync-external-store@https://registry.npmjs.org/use-sync-external-store/-/use-sync-external-store-1.6.0.tgz 1ms (cache hit)
2807 http cache @floating-ui/utils@https://registry.npmjs.org/@floating-ui/utils/-/utils-0.2.11.tgz 0ms (cache hit)
2808 http cache @floating-ui/core@https://registry.npmjs.org/@floating-ui/core/-/core-1.7.5.tgz 0ms (cache hit)
2809 http cache @radix-ui/react-use-effect-event@https://registry.npmjs.org/@radix-ui/react-use-effect-event/-/react-use-effect-event-0.0.2.tgz 0ms (cache hit)
2810 http cache @radix-ui/number@https://registry.npmjs.org/@radix-ui/number/-/number-1.1.1.tgz 0ms (cache hit)
2811 http cache @floating-ui/dom@https://registry.npmjs.org/@floating-ui/dom/-/dom-1.7.6.tgz 1ms (cache hit)
2812 http cache @floating-ui/react-dom@https://registry.npmjs.org/@floating-ui/react-dom/-/react-dom-2.1.8.tgz 0ms (cache hit)
2813 http cache @radix-ui/react-use-rect@https://registry.npmjs.org/@radix-ui/react-use-rect/-/react-use-rect-1.1.1.tgz 0ms (cache hit)
2814 http cache @radix-ui/react-arrow@https://registry.npmjs.org/@radix-ui/react-arrow/-/react-arrow-1.1.7.tgz 0ms (cache hit)
2815 http cache @radix-ui/rect@https://registry.npmjs.org/@radix-ui/rect/-/rect-1.1.1.tgz 0ms (cache hit)
2816 http cache @radix-ui/react-visually-hidden@https://registry.npmjs.org/@radix-ui/react-visually-hidden/-/react-visually-hidden-1.2.3.tgz 0ms (cache hit)
2817 http cache @radix-ui/react-roving-focus@https://registry.npmjs.org/@radix-ui/react-roving-focus/-/react-roving-focus-1.1.11.tgz 0ms (cache hit)
2818 http cache chokidar@https://registry.npmjs.org/chokidar/-/chokidar-5.0.0.tgz 0ms (cache hit)
2819 http cache @radix-ui/react-popper@https://registry.npmjs.org/@radix-ui/react-popper/-/react-popper-1.2.8.tgz 0ms (cache hit)
2820 http cache @radix-ui/react-use-escape-keydown@https://registry.npmjs.org/@radix-ui/react-use-escape-keydown/-/react-use-escape-keydown-1.1.1.tgz 0ms (cache hit)
2821 http cache react-remove-scroll@https://registry.npmjs.org/react-remove-scroll/-/react-remove-scroll-2.7.2.tgz 1ms (cache hit)
2822 http cache @radix-ui/react-portal@https://registry.npmjs.org/@radix-ui/react-portal/-/react-portal-1.1.9.tgz 0ms (cache hit)
2823 http cache aria-hidden@https://registry.npmjs.org/aria-hidden/-/aria-hidden-1.2.6.tgz 0ms (cache hit)
2824 http cache @radix-ui/react-focus-scope@https://registry.npmjs.org/@radix-ui/react-focus-scope/-/react-focus-scope-1.1.7.tgz 0ms (cache hit)
2825 http cache @radix-ui/react-dismissable-layer@https://registry.npmjs.org/@radix-ui/react-dismissable-layer/-/react-dismissable-layer-1.1.11.tgz 0ms (cache hit)
2826 http cache @radix-ui/react-focus-guards@https://registry.npmjs.org/@radix-ui/react-focus-guards/-/react-focus-guards-1.1.3.tgz 0ms (cache hit)
2827 http cache @radix-ui/react-menu@https://registry.npmjs.org/@radix-ui/react-menu/-/react-menu-2.1.16.tgz 0ms (cache hit)
2828 http cache @radix-ui/react-use-size@https://registry.npmjs.org/@radix-ui/react-use-size/-/react-use-size-1.1.1.tgz 0ms (cache hit)
2829 http cache @radix-ui/react-use-previous@https://registry.npmjs.org/@radix-ui/react-use-previous/-/react-use-previous-1.1.1.tgz 0ms (cache hit)
2830 http cache @radix-ui/react-use-is-hydrated@https://registry.npmjs.org/@radix-ui/react-use-is-hydrated/-/react-use-is-hydrated-0.1.0.tgz 0ms (cache hit)
2831 http cache @radix-ui/react-use-layout-effect@https://registry.npmjs.org/@radix-ui/react-use-layout-effect/-/react-use-layout-effect-1.1.1.tgz 0ms (cache hit)
2832 http cache @radix-ui/react-presence@https://registry.npmjs.org/@radix-ui/react-presence/-/react-presence-1.1.5.tgz 0ms (cache hit)
2833 http cache @radix-ui/react-use-callback-ref@https://registry.npmjs.org/@radix-ui/react-use-callback-ref/-/react-use-callback-ref-1.1.1.tgz 0ms (cache hit)
2834 http cache @radix-ui/react-use-controllable-state@https://registry.npmjs.org/@radix-ui/react-use-controllable-state/-/react-use-controllable-state-1.2.2.tgz 0ms (cache hit)
2835 http cache @radix-ui/react-primitive@https://registry.npmjs.org/@radix-ui/react-primitive/-/react-primitive-2.1.3.tgz 0ms (cache hit)
2836 http cache @radix-ui/react-id@https://registry.npmjs.org/@radix-ui/react-id/-/react-id-1.1.1.tgz 0ms (cache hit)
2837 http cache @radix-ui/react-direction@https://registry.npmjs.org/@radix-ui/react-direction/-/react-direction-1.1.1.tgz 0ms (cache hit)
2838 http cache @radix-ui/react-context@https://registry.npmjs.org/@radix-ui/react-context/-/react-context-1.1.2.tgz 0ms (cache hit)
2839 http cache @radix-ui/react-compose-refs@https://registry.npmjs.org/@radix-ui/react-compose-refs/-/react-compose-refs-1.1.2.tgz 0ms (cache hit)
2840 http cache @radix-ui/primitive@https://registry.npmjs.org/@radix-ui/primitive/-/primitive-1.1.3.tgz 0ms (cache hit)
2841 http cache json5@https://registry.npmjs.org/json5/-/json5-2.2.3.tgz 0ms (cache hit)
2842 http cache lovable-tagger@https://registry.npmjs.org/lovable-tagger/-/lovable-tagger-1.2.0.tgz 0ms (cache hit)
2843 http cache lightningcss@https://registry.npmjs.org/lightningcss/-/lightningcss-1.32.0.tgz 0ms (cache hit)
2844 http cache @lovable.dev/vite-plugin-hmr-gate@https://registry.npmjs.org/@lovable.dev/vite-plugin-hmr-gate/-/vite-plugin-hmr-gate-1.0.0.tgz 0ms (cache hit)
2845 http cache zod@https://registry.npmjs.org/zod/-/zod-3.25.76.tgz 0ms (cache hit)
2846 http cache @lovable.dev/vite-plugin-dev-server-bridge@https://registry.npmjs.org/@lovable.dev/vite-plugin-dev-server-bridge/-/vite-plugin-dev-server-bridge-1.0.0.tgz 0ms (cache hit)
2847 http cache vaul@https://registry.npmjs.org/vaul/-/vaul-1.1.2.tgz 0ms (cache hit)
2848 http cache @radix-ui/react-collection@https://registry.npmjs.org/@radix-ui/react-collection/-/react-collection-1.1.7.tgz 0ms (cache hit)
2849 http cache typescript@https://registry.npmjs.org/typescript/-/typescript-5.9.3.tgz 0ms (cache hit)
2850 http cache tslib@https://registry.npmjs.org/tslib/-/tslib-2.8.1.tgz 0ms (cache hit)
2851 http cache sonner@https://registry.npmjs.org/sonner/-/sonner-2.0.7.tgz 31ms (cache hit)
2852 http cache recharts@https://registry.npmjs.org/recharts/-/recharts-2.15.4.tgz 0ms (cache hit)
2853 http cache tailwindcss@https://registry.npmjs.org/tailwindcss/-/tailwindcss-4.3.0.tgz 0ms (cache hit)
2854 http cache react-resizable-panels@https://registry.npmjs.org/react-resizable-panels/-/react-resizable-panels-2.1.9.tgz 0ms (cache hit)
2855 http cache react-day-picker@https://registry.npmjs.org/react-day-picker/-/react-day-picker-9.14.0.tgz 0ms (cache hit)
2856 http cache next-themes@https://registry.npmjs.org/next-themes/-/next-themes-0.4.6.tgz 0ms (cache hit)
2857 http cache lucide-react@https://registry.npmjs.org/lucide-react/-/lucide-react-0.545.0.tgz 0ms (cache hit)
2858 http cache prettier@https://registry.npmjs.org/prettier/-/prettier-3.8.3.tgz 0ms (cache hit)
2859 http cache framer-motion@https://registry.npmjs.org/framer-motion/-/framer-motion-12.40.0.tgz 0ms (cache hit)
2860 http cache input-otp@https://registry.npmjs.org/input-otp/-/input-otp-1.4.2.tgz 0ms (cache hit)
2861 http cache embla-carousel-react@https://registry.npmjs.org/embla-carousel-react/-/embla-carousel-react-8.6.0.tgz 0ms (cache hit)
2862 http cache cmdk@https://registry.npmjs.org/cmdk/-/cmdk-1.1.1.tgz 0ms (cache hit)
2863 http cache date-fns@https://registry.npmjs.org/date-fns/-/date-fns-3.6.0.tgz 0ms (cache hit)
2864 http cache clsx@https://registry.npmjs.org/clsx/-/clsx-2.1.1.tgz 0ms (cache hit)
2865 http cache class-variance-authority@https://registry.npmjs.org/class-variance-authority/-/class-variance-authority-0.7.1.tgz 0ms (cache hit)
2866 http cache @types/react-dom@https://registry.npmjs.org/@types/react-dom/-/react-dom-19.2.3.tgz 0ms (cache hit)
2867 http cache @types/react@https://registry.npmjs.org/@types/react/-/react-19.2.16.tgz 0ms (cache hit)
2868 http cache @types/node@https://registry.npmjs.org/@types/node/-/node-25.9.1.tgz 0ms (cache hit)
2869 http cache @tanstack/react-router@https://registry.npmjs.org/@tanstack/react-router/-/react-router-1.170.11.tgz 0ms (cache hit)
2870 http cache @tanstack/react-query@https://registry.npmjs.org/@tanstack/react-query/-/react-query-5.101.0.tgz 0ms (cache hit)
2871 http cache @supabase/supabase-js@https://registry.npmjs.org/@supabase/supabase-js/-/supabase-js-2.107.0.tgz 0ms (cache hit)
2872 http cache @radix-ui/react-toggle-group@https://registry.npmjs.org/@radix-ui/react-toggle-group/-/react-toggle-group-1.1.11.tgz 1ms (cache hit)
2873 http cache @radix-ui/react-tooltip@https://registry.npmjs.org/@radix-ui/react-tooltip/-/react-tooltip-1.2.8.tgz 0ms (cache hit)
2874 http cache @radix-ui/react-tabs@https://registry.npmjs.org/@radix-ui/react-tabs/-/react-tabs-1.1.13.tgz 0ms (cache hit)
2875 http cache @radix-ui/react-switch@https://registry.npmjs.org/@radix-ui/react-switch/-/react-switch-1.2.6.tgz 0ms (cache hit)
2876 http cache @radix-ui/react-toggle@https://registry.npmjs.org/@radix-ui/react-toggle/-/react-toggle-1.1.10.tgz 0ms (cache hit)
2877 http cache @radix-ui/react-slot@https://registry.npmjs.org/@radix-ui/react-slot/-/react-slot-1.2.4.tgz 0ms (cache hit)
2878 http cache @radix-ui/react-slider@https://registry.npmjs.org/@radix-ui/react-slider/-/react-slider-1.3.6.tgz 0ms (cache hit)
2879 http cache @radix-ui/react-separator@https://registry.npmjs.org/@radix-ui/react-separator/-/react-separator-1.1.8.tgz 0ms (cache hit)
2880 http cache @radix-ui/react-scroll-area@https://registry.npmjs.org/@radix-ui/react-scroll-area/-/react-scroll-area-1.2.10.tgz 0ms (cache hit)
2881 http cache tailwind-merge@https://registry.npmjs.org/tailwind-merge/-/tailwind-merge-3.6.0.tgz 0ms (cache hit)
2882 http cache @radix-ui/react-radio-group@https://registry.npmjs.org/@radix-ui/react-radio-group/-/react-radio-group-1.3.8.tgz 0ms (cache hit)
2883 http cache @radix-ui/react-progress@https://registry.npmjs.org/@radix-ui/react-progress/-/react-progress-1.1.8.tgz 0ms (cache hit)
2884 http cache @radix-ui/react-popover@https://registry.npmjs.org/@radix-ui/react-popover/-/react-popover-1.1.15.tgz 0ms (cache hit)
2885 http cache @radix-ui/react-navigation-menu@https://registry.npmjs.org/@radix-ui/react-navigation-menu/-/react-navigation-menu-1.2.14.tgz 0ms (cache hit)
2886 http cache @radix-ui/react-menubar@https://registry.npmjs.org/@radix-ui/react-menubar/-/react-menubar-1.1.16.tgz 0ms (cache hit)
2887 http cache @radix-ui/react-hover-card@https://registry.npmjs.org/@radix-ui/react-hover-card/-/react-hover-card-1.1.15.tgz 0ms (cache hit)
2888 http cache @radix-ui/react-select@https://registry.npmjs.org/@radix-ui/react-select/-/react-select-2.2.6.tgz 0ms (cache hit)
2889 http cache @radix-ui/react-dialog@https://registry.npmjs.org/@radix-ui/react-dialog/-/react-dialog-1.1.15.tgz 0ms (cache hit)
2890 http cache @radix-ui/react-dropdown-menu@https://registry.npmjs.org/@radix-ui/react-dropdown-menu/-/react-dropdown-menu-2.1.16.tgz 0ms (cache hit)
2891 http cache @radix-ui/react-context-menu@https://registry.npmjs.org/@radix-ui/react-context-menu/-/react-context-menu-2.2.16.tgz 0ms (cache hit)
2892 http cache @radix-ui/react-collapsible@https://registry.npmjs.org/@radix-ui/react-collapsible/-/react-collapsible-1.1.12.tgz 0ms (cache hit)
2893 http cache @radix-ui/react-checkbox@https://registry.npmjs.org/@radix-ui/react-checkbox/-/react-checkbox-1.3.3.tgz 0ms (cache hit)
2894 http cache @radix-ui/react-avatar@https://registry.npmjs.org/@radix-ui/react-avatar/-/react-avatar-1.1.11.tgz 0ms (cache hit)
2895 http cache @radix-ui/react-aspect-ratio@https://registry.npmjs.org/@radix-ui/react-aspect-ratio/-/react-aspect-ratio-1.1.8.tgz 0ms (cache hit)
2896 http cache @radix-ui/react-alert-dialog@https://registry.npmjs.org/@radix-ui/react-alert-dialog/-/react-alert-dialog-1.1.15.tgz 0ms (cache hit)
2897 http cache @radix-ui/react-accordion@https://registry.npmjs.org/@radix-ui/react-accordion/-/react-accordion-1.2.12.tgz 0ms (cache hit)
2898 http cache @vitejs/plugin-react@https://registry.npmjs.org/@vitejs/plugin-react/-/plugin-react-5.2.0.tgz 0ms (cache hit)
2899 http cache react-dom@https://registry.npmjs.org/react-dom/-/react-dom-19.1.0.tgz 0ms (cache hit)
2900 http cache @tanstack/react-start@https://registry.npmjs.org/@tanstack/react-start/-/react-start-1.168.19.tgz 0ms (cache hit)
2901 http cache @tailwindcss/vite@https://registry.npmjs.org/@tailwindcss/vite/-/vite-4.3.0.tgz 0ms (cache hit)
2902 http cache @lovable.dev/vite-tanstack-config@https://registry.npmjs.org/@lovable.dev/vite-tanstack-config/-/vite-tanstack-config-2.3.1.tgz 0ms (cache hit)
2903 http cache vite-tsconfig-paths@https://registry.npmjs.org/vite-tsconfig-paths/-/vite-tsconfig-paths-6.1.1.tgz 0ms (cache hit)
2904 http cache vite@https://registry.npmjs.org/vite/-/vite-7.3.5.tgz 0ms (cache hit)
2905 http cache react-hook-form@https://registry.npmjs.org/react-hook-form/-/react-hook-form-7.77.0.tgz 0ms (cache hit)
2906 http cache react@https://registry.npmjs.org/react/-/react-19.1.0.tgz 0ms (cache hit)
2907 http cache @hookform/resolvers@https://registry.npmjs.org/@hookform/resolvers/-/resolvers-3.10.0.tgz 0ms (cache hit)
2908 http cache picomatch@https://registry.npmjs.org/picomatch/-/picomatch-2.3.2.tgz 0ms (cache hit)
2909 http fetch POST 200 https://registry.npmjs.org/-/npm/v1/security/advisories/bulk 2249ms
2910 silly audit report {}
2911 http cache picomatch@https://registry.npmjs.org/picomatch/-/picomatch-2.3.2.tgz 0ms (cache hit)
2912 http cache glob-parent@https://registry.npmjs.org/glob-parent/-/glob-parent-5.1.2.tgz 0ms (cache hit)
2913 http cache zod@https://registry.npmjs.org/zod/-/zod-4.4.3.tgz 0ms (cache hit)
2914 http cache react-is@https://registry.npmjs.org/react-is/-/react-is-16.13.1.tgz 0ms (cache hit)
2915 http cache zod@https://registry.npmjs.org/zod/-/zod-4.4.3.tgz 0ms (cache hit)
2916 http cache zod@https://registry.npmjs.org/zod/-/zod-4.4.3.tgz 0ms (cache hit)
2917 http cache @radix-ui/react-slot@https://registry.npmjs.org/@radix-ui/react-slot/-/react-slot-1.2.3.tgz 0ms (cache hit)
2918 http cache @babel/code-frame@https://registry.npmjs.org/@babel/code-frame/-/code-frame-7.27.1.tgz 0ms (cache hit)
2919 http cache @radix-ui/react-slot@https://registry.npmjs.org/@radix-ui/react-slot/-/react-slot-1.2.3.tgz 1ms (cache hit)
2920 http cache @radix-ui/react-slot@https://registry.npmjs.org/@radix-ui/react-slot/-/react-slot-1.2.3.tgz 1ms (cache hit)
2921 http cache picomatch@https://registry.npmjs.org/picomatch/-/picomatch-2.3.2.tgz 0ms (cache hit)
2922 http cache readdirp@https://registry.npmjs.org/readdirp/-/readdirp-3.6.0.tgz 0ms (cache hit)
2923 http cache tailwindcss@https://registry.npmjs.org/tailwindcss/-/tailwindcss-3.4.19.tgz 0ms (cache hit)
2924 http cache jiti@https://registry.npmjs.org/jiti/-/jiti-1.21.7.tgz 0ms (cache hit)
2925 http cache chokidar@https://registry.npmjs.org/chokidar/-/chokidar-3.6.0.tgz 0ms (cache hit)
2926 http cache glob-parent@https://registry.npmjs.org/glob-parent/-/glob-parent-5.1.2.tgz 0ms (cache hit)
2927 http cache date-fns@https://registry.npmjs.org/date-fns/-/date-fns-4.4.0.tgz 0ms (cache hit)
2928 http cache @radix-ui/react-slot@https://registry.npmjs.org/@radix-ui/react-slot/-/react-slot-1.2.3.tgz 0ms (cache hit)
2929 http cache @radix-ui/react-primitive@https://registry.npmjs.org/@radix-ui/react-primitive/-/react-primitive-2.1.4.tgz 0ms (cache hit)
2930 http cache @radix-ui/react-slot@https://registry.npmjs.org/@radix-ui/react-slot/-/react-slot-1.2.3.tgz 0ms (cache hit)
2931 http cache @radix-ui/react-primitive@https://registry.npmjs.org/@radix-ui/react-primitive/-/react-primitive-2.1.4.tgz 0ms (cache hit)
2932 http cache @radix-ui/react-context@https://registry.npmjs.org/@radix-ui/react-context/-/react-context-1.1.3.tgz 0ms (cache hit)
2933 http cache @radix-ui/react-slot@https://registry.npmjs.org/@radix-ui/react-slot/-/react-slot-1.2.3.tgz 0ms (cache hit)
2934 http cache @radix-ui/react-primitive@https://registry.npmjs.org/@radix-ui/react-primitive/-/react-primitive-2.1.4.tgz 0ms (cache hit)
2935 http cache @radix-ui/react-slot@https://registry.npmjs.org/@radix-ui/react-slot/-/react-slot-1.2.3.tgz 0ms (cache hit)
2936 http cache @radix-ui/react-primitive@https://registry.npmjs.org/@radix-ui/react-primitive/-/react-primitive-2.1.4.tgz 0ms (cache hit)
2937 http cache @radix-ui/react-primitive@https://registry.npmjs.org/@radix-ui/react-primitive/-/react-primitive-2.1.4.tgz 0ms (cache hit)
2938 http cache @radix-ui/react-context@https://registry.npmjs.org/@radix-ui/react-context/-/react-context-1.1.3.tgz 0ms (cache hit)
2939 http cache @radix-ui/react-slot@https://registry.npmjs.org/@radix-ui/react-slot/-/react-slot-1.2.3.tgz 0ms (cache hit)
2940 http cache @tanstack/react-start-rsc@https://registry.npmjs.org/@tanstack/react-start-rsc/-/react-start-rsc-0.1.18.tgz 0ms (cache hit)
2941 http cache @rolldown/pluginutils@https://registry.npmjs.org/@rolldown/pluginutils/-/pluginutils-1.0.0-rc.3.tgz 0ms (cache hit)
2942 http cache @radix-ui/react-label@https://registry.npmjs.org/@radix-ui/react-label/-/react-label-2.1.8.tgz 0ms (cache hit)
2943 http cache @esbuild/win32-x64@https://registry.npmjs.org/@esbuild/win32-x64/-/win32-x64-0.27.7.tgz 0ms (cache hit)
2944 silly tarball no local data for binary-extensions@https://registry.npmjs.org/binary-extensions/-/binary-extensions-2.3.0.tgz. Extracting by manifest.
2945 silly tarball no local data for is-binary-path@https://registry.npmjs.org/is-binary-path/-/is-binary-path-2.1.0.tgz. Extracting by manifest.
2946 http cache esbuild@https://registry.npmjs.org/esbuild/-/esbuild-0.27.7.tgz 0ms (cache hit)
2947 silly tarball no local data for anymatch@https://registry.npmjs.org/anymatch/-/anymatch-3.1.3.tgz. Extracting by manifest.
2948 silly tarball no local data for is-number@https://registry.npmjs.org/is-number/-/is-number-7.0.0.tgz. Extracting by manifest.
2949 silly tarball no local data for thenify@https://registry.npmjs.org/thenify/-/thenify-3.3.1.tgz. Extracting by manifest.
2950 silly tarball no local data for thenify-all@https://registry.npmjs.org/thenify-all/-/thenify-all-1.6.0.tgz. Extracting by manifest.
2951 silly tarball no local data for ts-interface-checker@https://registry.npmjs.org/ts-interface-checker/-/ts-interface-checker-0.1.13.tgz. Extracting by manifest.
2952 silly tarball no local data for any-promise@https://registry.npmjs.org/any-promise/-/any-promise-1.3.0.tgz. Extracting by manifest.
2953 silly tarball no local data for pirates@https://registry.npmjs.org/pirates/-/pirates-4.0.7.tgz. Extracting by manifest.
2954 silly tarball no local data for mz@https://registry.npmjs.org/mz/-/mz-2.7.0.tgz. Extracting by manifest.
2955 silly tarball no local data for lines-and-columns@https://registry.npmjs.org/lines-and-columns/-/lines-and-columns-1.2.4.tgz. Extracting by manifest.
2956 silly tarball no local data for commander@https://registry.npmjs.org/commander/-/commander-4.1.1.tgz. Extracting by manifest.
2957 silly tarball no local data for queue-microtask@https://registry.npmjs.org/queue-microtask/-/queue-microtask-1.2.3.tgz. Extracting by manifest.
2958 silly tarball no local data for function-bind@https://registry.npmjs.org/function-bind/-/function-bind-1.1.2.tgz. Extracting by manifest.
2959 silly tarball no local data for hasown@https://registry.npmjs.org/hasown/-/hasown-2.0.4.tgz. Extracting by manifest.
2960 silly tarball no local data for supports-preserve-symlinks-flag@https://registry.npmjs.org/supports-preserve-symlinks-flag/-/supports-preserve-symlinks-flag-1.0.0.tgz. Extracting by manifest.
2961 silly tarball no local data for path-parse@https://registry.npmjs.org/path-parse/-/path-parse-1.0.7.tgz. Extracting by manifest.
2962 silly tarball no local data for is-core-module@https://registry.npmjs.org/is-core-module/-/is-core-module-2.16.2.tgz. Extracting by manifest.
2963 silly tarball no local data for es-errors@https://registry.npmjs.org/es-errors/-/es-errors-1.3.0.tgz. Extracting by manifest.
2964 silly tarball no local data for pify@https://registry.npmjs.org/pify/-/pify-2.3.0.tgz. Extracting by manifest.
2965 silly tarball no local data for util-deprecate@https://registry.npmjs.org/util-deprecate/-/util-deprecate-1.0.2.tgz. Extracting by manifest.
2966 silly tarball no local data for cssesc@https://registry.npmjs.org/cssesc/-/cssesc-3.0.0.tgz. Extracting by manifest.
2967 silly tarball no local data for camelcase-css@https://registry.npmjs.org/camelcase-css/-/camelcase-css-2.0.1.tgz. Extracting by manifest.
2968 silly tarball no local data for read-cache@https://registry.npmjs.org/read-cache/-/read-cache-1.0.0.tgz. Extracting by manifest.
2969 silly tarball no local data for postcss-value-parser@https://registry.npmjs.org/postcss-value-parser/-/postcss-value-parser-4.2.0.tgz. Extracting by manifest.
2970 silly tarball no local data for fill-range@https://registry.npmjs.org/fill-range/-/fill-range-7.1.1.tgz. Extracting by manifest.
2971 silly tarball no local data for to-regex-range@https://registry.npmjs.org/to-regex-range/-/to-regex-range-5.0.1.tgz. Extracting by manifest.
2972 silly tarball no local data for braces@https://registry.npmjs.org/braces/-/braces-3.0.3.tgz. Extracting by manifest.
2973 silly tarball no local data for is-extglob@https://registry.npmjs.org/is-extglob/-/is-extglob-2.1.1.tgz. Extracting by manifest.
2974 silly tarball no local data for run-parallel@https://registry.npmjs.org/run-parallel/-/run-parallel-1.2.0.tgz. Extracting by manifest.
2975 silly tarball no local data for reusify@https://registry.npmjs.org/reusify/-/reusify-1.1.0.tgz. Extracting by manifest.
2976 silly tarball no local data for fastq@https://registry.npmjs.org/fastq/-/fastq-1.20.1.tgz. Extracting by manifest.
2977 silly tarball no local data for merge2@https://registry.npmjs.org/merge2/-/merge2-1.4.1.tgz. Extracting by manifest.
2978 silly tarball no local data for @nodelib/fs.walk@https://registry.npmjs.org/@nodelib/fs.walk/-/fs.walk-1.2.8.tgz. Extracting by manifest.
2979 silly tarball no local data for @nodelib/fs.scandir@https://registry.npmjs.org/@nodelib/fs.scandir/-/fs.scandir-2.1.5.tgz. Extracting by manifest.
2980 silly tarball no local data for @nodelib/fs.stat@https://registry.npmjs.org/@nodelib/fs.stat/-/fs.stat-2.0.5.tgz. Extracting by manifest.
2981 silly tarball no local data for sucrase@https://registry.npmjs.org/sucrase/-/sucrase-3.35.1.tgz. Extracting by manifest.
2982 silly tarball no local data for resolve@https://registry.npmjs.org/resolve/-/resolve-1.22.12.tgz. Extracting by manifest.
2983 silly tarball no local data for postcss-nested@https://registry.npmjs.org/postcss-nested/-/postcss-nested-6.2.0.tgz. Extracting by manifest.
2984 silly tarball no local data for postcss-selector-parser@https://registry.npmjs.org/postcss-selector-parser/-/postcss-selector-parser-6.1.2.tgz. Extracting by manifest.
2985 silly tarball no local data for postcss-load-config@https://registry.npmjs.org/postcss-load-config/-/postcss-load-config-6.0.1.tgz. Extracting by manifest.
2986 silly tarball no local data for postcss-js@https://registry.npmjs.org/postcss-js/-/postcss-js-4.1.0.tgz. Extracting by manifest.
2987 silly tarball no local data for postcss-import@https://registry.npmjs.org/postcss-import/-/postcss-import-15.1.0.tgz. Extracting by manifest.
2988 silly tarball no local data for object-hash@https://registry.npmjs.org/object-hash/-/object-hash-3.0.0.tgz. Extracting by manifest.
2989 silly tarball no local data for normalize-path@https://registry.npmjs.org/normalize-path/-/normalize-path-3.0.0.tgz. Extracting by manifest.
2990 silly tarball no local data for is-glob@https://registry.npmjs.org/is-glob/-/is-glob-4.0.3.tgz. Extracting by manifest.
2991 silly tarball no local data for lilconfig@https://registry.npmjs.org/lilconfig/-/lilconfig-3.1.3.tgz. Extracting by manifest.
2992 silly tarball no local data for micromatch@https://registry.npmjs.org/micromatch/-/micromatch-4.0.8.tgz. Extracting by manifest.
2993 silly tarball no local data for glob-parent@https://registry.npmjs.org/glob-parent/-/glob-parent-6.0.2.tgz. Extracting by manifest.
2994 silly tarball no local data for fast-glob@https://registry.npmjs.org/fast-glob/-/fast-glob-3.3.3.tgz. Extracting by manifest.
2995 silly tarball no local data for dlv@https://registry.npmjs.org/dlv/-/dlv-1.1.3.tgz. Extracting by manifest.
2996 silly tarball no local data for @oozcitak/url@https://registry.npmjs.org/@oozcitak/url/-/url-3.0.0.tgz. Extracting by manifest.
2997 silly tarball no local data for didyoumean@https://registry.npmjs.org/didyoumean/-/didyoumean-1.2.2.tgz. Extracting by manifest.
2998 silly tarball no local data for @alloc/quick-lru@https://registry.npmjs.org/@alloc/quick-lru/-/quick-lru-5.2.0.tgz. Extracting by manifest.
2999 silly tarball no local data for arg@https://registry.npmjs.org/arg/-/arg-5.0.2.tgz. Extracting by manifest.
3000 silly tarball no local data for js-yaml@https://registry.npmjs.org/js-yaml/-/js-yaml-4.2.0.tgz. Extracting by manifest.
3001 silly tarball no local data for @oozcitak/util@https://registry.npmjs.org/@oozcitak/util/-/util-10.0.0.tgz. Extracting by manifest.
3002 silly tarball no local data for @oozcitak/infra@https://registry.npmjs.org/@oozcitak/infra/-/infra-2.0.2.tgz. Extracting by manifest.
3003 silly tarball no local data for argparse@https://registry.npmjs.org/argparse/-/argparse-2.0.1.tgz. Extracting by manifest.
3004 silly tarball no local data for @oozcitak/dom@https://registry.npmjs.org/@oozcitak/dom/-/dom-2.0.2.tgz. Extracting by manifest.
3005 silly tarball no local data for @types/estree@https://registry.npmjs.org/@types/estree/-/estree-1.0.9.tgz. Extracting by manifest.
3006 silly tarball no local data for tsconfck@https://registry.npmjs.org/tsconfck/-/tsconfck-3.1.6.tgz. Extracting by manifest.
3007 silly tarball no local data for globrex@https://registry.npmjs.org/globrex/-/globrex-0.1.2.tgz. Extracting by manifest.
3008 silly tarball no local data for nanoid@https://registry.npmjs.org/nanoid/-/nanoid-3.3.12.tgz. Extracting by manifest.
3009 silly tarball no local data for rollup@https://registry.npmjs.org/rollup/-/rollup-4.61.0.tgz. Extracting by manifest.
3010 silly tarball no local data for @rollup/rollup-win32-x64-gnu@https://registry.npmjs.org/@rollup/rollup-win32-x64-gnu/-/rollup-win32-x64-gnu-4.61.0.tgz. Extracting by manifest.
3011 silly tarball no local data for @rollup/rollup-win32-x64-msvc@https://registry.npmjs.org/@rollup/rollup-win32-x64-msvc/-/rollup-win32-x64-msvc-4.61.0.tgz. Extracting by manifest.
3012 silly tarball no local data for postcss@https://registry.npmjs.org/postcss/-/postcss-8.5.15.tgz. Extracting by manifest.
3013 silly tarball no local data for d3-path@https://registry.npmjs.org/d3-path/-/d3-path-3.1.0.tgz. Extracting by manifest.
3014 silly tarball no local data for d3-time-format@https://registry.npmjs.org/d3-time-format/-/d3-time-format-4.1.0.tgz. Extracting by manifest.
3015 silly tarball no local data for d3-color@https://registry.npmjs.org/d3-color/-/d3-color-3.1.0.tgz. Extracting by manifest.
3016 silly tarball no local data for @types/d3-path@https://registry.npmjs.org/@types/d3-path/-/d3-path-3.1.1.tgz. Extracting by manifest.
3017 silly tarball no local data for @types/d3-color@https://registry.npmjs.org/@types/d3-color/-/d3-color-3.1.3.tgz. Extracting by manifest.
3018 silly tarball no local data for d3-timer@https://registry.npmjs.org/d3-timer/-/d3-timer-3.0.1.tgz. Extracting by manifest.
3019 silly tarball no local data for d3-format@https://registry.npmjs.org/d3-format/-/d3-format-3.1.2.tgz. Extracting by manifest.
3020 silly tarball no local data for d3-time@https://registry.npmjs.org/d3-time/-/d3-time-3.1.0.tgz. Extracting by manifest.
3021 silly tarball no local data for internmap@https://registry.npmjs.org/internmap/-/internmap-2.0.3.tgz. Extracting by manifest.
3022 silly tarball no local data for d3-shape@https://registry.npmjs.org/d3-shape/-/d3-shape-3.2.0.tgz. Extracting by manifest.
3023 silly tarball no local data for d3-interpolate@https://registry.npmjs.org/d3-interpolate/-/d3-interpolate-3.0.1.tgz. Extracting by manifest.
3024 silly tarball no local data for d3-scale@https://registry.npmjs.org/d3-scale/-/d3-scale-4.0.2.tgz. Extracting by manifest.
3025 silly tarball no local data for d3-ease@https://registry.npmjs.org/d3-ease/-/d3-ease-3.0.1.tgz. Extracting by manifest.
3026 silly tarball no local data for @types/d3-timer@https://registry.npmjs.org/@types/d3-timer/-/d3-timer-3.0.2.tgz. Extracting by manifest.
3027 silly tarball no local data for d3-array@https://registry.npmjs.org/d3-array/-/d3-array-3.2.4.tgz. Extracting by manifest.
3028 silly tarball no local data for @types/d3-shape@https://registry.npmjs.org/@types/d3-shape/-/d3-shape-3.1.8.tgz. Extracting by manifest.
3029 silly tarball no local data for @types/d3-scale@https://registry.npmjs.org/@types/d3-scale/-/d3-scale-4.0.9.tgz. Extracting by manifest.
3030 silly tarball no local data for @types/d3-time@https://registry.npmjs.org/@types/d3-time/-/d3-time-3.0.4.tgz. Extracting by manifest.
3031 silly tarball no local data for @types/d3-interpolate@https://registry.npmjs.org/@types/d3-interpolate/-/d3-interpolate-3.0.4.tgz. Extracting by manifest.
3032 silly tarball no local data for @types/d3-ease@https://registry.npmjs.org/@types/d3-ease/-/d3-ease-3.0.2.tgz. Extracting by manifest.
3033 silly tarball no local data for @types/d3-array@https://registry.npmjs.org/@types/d3-array/-/d3-array-3.2.2.tgz. Extracting by manifest.
3034 silly tarball no local data for detect-node-es@https://registry.npmjs.org/detect-node-es/-/detect-node-es-1.1.0.tgz. Extracting by manifest.
3035 silly tarball no local data for webpack-virtual-modules@https://registry.npmjs.org/webpack-virtual-modules/-/webpack-virtual-modules-0.6.2.tgz. Extracting by manifest.
3036 silly tarball no local data for escalade@https://registry.npmjs.org/escalade/-/escalade-3.2.0.tgz. Extracting by manifest.
3037 silly tarball no local data for fdir@https://registry.npmjs.org/fdir/-/fdir-6.5.0.tgz. Extracting by manifest.
3038 silly tarball no local data for decimal.js-light@https://registry.npmjs.org/decimal.js-light/-/decimal.js-light-2.5.1.tgz. Extracting by manifest.
3039 silly tarball no local data for @babel/runtime@https://registry.npmjs.org/@babel/runtime/-/runtime-7.29.7.tgz. Extracting by manifest.
3040 silly tarball no local data for dom-helpers@https://registry.npmjs.org/dom-helpers/-/dom-helpers-5.2.1.tgz. Extracting by manifest.
3041 silly tarball no local data for loose-envify@https://registry.npmjs.org/loose-envify/-/loose-envify-1.4.0.tgz. Extracting by manifest.
3042 silly tarball no local data for object-assign@https://registry.npmjs.org/object-assign/-/object-assign-4.1.1.tgz. Extracting by manifest.
3043 silly tarball no local data for prop-types@https://registry.npmjs.org/prop-types/-/prop-types-15.8.1.tgz. Extracting by manifest.
3044 silly tarball no local data for react-transition-group@https://registry.npmjs.org/react-transition-group/-/react-transition-group-4.4.5.tgz. Extracting by manifest.
3045 silly tarball no local data for victory-vendor@https://registry.npmjs.org/victory-vendor/-/victory-vendor-36.9.2.tgz. Extracting by manifest.
3046 silly tarball no local data for fast-equals@https://registry.npmjs.org/fast-equals/-/fast-equals-5.4.0.tgz. Extracting by manifest.
3047 silly tarball no local data for tiny-invariant@https://registry.npmjs.org/tiny-invariant/-/tiny-invariant-1.3.3.tgz. Extracting by manifest.
3048 silly tarball no local data for recharts-scale@https://registry.npmjs.org/recharts-scale/-/recharts-scale-0.4.5.tgz. Extracting by manifest.
3049 silly tarball no local data for react-is@https://registry.npmjs.org/react-is/-/react-is-18.3.1.tgz. Extracting by manifest.
3050 silly tarball no local data for eventemitter3@https://registry.npmjs.org/eventemitter3/-/eventemitter3-4.0.7.tgz. Extracting by manifest.
3051 silly tarball no local data for get-nonce@https://registry.npmjs.org/get-nonce/-/get-nonce-1.0.1.tgz. Extracting by manifest.
3052 silly tarball no local data for use-sidecar@https://registry.npmjs.org/use-sidecar/-/use-sidecar-1.1.3.tgz. Extracting by manifest.
3053 silly tarball no local data for use-callback-ref@https://registry.npmjs.org/use-callback-ref/-/use-callback-ref-1.3.3.tgz. Extracting by manifest.
3054 silly tarball no local data for react-remove-scroll-bar@https://registry.npmjs.org/react-remove-scroll-bar/-/react-remove-scroll-bar-2.3.8.tgz. Extracting by manifest.
3055 silly tarball no local data for react-style-singleton@https://registry.npmjs.org/react-style-singleton/-/react-style-singleton-2.2.3.tgz. Extracting by manifest.
3056 silly tarball no local data for @date-fns/tz@https://registry.npmjs.org/@date-fns/tz/-/tz-1.5.0.tgz. Extracting by manifest.
3057 silly tarball no local data for scheduler@https://registry.npmjs.org/scheduler/-/scheduler-0.26.0.tgz. Extracting by manifest.
3058 silly tarball no local data for @tabby_ai/hijri-converter@https://registry.npmjs.org/@tabby_ai/hijri-converter/-/hijri-converter-1.0.5.tgz. Extracting by manifest.
3059 silly tarball no local data for date-fns-jalali@https://registry.npmjs.org/date-fns-jalali/-/date-fns-jalali-4.1.0-0.tgz. Extracting by manifest.
3060 silly tarball no local data for @esbuild/win32-x64@https://registry.npmjs.org/@esbuild/win32-x64/-/win32-x64-0.25.12.tgz. Extracting by manifest.
3061 silly tarball no local data for esbuild@https://registry.npmjs.org/esbuild/-/esbuild-0.25.12.tgz. Extracting by manifest.
3062 silly tarball no local data for react-smooth@https://registry.npmjs.org/react-smooth/-/react-smooth-4.0.4.tgz. Extracting by manifest.
3063 silly tarball no local data for lightningcss-win32-x64-msvc@https://registry.npmjs.org/lightningcss-win32-x64-msvc/-/lightningcss-win32-x64-msvc-1.32.0.tgz. Extracting by manifest.
3064 silly tarball no local data for detect-libc@https://registry.npmjs.org/detect-libc/-/detect-libc-2.1.2.tgz. Extracting by manifest.
3065 silly tarball no local data for rou3@https://registry.npmjs.org/rou3/-/rou3-0.8.1.tgz. Extracting by manifest.
3066 silly tarball no local data for motion-utils@https://registry.npmjs.org/motion-utils/-/motion-utils-12.39.0.tgz. Extracting by manifest.
3067 silly tarball no local data for tapable@https://registry.npmjs.org/tapable/-/tapable-2.3.3.tgz. Extracting by manifest.
3068 silly tarball no local data for motion-dom@https://registry.npmjs.org/motion-dom/-/motion-dom-12.40.0.tgz. Extracting by manifest.
3069 silly tarball no local data for graceful-fs@https://registry.npmjs.org/graceful-fs/-/graceful-fs-4.2.11.tgz. Extracting by manifest.
3070 silly tarball no local data for embla-carousel-reactive-utils@https://registry.npmjs.org/embla-carousel-reactive-utils/-/embla-carousel-reactive-utils-8.6.0.tgz. Extracting by manifest.
3071 silly tarball no local data for embla-carousel@https://registry.npmjs.org/embla-carousel/-/embla-carousel-8.6.0.tgz. Extracting by manifest.
3072 silly tarball no local data for ms@https://registry.npmjs.org/ms/-/ms-2.1.3.tgz. Extracting by manifest.
3073 silly tarball no local data for readdirp@https://registry.npmjs.org/readdirp/-/readdirp-5.0.0.tgz. Extracting by manifest.
3074 silly tarball no local data for update-browserslist-db@https://registry.npmjs.org/update-browserslist-db/-/update-browserslist-db-1.2.3.tgz. Extracting by manifest.
3075 silly tarball no local data for node-releases@https://registry.npmjs.org/node-releases/-/node-releases-2.0.47.tgz. Extracting by manifest.
3076 silly tarball no local data for caniuse-lite@https://registry.npmjs.org/caniuse-lite/-/caniuse-lite-1.0.30001793.tgz. Extracting by manifest.
3077 silly tarball no local data for lodash@https://registry.npmjs.org/lodash/-/lodash-4.18.1.tgz. Extracting by manifest.
3078 silly tarball no local data for @types/babel__template@https://registry.npmjs.org/@types/babel__template/-/babel__template-7.4.4.tgz. Extracting by manifest.
3079 silly tarball no local data for @types/babel__traverse@https://registry.npmjs.org/@types/babel__traverse/-/babel__traverse-7.28.0.tgz. Extracting by manifest.
3080 silly tarball no local data for @types/babel__generator@https://registry.npmjs.org/@types/babel__generator/-/babel__generator-7.27.0.tgz. Extracting by manifest.
3081 silly tarball no local data for @types/babel__core@https://registry.npmjs.org/@types/babel__core/-/babel__core-7.20.5.tgz. Extracting by manifest.
3082 silly tarball no local data for baseline-browser-mapping@https://registry.npmjs.org/baseline-browser-mapping/-/baseline-browser-mapping-2.10.33.tgz. Extracting by manifest.
3083 silly tarball no local data for react-refresh@https://registry.npmjs.org/react-refresh/-/react-refresh-0.18.0.tgz. Extracting by manifest.
3084 silly tarball no local data for @babel/plugin-transform-react-jsx-source@https://registry.npmjs.org/@babel/plugin-transform-react-jsx-source/-/plugin-transform-react-jsx-source-7.29.7.tgz. Extracting by manifest.
3085 silly tarball no local data for @babel/plugin-transform-react-jsx-self@https://registry.npmjs.org/@babel/plugin-transform-react-jsx-self/-/plugin-transform-react-jsx-self-7.29.7.tgz. Extracting by manifest.
3086 silly tarball no local data for csstype@https://registry.npmjs.org/csstype/-/csstype-3.2.3.tgz. Extracting by manifest.
3087 silly tarball no local data for h3-v2@https://registry.npmjs.org/h3/-/h3-2.0.1-rc.20.tgz. Extracting by manifest.
3088 silly tarball no local data for undici-types@https://registry.npmjs.org/undici-types/-/undici-types-7.24.6.tgz. Extracting by manifest.
3089 silly tarball no local data for fetchdts@https://registry.npmjs.org/fetchdts/-/fetchdts-0.1.7.tgz. Extracting by manifest.
3090 silly tarball no local data for @babel/helper-plugin-utils@https://registry.npmjs.org/@babel/helper-plugin-utils/-/helper-plugin-utils-7.29.7.tgz. Extracting by manifest.
3091 silly tarball no local data for @babel/plugin-syntax-jsx@https://registry.npmjs.org/@babel/plugin-syntax-jsx/-/plugin-syntax-jsx-7.29.7.tgz. Extracting by manifest.
3092 silly tarball no local data for @babel/plugin-syntax-typescript@https://registry.npmjs.org/@babel/plugin-syntax-typescript/-/plugin-syntax-typescript-7.29.7.tgz. Extracting by manifest.
3093 silly tarball no local data for unplugin@https://registry.npmjs.org/unplugin/-/unplugin-3.0.0.tgz. Extracting by manifest.
3094 silly tarball no local data for yallist@https://registry.npmjs.org/yallist/-/yallist-3.1.1.tgz. Extracting by manifest.
3095 silly tarball no local data for @tanstack/virtual-file-routes@https://registry.npmjs.org/@tanstack/virtual-file-routes/-/virtual-file-routes-1.162.0.tgz. Extracting by manifest.
3096 silly tarball no local data for xmlbuilder2@https://registry.npmjs.org/xmlbuilder2/-/xmlbuilder2-4.0.3.tgz. Extracting by manifest.
3097 silly tarball no local data for vitefu@https://registry.npmjs.org/vitefu/-/vitefu-1.1.3.tgz. Extracting by manifest.
3098 silly tarball no local data for ufo@https://registry.npmjs.org/ufo/-/ufo-1.6.4.tgz. Extracting by manifest.
3099 silly tarball no local data for srvx@https://registry.npmjs.org/srvx/-/srvx-0.11.16.tgz. Extracting by manifest.
3100 silly tarball no local data for source-map@https://registry.npmjs.org/source-map/-/source-map-0.7.6.tgz. Extracting by manifest.
3101 silly tarball no local data for @tanstack/router-plugin@https://registry.npmjs.org/@tanstack/router-plugin/-/router-plugin-1.168.14.tgz. Extracting by manifest.
3102 silly tarball no local data for picomatch@https://registry.npmjs.org/picomatch/-/picomatch-4.0.4.tgz. Extracting by manifest.
3103 silly tarball no local data for exsolve@https://registry.npmjs.org/exsolve/-/exsolve-1.0.8.tgz. Extracting by manifest.
3104 silly tarball no local data for @tanstack/router-generator@https://registry.npmjs.org/@tanstack/router-generator/-/router-generator-1.167.13.tgz. Extracting by manifest.
3105 silly tarball no local data for @rolldown/pluginutils@https://registry.npmjs.org/@rolldown/pluginutils/-/pluginutils-1.0.1.tgz. Extracting by manifest.
3106 silly tarball no local data for @babel/helper-string-parser@https://registry.npmjs.org/@babel/helper-string-parser/-/helper-string-parser-7.29.7.tgz. Extracting by manifest.
3107 silly tarball no local data for @tanstack/start-storage-context@https://registry.npmjs.org/@tanstack/start-storage-context/-/start-storage-context-1.167.11.tgz. Extracting by manifest.
3108 silly tarball no local data for @babel/helper-globals@https://registry.npmjs.org/@babel/helper-globals/-/helper-globals-7.29.7.tgz. Extracting by manifest.
3109 silly tarball no local data for @babel/helper-module-imports@https://registry.npmjs.org/@babel/helper-module-imports/-/helper-module-imports-7.29.7.tgz. Extracting by manifest.
3110 silly tarball no local data for @tanstack/start-fn-stubs@https://registry.npmjs.org/@tanstack/start-fn-stubs/-/start-fn-stubs-1.162.0.tgz. Extracting by manifest.
3111 silly tarball no local data for @babel/helper-validator-option@https://registry.npmjs.org/@babel/helper-validator-option/-/helper-validator-option-7.29.7.tgz. Extracting by manifest.
3112 silly tarball no local data for lru-cache@https://registry.npmjs.org/lru-cache/-/lru-cache-5.1.1.tgz. Extracting by manifest.
3113 silly tarball no local data for @babel/compat-data@https://registry.npmjs.org/@babel/compat-data/-/compat-data-7.29.7.tgz. Extracting by manifest.
3114 silly tarball no local data for browserslist@https://registry.npmjs.org/browserslist/-/browserslist-4.28.2.tgz. Extracting by manifest.
3115 silly tarball no local data for jsesc@https://registry.npmjs.org/jsesc/-/jsesc-3.1.0.tgz. Extracting by manifest.
3116 silly tarball no local data for @babel/helper-validator-identifier@https://registry.npmjs.org/@babel/helper-validator-identifier/-/helper-validator-identifier-7.29.7.tgz. Extracting by manifest.
3117 silly tarball no local data for js-tokens@https://registry.npmjs.org/js-tokens/-/js-tokens-4.0.0.tgz. Extracting by manifest.
3118 silly tarball no local data for picocolors@https://registry.npmjs.org/picocolors/-/picocolors-1.1.1.tgz. Extracting by manifest.
3119 silly tarball no local data for semver@https://registry.npmjs.org/semver/-/semver-6.3.1.tgz. Extracting by manifest.
3120 silly tarball no local data for electron-to-chromium@https://registry.npmjs.org/electron-to-chromium/-/electron-to-chromium-1.5.366.tgz. Extracting by manifest.
3121 silly tarball no local data for gensync@https://registry.npmjs.org/gensync/-/gensync-1.0.0-beta.2.tgz. Extracting by manifest.
3122 silly tarball no local data for debug@https://registry.npmjs.org/debug/-/debug-4.4.3.tgz. Extracting by manifest.
3123 silly tarball no local data for convert-source-map@https://registry.npmjs.org/convert-source-map/-/convert-source-map-2.0.0.tgz. Extracting by manifest.
3124 silly tarball no local data for @babel/traverse@https://registry.npmjs.org/@babel/traverse/-/traverse-7.29.7.tgz. Extracting by manifest.
3125 silly tarball no local data for @babel/template@https://registry.npmjs.org/@babel/template/-/template-7.29.7.tgz. Extracting by manifest.
3126 silly tarball no local data for @babel/helpers@https://registry.npmjs.org/@babel/helpers/-/helpers-7.29.7.tgz. Extracting by manifest.
3127 silly tarball no local data for tinyglobby@https://registry.npmjs.org/tinyglobby/-/tinyglobby-0.2.17.tgz. Extracting by manifest.
3128 silly tarball no local data for @babel/helper-module-transforms@https://registry.npmjs.org/@babel/helper-module-transforms/-/helper-module-transforms-7.29.7.tgz. Extracting by manifest.
3129 silly tarball no local data for @babel/helper-compilation-targets@https://registry.npmjs.org/@babel/helper-compilation-targets/-/helper-compilation-targets-7.29.7.tgz. Extracting by manifest.
3130 silly tarball no local data for @babel/code-frame@https://registry.npmjs.org/@babel/code-frame/-/code-frame-7.29.7.tgz. Extracting by manifest.
3131 silly tarball no local data for babel-dead-code-elimination@https://registry.npmjs.org/babel-dead-code-elimination/-/babel-dead-code-elimination-1.0.12.tgz. Extracting by manifest.
3132 silly tarball no local data for diff@https://registry.npmjs.org/diff/-/diff-8.0.4.tgz. Extracting by manifest.
3133 silly tarball no local data for ansis@https://registry.npmjs.org/ansis/-/ansis-4.3.1.tgz. Extracting by manifest.
3134 silly tarball no local data for @babel/types@https://registry.npmjs.org/@babel/types/-/types-7.29.7.tgz. Extracting by manifest.
3135 silly tarball no local data for @babel/parser@https://registry.npmjs.org/@babel/parser/-/parser-7.29.7.tgz. Extracting by manifest.
3136 silly tarball no local data for seroval-plugins@https://registry.npmjs.org/seroval-plugins/-/seroval-plugins-1.5.4.tgz. Extracting by manifest.
3137 silly tarball no local data for @babel/generator@https://registry.npmjs.org/@babel/generator/-/generator-7.29.7.tgz. Extracting by manifest.
3138 silly tarball no local data for @babel/core@https://registry.npmjs.org/@babel/core/-/core-7.29.7.tgz. Extracting by manifest.
3139 silly tarball no local data for @tanstack/store@https://registry.npmjs.org/@tanstack/store/-/store-0.9.3.tgz. Extracting by manifest.
3140 silly tarball no local data for seroval@https://registry.npmjs.org/seroval/-/seroval-1.5.4.tgz. Extracting by manifest.
3141 silly tarball no local data for cookie-es@https://registry.npmjs.org/cookie-es/-/cookie-es-3.1.1.tgz. Extracting by manifest.
3142 silly tarball no local data for @tanstack/start-server-core@https://registry.npmjs.org/@tanstack/start-server-core/-/start-server-core-1.169.9.tgz. Extracting by manifest.
3143 silly tarball no local data for pathe@https://registry.npmjs.org/pathe/-/pathe-2.0.3.tgz. Extracting by manifest.
3144 silly tarball no local data for @tanstack/start-client-core@https://registry.npmjs.org/@tanstack/start-client-core/-/start-client-core-1.170.7.tgz. Extracting by manifest.
3145 silly tarball no local data for @tanstack/start-plugin-core@https://registry.npmjs.org/@tanstack/start-plugin-core/-/start-plugin-core-1.171.11.tgz. Extracting by manifest.
3146 silly tarball no local data for isbot@https://registry.npmjs.org/isbot/-/isbot-5.1.40.tgz. Extracting by manifest.
3147 silly tarball no local data for @tanstack/router-utils@https://registry.npmjs.org/@tanstack/router-utils/-/router-utils-1.162.1.tgz. Extracting by manifest.
3148 silly tarball no local data for @tanstack/react-start-client@https://registry.npmjs.org/@tanstack/react-start-client/-/react-start-client-1.168.8.tgz. Extracting by manifest.
3149 silly tarball no local data for @tanstack/react-start-server@https://registry.npmjs.org/@tanstack/react-start-server/-/react-start-server-1.167.14.tgz. Extracting by manifest.
3150 silly tarball no local data for @tanstack/react-store@https://registry.npmjs.org/@tanstack/react-store/-/react-store-0.9.3.tgz. Extracting by manifest.
3151 silly tarball no local data for @tanstack/router-core@https://registry.npmjs.org/@tanstack/router-core/-/router-core-1.171.9.tgz. Extracting by manifest.
3152 silly tarball no local data for @tanstack/history@https://registry.npmjs.org/@tanstack/history/-/history-1.162.0.tgz. Extracting by manifest.
3153 silly tarball no local data for @tailwindcss/oxide-win32-x64-msvc@https://registry.npmjs.org/@tailwindcss/oxide-win32-x64-msvc/-/oxide-win32-x64-msvc-4.3.0.tgz. Extracting by manifest.
3154 silly tarball no local data for @jridgewell/resolve-uri@https://registry.npmjs.org/@jridgewell/resolve-uri/-/resolve-uri-3.1.2.tgz. Extracting by manifest.
3155 silly tarball no local data for @tanstack/query-core@https://registry.npmjs.org/@tanstack/query-core/-/query-core-5.101.0.tgz. Extracting by manifest.
3156 silly tarball no local data for @jridgewell/trace-mapping@https://registry.npmjs.org/@jridgewell/trace-mapping/-/trace-mapping-0.3.31.tgz. Extracting by manifest.
3157 silly tarball no local data for @jridgewell/sourcemap-codec@https://registry.npmjs.org/@jridgewell/sourcemap-codec/-/sourcemap-codec-1.5.5.tgz. Extracting by manifest.
3158 silly tarball no local data for @jridgewell/gen-mapping@https://registry.npmjs.org/@jridgewell/gen-mapping/-/gen-mapping-0.3.13.tgz. Extracting by manifest.
3159 silly tarball no local data for source-map-js@https://registry.npmjs.org/source-map-js/-/source-map-js-1.2.1.tgz. Extracting by manifest.
3160 silly tarball no local data for magic-string@https://registry.npmjs.org/magic-string/-/magic-string-0.30.21.tgz. Extracting by manifest.
3161 silly tarball no local data for @jridgewell/remapping@https://registry.npmjs.org/@jridgewell/remapping/-/remapping-2.3.5.tgz. Extracting by manifest.
3162 silly tarball no local data for @tailwindcss/oxide@https://registry.npmjs.org/@tailwindcss/oxide/-/oxide-4.3.0.tgz. Extracting by manifest.
3163 silly tarball no local data for enhanced-resolve@https://registry.npmjs.org/enhanced-resolve/-/enhanced-resolve-5.22.1.tgz. Extracting by manifest.
3164 silly tarball no local data for jiti@https://registry.npmjs.org/jiti/-/jiti-2.7.0.tgz. Extracting by manifest.
3165 silly tarball no local data for @tailwindcss/node@https://registry.npmjs.org/@tailwindcss/node/-/node-4.3.0.tgz. Extracting by manifest.
3166 silly tarball no local data for iceberg-js@https://registry.npmjs.org/iceberg-js/-/iceberg-js-0.8.1.tgz. Extracting by manifest.
3167 silly tarball no local data for @supabase/phoenix@https://registry.npmjs.org/@supabase/phoenix/-/phoenix-0.4.2.tgz. Extracting by manifest.
3168 silly tarball no local data for @supabase/storage-js@https://registry.npmjs.org/@supabase/storage-js/-/storage-js-2.107.0.tgz. Extracting by manifest.
3169 silly tarball no local data for @supabase/realtime-js@https://registry.npmjs.org/@supabase/realtime-js/-/realtime-js-2.107.0.tgz. Extracting by manifest.
3170 silly tarball no local data for @supabase/postgrest-js@https://registry.npmjs.org/@supabase/postgrest-js/-/postgrest-js-2.107.0.tgz. Extracting by manifest.
3171 silly tarball no local data for @supabase/functions-js@https://registry.npmjs.org/@supabase/functions-js/-/functions-js-2.107.0.tgz. Extracting by manifest.
3172 silly tarball no local data for @supabase/auth-js@https://registry.npmjs.org/@supabase/auth-js/-/auth-js-2.107.0.tgz. Extracting by manifest.
3173 silly tarball no local data for use-sync-external-store@https://registry.npmjs.org/use-sync-external-store/-/use-sync-external-store-1.6.0.tgz. Extracting by manifest.
3174 silly tarball no local data for @floating-ui/utils@https://registry.npmjs.org/@floating-ui/utils/-/utils-0.2.11.tgz. Extracting by manifest.
3175 silly tarball no local data for @floating-ui/core@https://registry.npmjs.org/@floating-ui/core/-/core-1.7.5.tgz. Extracting by manifest.
3176 silly tarball no local data for @radix-ui/react-use-effect-event@https://registry.npmjs.org/@radix-ui/react-use-effect-event/-/react-use-effect-event-0.0.2.tgz. Extracting by manifest.
3177 silly tarball no local data for @radix-ui/number@https://registry.npmjs.org/@radix-ui/number/-/number-1.1.1.tgz. Extracting by manifest.
3178 silly tarball no local data for @floating-ui/dom@https://registry.npmjs.org/@floating-ui/dom/-/dom-1.7.6.tgz. Extracting by manifest.
3179 silly tarball no local data for @floating-ui/react-dom@https://registry.npmjs.org/@floating-ui/react-dom/-/react-dom-2.1.8.tgz. Extracting by manifest.
3180 silly tarball no local data for @radix-ui/react-use-rect@https://registry.npmjs.org/@radix-ui/react-use-rect/-/react-use-rect-1.1.1.tgz. Extracting by manifest.
3181 silly tarball no local data for @radix-ui/react-arrow@https://registry.npmjs.org/@radix-ui/react-arrow/-/react-arrow-1.1.7.tgz. Extracting by manifest.
3182 silly tarball no local data for @radix-ui/rect@https://registry.npmjs.org/@radix-ui/rect/-/rect-1.1.1.tgz. Extracting by manifest.
3183 silly tarball no local data for @radix-ui/react-visually-hidden@https://registry.npmjs.org/@radix-ui/react-visually-hidden/-/react-visually-hidden-1.2.3.tgz. Extracting by manifest.
3184 silly tarball no local data for @radix-ui/react-roving-focus@https://registry.npmjs.org/@radix-ui/react-roving-focus/-/react-roving-focus-1.1.11.tgz. Extracting by manifest.
3185 silly tarball no local data for chokidar@https://registry.npmjs.org/chokidar/-/chokidar-5.0.0.tgz. Extracting by manifest.
3186 silly tarball no local data for @radix-ui/react-popper@https://registry.npmjs.org/@radix-ui/react-popper/-/react-popper-1.2.8.tgz. Extracting by manifest.
3187 silly tarball no local data for @radix-ui/react-use-escape-keydown@https://registry.npmjs.org/@radix-ui/react-use-escape-keydown/-/react-use-escape-keydown-1.1.1.tgz. Extracting by manifest.
3188 silly tarball no local data for react-remove-scroll@https://registry.npmjs.org/react-remove-scroll/-/react-remove-scroll-2.7.2.tgz. Extracting by manifest.
3189 silly tarball no local data for @radix-ui/react-portal@https://registry.npmjs.org/@radix-ui/react-portal/-/react-portal-1.1.9.tgz. Extracting by manifest.
3190 silly tarball no local data for aria-hidden@https://registry.npmjs.org/aria-hidden/-/aria-hidden-1.2.6.tgz. Extracting by manifest.
3191 silly tarball no local data for @radix-ui/react-focus-scope@https://registry.npmjs.org/@radix-ui/react-focus-scope/-/react-focus-scope-1.1.7.tgz. Extracting by manifest.
3192 silly tarball no local data for @radix-ui/react-dismissable-layer@https://registry.npmjs.org/@radix-ui/react-dismissable-layer/-/react-dismissable-layer-1.1.11.tgz. Extracting by manifest.
3193 silly tarball no local data for @radix-ui/react-focus-guards@https://registry.npmjs.org/@radix-ui/react-focus-guards/-/react-focus-guards-1.1.3.tgz. Extracting by manifest.
3194 silly tarball no local data for @radix-ui/react-menu@https://registry.npmjs.org/@radix-ui/react-menu/-/react-menu-2.1.16.tgz. Extracting by manifest.
3195 silly tarball no local data for @radix-ui/react-use-size@https://registry.npmjs.org/@radix-ui/react-use-size/-/react-use-size-1.1.1.tgz. Extracting by manifest.
3196 silly tarball no local data for @radix-ui/react-use-previous@https://registry.npmjs.org/@radix-ui/react-use-previous/-/react-use-previous-1.1.1.tgz. Extracting by manifest.
3197 silly tarball no local data for @radix-ui/react-use-is-hydrated@https://registry.npmjs.org/@radix-ui/react-use-is-hydrated/-/react-use-is-hydrated-0.1.0.tgz. Extracting by manifest.
3198 silly tarball no local data for @radix-ui/react-use-layout-effect@https://registry.npmjs.org/@radix-ui/react-use-layout-effect/-/react-use-layout-effect-1.1.1.tgz. Extracting by manifest.
3199 silly tarball no local data for @radix-ui/react-presence@https://registry.npmjs.org/@radix-ui/react-presence/-/react-presence-1.1.5.tgz. Extracting by manifest.
3200 silly tarball no local data for @radix-ui/react-use-callback-ref@https://registry.npmjs.org/@radix-ui/react-use-callback-ref/-/react-use-callback-ref-1.1.1.tgz. Extracting by manifest.
3201 silly tarball no local data for @radix-ui/react-use-controllable-state@https://registry.npmjs.org/@radix-ui/react-use-controllable-state/-/react-use-controllable-state-1.2.2.tgz. Extracting by manifest.
3202 silly tarball no local data for @radix-ui/react-primitive@https://registry.npmjs.org/@radix-ui/react-primitive/-/react-primitive-2.1.3.tgz. Extracting by manifest.
3203 silly tarball no local data for @radix-ui/react-id@https://registry.npmjs.org/@radix-ui/react-id/-/react-id-1.1.1.tgz. Extracting by manifest.
3204 silly tarball no local data for @radix-ui/react-direction@https://registry.npmjs.org/@radix-ui/react-direction/-/react-direction-1.1.1.tgz. Extracting by manifest.
3205 silly tarball no local data for @radix-ui/react-context@https://registry.npmjs.org/@radix-ui/react-context/-/react-context-1.1.2.tgz. Extracting by manifest.
3206 silly tarball no local data for @radix-ui/react-compose-refs@https://registry.npmjs.org/@radix-ui/react-compose-refs/-/react-compose-refs-1.1.2.tgz. Extracting by manifest.
3207 silly tarball no local data for @radix-ui/primitive@https://registry.npmjs.org/@radix-ui/primitive/-/primitive-1.1.3.tgz. Extracting by manifest.
3208 silly tarball no local data for json5@https://registry.npmjs.org/json5/-/json5-2.2.3.tgz. Extracting by manifest.
3209 silly tarball no local data for lovable-tagger@https://registry.npmjs.org/lovable-tagger/-/lovable-tagger-1.2.0.tgz. Extracting by manifest.
3210 silly tarball no local data for lightningcss@https://registry.npmjs.org/lightningcss/-/lightningcss-1.32.0.tgz. Extracting by manifest.
3211 silly tarball no local data for @lovable.dev/vite-plugin-hmr-gate@https://registry.npmjs.org/@lovable.dev/vite-plugin-hmr-gate/-/vite-plugin-hmr-gate-1.0.0.tgz. Extracting by manifest.
3212 silly tarball no local data for zod@https://registry.npmjs.org/zod/-/zod-3.25.76.tgz. Extracting by manifest.
3213 silly tarball no local data for @lovable.dev/vite-plugin-dev-server-bridge@https://registry.npmjs.org/@lovable.dev/vite-plugin-dev-server-bridge/-/vite-plugin-dev-server-bridge-1.0.0.tgz. Extracting by manifest.
3214 silly tarball no local data for vaul@https://registry.npmjs.org/vaul/-/vaul-1.1.2.tgz. Extracting by manifest.
3215 silly tarball no local data for @radix-ui/react-collection@https://registry.npmjs.org/@radix-ui/react-collection/-/react-collection-1.1.7.tgz. Extracting by manifest.
3216 silly tarball no local data for typescript@https://registry.npmjs.org/typescript/-/typescript-5.9.3.tgz. Extracting by manifest.
3217 silly tarball no local data for tslib@https://registry.npmjs.org/tslib/-/tslib-2.8.1.tgz. Extracting by manifest.
3218 silly tarball no local data for sonner@https://registry.npmjs.org/sonner/-/sonner-2.0.7.tgz. Extracting by manifest.
3219 silly tarball no local data for recharts@https://registry.npmjs.org/recharts/-/recharts-2.15.4.tgz. Extracting by manifest.
3220 silly tarball no local data for tailwindcss@https://registry.npmjs.org/tailwindcss/-/tailwindcss-4.3.0.tgz. Extracting by manifest.
3221 silly tarball no local data for react-resizable-panels@https://registry.npmjs.org/react-resizable-panels/-/react-resizable-panels-2.1.9.tgz. Extracting by manifest.
3222 silly tarball no local data for react-day-picker@https://registry.npmjs.org/react-day-picker/-/react-day-picker-9.14.0.tgz. Extracting by manifest.
3223 silly tarball no local data for next-themes@https://registry.npmjs.org/next-themes/-/next-themes-0.4.6.tgz. Extracting by manifest.
3224 silly tarball no local data for lucide-react@https://registry.npmjs.org/lucide-react/-/lucide-react-0.545.0.tgz. Extracting by manifest.
3225 silly tarball no local data for prettier@https://registry.npmjs.org/prettier/-/prettier-3.8.3.tgz. Extracting by manifest.
3226 silly tarball no local data for framer-motion@https://registry.npmjs.org/framer-motion/-/framer-motion-12.40.0.tgz. Extracting by manifest.
3227 silly tarball no local data for input-otp@https://registry.npmjs.org/input-otp/-/input-otp-1.4.2.tgz. Extracting by manifest.
3228 silly tarball no local data for embla-carousel-react@https://registry.npmjs.org/embla-carousel-react/-/embla-carousel-react-8.6.0.tgz. Extracting by manifest.
3229 silly tarball no local data for cmdk@https://registry.npmjs.org/cmdk/-/cmdk-1.1.1.tgz. Extracting by manifest.
3230 silly tarball no local data for date-fns@https://registry.npmjs.org/date-fns/-/date-fns-3.6.0.tgz. Extracting by manifest.
3231 silly tarball no local data for clsx@https://registry.npmjs.org/clsx/-/clsx-2.1.1.tgz. Extracting by manifest.
3232 silly tarball no local data for class-variance-authority@https://registry.npmjs.org/class-variance-authority/-/class-variance-authority-0.7.1.tgz. Extracting by manifest.
3233 silly tarball no local data for @types/react-dom@https://registry.npmjs.org/@types/react-dom/-/react-dom-19.2.3.tgz. Extracting by manifest.
3234 silly tarball no local data for @types/react@https://registry.npmjs.org/@types/react/-/react-19.2.16.tgz. Extracting by manifest.
3235 silly tarball no local data for @types/node@https://registry.npmjs.org/@types/node/-/node-25.9.1.tgz. Extracting by manifest.
3236 silly tarball no local data for @tanstack/react-router@https://registry.npmjs.org/@tanstack/react-router/-/react-router-1.170.11.tgz. Extracting by manifest.
3237 silly tarball no local data for @tanstack/react-query@https://registry.npmjs.org/@tanstack/react-query/-/react-query-5.101.0.tgz. Extracting by manifest.
3238 silly tarball no local data for @supabase/supabase-js@https://registry.npmjs.org/@supabase/supabase-js/-/supabase-js-2.107.0.tgz. Extracting by manifest.
3239 silly tarball no local data for @radix-ui/react-toggle-group@https://registry.npmjs.org/@radix-ui/react-toggle-group/-/react-toggle-group-1.1.11.tgz. Extracting by manifest.
3240 silly tarball no local data for @radix-ui/react-tooltip@https://registry.npmjs.org/@radix-ui/react-tooltip/-/react-tooltip-1.2.8.tgz. Extracting by manifest.
3241 silly tarball no local data for @radix-ui/react-tabs@https://registry.npmjs.org/@radix-ui/react-tabs/-/react-tabs-1.1.13.tgz. Extracting by manifest.
3242 silly tarball no local data for @radix-ui/react-switch@https://registry.npmjs.org/@radix-ui/react-switch/-/react-switch-1.2.6.tgz. Extracting by manifest.
3243 silly tarball no local data for @radix-ui/react-toggle@https://registry.npmjs.org/@radix-ui/react-toggle/-/react-toggle-1.1.10.tgz. Extracting by manifest.
3244 silly tarball no local data for @radix-ui/react-slot@https://registry.npmjs.org/@radix-ui/react-slot/-/react-slot-1.2.4.tgz. Extracting by manifest.
3245 silly tarball no local data for @radix-ui/react-slider@https://registry.npmjs.org/@radix-ui/react-slider/-/react-slider-1.3.6.tgz. Extracting by manifest.
3246 silly tarball no local data for @radix-ui/react-separator@https://registry.npmjs.org/@radix-ui/react-separator/-/react-separator-1.1.8.tgz. Extracting by manifest.
3247 silly tarball no local data for @radix-ui/react-scroll-area@https://registry.npmjs.org/@radix-ui/react-scroll-area/-/react-scroll-area-1.2.10.tgz. Extracting by manifest.
3248 silly tarball no local data for tailwind-merge@https://registry.npmjs.org/tailwind-merge/-/tailwind-merge-3.6.0.tgz. Extracting by manifest.
3249 silly tarball no local data for @radix-ui/react-radio-group@https://registry.npmjs.org/@radix-ui/react-radio-group/-/react-radio-group-1.3.8.tgz. Extracting by manifest.
3250 silly tarball no local data for @radix-ui/react-progress@https://registry.npmjs.org/@radix-ui/react-progress/-/react-progress-1.1.8.tgz. Extracting by manifest.
3251 silly tarball no local data for @radix-ui/react-popover@https://registry.npmjs.org/@radix-ui/react-popover/-/react-popover-1.1.15.tgz. Extracting by manifest.
3252 silly tarball no local data for @radix-ui/react-navigation-menu@https://registry.npmjs.org/@radix-ui/react-navigation-menu/-/react-navigation-menu-1.2.14.tgz. Extracting by manifest.
3253 silly tarball no local data for @radix-ui/react-menubar@https://registry.npmjs.org/@radix-ui/react-menubar/-/react-menubar-1.1.16.tgz. Extracting by manifest.
3254 silly tarball no local data for @radix-ui/react-hover-card@https://registry.npmjs.org/@radix-ui/react-hover-card/-/react-hover-card-1.1.15.tgz. Extracting by manifest.
3255 silly tarball no local data for @radix-ui/react-select@https://registry.npmjs.org/@radix-ui/react-select/-/react-select-2.2.6.tgz. Extracting by manifest.
3256 silly tarball no local data for @radix-ui/react-dialog@https://registry.npmjs.org/@radix-ui/react-dialog/-/react-dialog-1.1.15.tgz. Extracting by manifest.
3257 silly tarball no local data for @radix-ui/react-dropdown-menu@https://registry.npmjs.org/@radix-ui/react-dropdown-menu/-/react-dropdown-menu-2.1.16.tgz. Extracting by manifest.
3258 silly tarball no local data for @radix-ui/react-context-menu@https://registry.npmjs.org/@radix-ui/react-context-menu/-/react-context-menu-2.2.16.tgz. Extracting by manifest.
3259 silly tarball no local data for @radix-ui/react-collapsible@https://registry.npmjs.org/@radix-ui/react-collapsible/-/react-collapsible-1.1.12.tgz. Extracting by manifest.
3260 silly tarball no local data for @radix-ui/react-checkbox@https://registry.npmjs.org/@radix-ui/react-checkbox/-/react-checkbox-1.3.3.tgz. Extracting by manifest.
3261 silly tarball no local data for @radix-ui/react-avatar@https://registry.npmjs.org/@radix-ui/react-avatar/-/react-avatar-1.1.11.tgz. Extracting by manifest.
3262 silly tarball no local data for @radix-ui/react-aspect-ratio@https://registry.npmjs.org/@radix-ui/react-aspect-ratio/-/react-aspect-ratio-1.1.8.tgz. Extracting by manifest.
3263 silly tarball no local data for @radix-ui/react-alert-dialog@https://registry.npmjs.org/@radix-ui/react-alert-dialog/-/react-alert-dialog-1.1.15.tgz. Extracting by manifest.
3264 silly tarball no local data for @radix-ui/react-accordion@https://registry.npmjs.org/@radix-ui/react-accordion/-/react-accordion-1.2.12.tgz. Extracting by manifest.
3265 silly tarball no local data for @vitejs/plugin-react@https://registry.npmjs.org/@vitejs/plugin-react/-/plugin-react-5.2.0.tgz. Extracting by manifest.
3266 silly tarball no local data for react-dom@https://registry.npmjs.org/react-dom/-/react-dom-19.1.0.tgz. Extracting by manifest.
3267 silly tarball no local data for @tanstack/react-start@https://registry.npmjs.org/@tanstack/react-start/-/react-start-1.168.19.tgz. Extracting by manifest.
3268 silly tarball no local data for @tailwindcss/vite@https://registry.npmjs.org/@tailwindcss/vite/-/vite-4.3.0.tgz. Extracting by manifest.
3269 silly tarball no local data for @lovable.dev/vite-tanstack-config@https://registry.npmjs.org/@lovable.dev/vite-tanstack-config/-/vite-tanstack-config-2.3.1.tgz. Extracting by manifest.
3270 silly tarball no local data for vite-tsconfig-paths@https://registry.npmjs.org/vite-tsconfig-paths/-/vite-tsconfig-paths-6.1.1.tgz. Extracting by manifest.
3271 silly tarball no local data for vite@https://registry.npmjs.org/vite/-/vite-7.3.5.tgz. Extracting by manifest.
3272 silly tarball no local data for react-hook-form@https://registry.npmjs.org/react-hook-form/-/react-hook-form-7.77.0.tgz. Extracting by manifest.
3273 silly tarball no local data for react@https://registry.npmjs.org/react/-/react-19.1.0.tgz. Extracting by manifest.
3274 silly tarball no local data for @hookform/resolvers@https://registry.npmjs.org/@hookform/resolvers/-/resolvers-3.10.0.tgz. Extracting by manifest.
3275 silly tarball no local data for picomatch@https://registry.npmjs.org/picomatch/-/picomatch-2.3.2.tgz. Extracting by manifest.
3276 silly tarball no local data for picomatch@https://registry.npmjs.org/picomatch/-/picomatch-2.3.2.tgz. Extracting by manifest.
3277 silly tarball no local data for glob-parent@https://registry.npmjs.org/glob-parent/-/glob-parent-5.1.2.tgz. Extracting by manifest.
3278 silly tarball no local data for zod@https://registry.npmjs.org/zod/-/zod-4.4.3.tgz. Extracting by manifest.
3279 silly tarball no local data for react-is@https://registry.npmjs.org/react-is/-/react-is-16.13.1.tgz. Extracting by manifest.
3280 silly tarball no local data for zod@https://registry.npmjs.org/zod/-/zod-4.4.3.tgz. Extracting by manifest.
3281 silly tarball no local data for zod@https://registry.npmjs.org/zod/-/zod-4.4.3.tgz. Extracting by manifest.
3282 silly tarball no local data for @radix-ui/react-slot@https://registry.npmjs.org/@radix-ui/react-slot/-/react-slot-1.2.3.tgz. Extracting by manifest.
3283 silly tarball no local data for @babel/code-frame@https://registry.npmjs.org/@babel/code-frame/-/code-frame-7.27.1.tgz. Extracting by manifest.
3284 silly tarball no local data for @radix-ui/react-slot@https://registry.npmjs.org/@radix-ui/react-slot/-/react-slot-1.2.3.tgz. Extracting by manifest.
3285 silly tarball no local data for @radix-ui/react-slot@https://registry.npmjs.org/@radix-ui/react-slot/-/react-slot-1.2.3.tgz. Extracting by manifest.
3286 silly tarball no local data for picomatch@https://registry.npmjs.org/picomatch/-/picomatch-2.3.2.tgz. Extracting by manifest.
3287 silly tarball no local data for readdirp@https://registry.npmjs.org/readdirp/-/readdirp-3.6.0.tgz. Extracting by manifest.
3288 silly tarball no local data for tailwindcss@https://registry.npmjs.org/tailwindcss/-/tailwindcss-3.4.19.tgz. Extracting by manifest.
3289 silly tarball no local data for jiti@https://registry.npmjs.org/jiti/-/jiti-1.21.7.tgz. Extracting by manifest.
3290 silly tarball no local data for chokidar@https://registry.npmjs.org/chokidar/-/chokidar-3.6.0.tgz. Extracting by manifest.
3291 silly tarball no local data for glob-parent@https://registry.npmjs.org/glob-parent/-/glob-parent-5.1.2.tgz. Extracting by manifest.
3292 silly tarball no local data for date-fns@https://registry.npmjs.org/date-fns/-/date-fns-4.4.0.tgz. Extracting by manifest.
3293 silly tarball no local data for @radix-ui/react-slot@https://registry.npmjs.org/@radix-ui/react-slot/-/react-slot-1.2.3.tgz. Extracting by manifest.
3294 silly tarball no local data for @radix-ui/react-primitive@https://registry.npmjs.org/@radix-ui/react-primitive/-/react-primitive-2.1.4.tgz. Extracting by manifest.
3295 silly tarball no local data for @radix-ui/react-slot@https://registry.npmjs.org/@radix-ui/react-slot/-/react-slot-1.2.3.tgz. Extracting by manifest.
3296 silly tarball no local data for @radix-ui/react-primitive@https://registry.npmjs.org/@radix-ui/react-primitive/-/react-primitive-2.1.4.tgz. Extracting by manifest.
3297 silly tarball no local data for @radix-ui/react-context@https://registry.npmjs.org/@radix-ui/react-context/-/react-context-1.1.3.tgz. Extracting by manifest.
3298 silly tarball no local data for @radix-ui/react-slot@https://registry.npmjs.org/@radix-ui/react-slot/-/react-slot-1.2.3.tgz. Extracting by manifest.
3299 silly tarball no local data for @radix-ui/react-primitive@https://registry.npmjs.org/@radix-ui/react-primitive/-/react-primitive-2.1.4.tgz. Extracting by manifest.
3300 silly tarball no local data for @radix-ui/react-slot@https://registry.npmjs.org/@radix-ui/react-slot/-/react-slot-1.2.3.tgz. Extracting by manifest.
3301 silly tarball no local data for @radix-ui/react-primitive@https://registry.npmjs.org/@radix-ui/react-primitive/-/react-primitive-2.1.4.tgz. Extracting by manifest.
3302 silly tarball no local data for @radix-ui/react-primitive@https://registry.npmjs.org/@radix-ui/react-primitive/-/react-primitive-2.1.4.tgz. Extracting by manifest.
3303 silly tarball no local data for @radix-ui/react-context@https://registry.npmjs.org/@radix-ui/react-context/-/react-context-1.1.3.tgz. Extracting by manifest.
3304 silly tarball no local data for @radix-ui/react-slot@https://registry.npmjs.org/@radix-ui/react-slot/-/react-slot-1.2.3.tgz. Extracting by manifest.
3305 silly tarball no local data for @tanstack/react-start-rsc@https://registry.npmjs.org/@tanstack/react-start-rsc/-/react-start-rsc-0.1.18.tgz. Extracting by manifest.
3306 silly tarball no local data for @rolldown/pluginutils@https://registry.npmjs.org/@rolldown/pluginutils/-/pluginutils-1.0.0-rc.3.tgz. Extracting by manifest.
3307 silly tarball no local data for @radix-ui/react-label@https://registry.npmjs.org/@radix-ui/react-label/-/react-label-2.1.8.tgz. Extracting by manifest.
3308 silly tarball no local data for @esbuild/win32-x64@https://registry.npmjs.org/@esbuild/win32-x64/-/win32-x64-0.27.7.tgz. Extracting by manifest.
3309 silly tarball no local data for esbuild@https://registry.npmjs.org/esbuild/-/esbuild-0.27.7.tgz. Extracting by manifest.
3310 http fetch GET 200 https://registry.npmjs.org/is-binary-path/-/is-binary-path-2.1.0.tgz 6157ms (cache miss)
3311 http fetch GET 200 https://registry.npmjs.org/anymatch/-/anymatch-3.1.3.tgz 6156ms (cache miss)
3312 http fetch GET 200 https://registry.npmjs.org/supports-preserve-symlinks-flag/-/supports-preserve-symlinks-flag-1.0.0.tgz 6139ms (cache miss)
3313 http fetch GET 200 https://registry.npmjs.org/is-core-module/-/is-core-module-2.16.2.tgz 6477ms (cache miss)
3314 http fetch GET 200 https://registry.npmjs.org/path-parse/-/path-parse-1.0.7.tgz 6487ms (cache miss)
3315 http fetch GET 200 https://registry.npmjs.org/es-errors/-/es-errors-1.3.0.tgz 6867ms (cache miss)
3316 http fetch GET 200 https://registry.npmjs.org/pify/-/pify-2.3.0.tgz 6867ms (cache miss)
3317 http fetch GET 200 https://registry.npmjs.org/cssesc/-/cssesc-3.0.0.tgz 7259ms (cache miss)
3318 http fetch GET 200 https://registry.npmjs.org/util-deprecate/-/util-deprecate-1.0.2.tgz 7263ms (cache miss)
3319 http fetch GET 200 https://registry.npmjs.org/camelcase-css/-/camelcase-css-2.0.1.tgz 7261ms (cache miss)
3320 http fetch GET 200 https://registry.npmjs.org/binary-extensions/-/binary-extensions-2.3.0.tgz 7561ms (cache miss)
3321 http fetch GET 200 https://registry.npmjs.org/is-extglob/-/is-extglob-2.1.1.tgz 7858ms (cache miss)
3322 http fetch GET 200 https://registry.npmjs.org/read-cache/-/read-cache-1.0.0.tgz 8107ms (cache miss)
3323 http fetch GET 200 https://registry.npmjs.org/postcss-value-parser/-/postcss-value-parser-4.2.0.tgz 8109ms (cache miss)
3324 http fetch GET 200 https://registry.npmjs.org/glob-parent/-/glob-parent-6.0.2.tgz 8099ms (cache miss)
3325 http fetch GET 200 https://registry.npmjs.org/thenify-all/-/thenify-all-1.6.0.tgz 8400ms (cache miss)
3326 http fetch GET 200 https://registry.npmjs.org/thenify/-/thenify-3.3.1.tgz 8409ms (cache miss)
3327 http fetch GET 200 https://registry.npmjs.org/postcss-nested/-/postcss-nested-6.2.0.tgz 8315ms (cache miss)
3328 http fetch GET 200 https://registry.npmjs.org/didyoumean/-/didyoumean-1.2.2.tgz 8279ms (cache miss)
3329 http fetch GET 200 https://registry.npmjs.org/is-number/-/is-number-7.0.0.tgz 8615ms (cache miss)
3330 http fetch GET 200 https://registry.npmjs.org/nanoid/-/nanoid-3.3.12.tgz 8502ms (cache miss)
3331 http fetch GET 200 https://registry.npmjs.org/run-parallel/-/run-parallel-1.2.0.tgz 8993ms (cache miss)
3332 http fetch GET 200 https://registry.npmjs.org/merge2/-/merge2-1.4.1.tgz 8989ms (cache miss)
3333 http fetch GET 200 https://registry.npmjs.org/normalize-path/-/normalize-path-3.0.0.tgz 8990ms (cache miss)
3334 http fetch GET 200 https://registry.npmjs.org/d3-timer/-/d3-timer-3.0.1.tgz 9006ms (cache miss)
3335 http fetch GET 200 https://registry.npmjs.org/queue-microtask/-/queue-microtask-1.2.3.tgz 9726ms (cache miss)
3336 http fetch GET 200 https://registry.npmjs.org/@types/d3-timer/-/d3-timer-3.0.2.tgz 9580ms (cache miss)
3337 http fetch GET 200 https://registry.npmjs.org/pirates/-/pirates-4.0.7.tgz 10303ms (cache miss)
3338 http fetch GET 200 https://registry.npmjs.org/lines-and-columns/-/lines-and-columns-1.2.4.tgz 10300ms (cache miss)
3339 http fetch GET 200 https://registry.npmjs.org/is-glob/-/is-glob-4.0.3.tgz 10216ms (cache miss)
3340 http fetch GET 200 https://registry.npmjs.org/@types/d3-time/-/d3-time-3.0.4.tgz 10205ms (cache miss)
3341 http fetch GET 200 https://registry.npmjs.org/detect-node-es/-/detect-node-es-1.1.0.tgz 10198ms (cache miss)
3342 http fetch GET 200 https://registry.npmjs.org/@alloc/quick-lru/-/quick-lru-5.2.0.tgz 10567ms (cache miss)
3343 http fetch GET 200 https://registry.npmjs.org/fill-range/-/fill-range-7.1.1.tgz 10737ms (cache miss)
3344 http fetch GET 200 https://registry.npmjs.org/@types/d3-path/-/d3-path-3.1.1.tgz 10608ms (cache miss)
3345 http fetch GET 200 https://registry.npmjs.org/object-assign/-/object-assign-4.1.1.tgz 10550ms (cache miss)
3346 http fetch GET 200 https://registry.npmjs.org/use-sidecar/-/use-sidecar-1.1.3.tgz 10521ms (cache miss)
3347 http fetch GET 200 https://registry.npmjs.org/get-nonce/-/get-nonce-1.0.1.tgz 10527ms (cache miss)
3348 http fetch GET 200 https://registry.npmjs.org/@types/d3-color/-/d3-color-3.1.3.tgz 10796ms (cache miss)
3349 http fetch GET 200 https://registry.npmjs.org/@types/d3-array/-/d3-array-3.2.2.tgz 10760ms (cache miss)
3350 http fetch GET 200 https://registry.npmjs.org/@types/d3-ease/-/d3-ease-3.0.2.tgz 10768ms (cache miss)
3351 http fetch GET 200 https://registry.npmjs.org/object-hash/-/object-hash-3.0.0.tgz 11047ms (cache miss)
3352 http fetch GET 200 https://registry.npmjs.org/lilconfig/-/lilconfig-3.1.3.tgz 11041ms (cache miss)
3353 http fetch GET 200 https://registry.npmjs.org/graceful-fs/-/graceful-fs-4.2.11.tgz 10856ms (cache miss)
3354 http fetch GET 200 https://registry.npmjs.org/ms/-/ms-2.1.3.tgz 10856ms (cache miss)
3355 http fetch GET 200 https://registry.npmjs.org/react-remove-scroll-bar/-/react-remove-scroll-bar-2.3.8.tgz 11076ms (cache miss)
3356 http fetch GET 200 https://registry.npmjs.org/readdirp/-/readdirp-5.0.0.tgz 11030ms (cache miss)
3357 http fetch GET 200 https://registry.npmjs.org/@babel/plugin-transform-react-jsx-source/-/plugin-transform-react-jsx-source-7.29.7.tgz 11090ms (cache miss)
3358 http fetch GET 200 https://registry.npmjs.org/@babel/plugin-transform-react-jsx-self/-/plugin-transform-react-jsx-self-7.29.7.tgz 11089ms (cache miss)
3359 http fetch GET 200 https://registry.npmjs.org/@types/babel__template/-/babel__template-7.4.4.tgz 11115ms (cache miss)
3360 http fetch GET 200 https://registry.npmjs.org/to-regex-range/-/to-regex-range-5.0.1.tgz 11641ms (cache miss)
3361 http fetch GET 200 https://registry.npmjs.org/@types/d3-shape/-/d3-shape-3.1.8.tgz 11459ms (cache miss)
3362 http fetch GET 200 https://registry.npmjs.org/@types/babel__generator/-/babel__generator-7.27.0.tgz 11301ms (cache miss)
3363 http fetch GET 200 https://registry.npmjs.org/vitefu/-/vitefu-1.1.3.tgz 11264ms (cache miss)
3364 http fetch GET 200 https://registry.npmjs.org/@babel/plugin-syntax-typescript/-/plugin-syntax-typescript-7.29.7.tgz 11296ms (cache miss)
3365 http fetch GET 200 https://registry.npmjs.org/@babel/plugin-syntax-jsx/-/plugin-syntax-jsx-7.29.7.tgz 11314ms (cache miss)
3366 http fetch GET 200 https://registry.npmjs.org/arg/-/arg-5.0.2.tgz 11932ms (cache miss)
3367 http fetch GET 200 https://registry.npmjs.org/@types/estree/-/estree-1.0.9.tgz 11914ms (cache miss)
3368 http fetch GET 200 https://registry.npmjs.org/yallist/-/yallist-3.1.1.tgz 11862ms (cache miss)
3369 http fetch GET 200 https://registry.npmjs.org/globrex/-/globrex-0.1.2.tgz 12514ms (cache miss)
3370 http fetch GET 200 https://registry.npmjs.org/internmap/-/internmap-2.0.3.tgz 12499ms (cache miss)
3371 http fetch GET 200 https://registry.npmjs.org/@types/d3-interpolate/-/d3-interpolate-3.0.4.tgz 12519ms (cache miss)
3372 http fetch GET 200 https://registry.npmjs.org/@types/babel__core/-/babel__core-7.20.5.tgz 12448ms (cache miss)
3373 http fetch GET 200 https://registry.npmjs.org/@types/babel__traverse/-/babel__traverse-7.28.0.tgz 12453ms (cache miss)
3374 http fetch GET 200 https://registry.npmjs.org/@babel/helper-plugin-utils/-/helper-plugin-utils-7.29.7.tgz 12455ms (cache miss)
3375 http fetch GET 200 https://registry.npmjs.org/@babel/helper-string-parser/-/helper-string-parser-7.29.7.tgz 12393ms (cache miss)
3376 http fetch GET 200 https://registry.npmjs.org/@babel/helper-globals/-/helper-globals-7.29.7.tgz 12396ms (cache miss)
3377 http fetch GET 200 https://registry.npmjs.org/@tanstack/virtual-file-routes/-/virtual-file-routes-1.162.0.tgz 12952ms (cache miss)
3378 http fetch GET 200 https://registry.npmjs.org/lru-cache/-/lru-cache-5.1.1.tgz 12902ms (cache miss)
3379 http fetch GET 200 https://registry.npmjs.org/@rolldown/pluginutils/-/pluginutils-1.0.1.tgz 12920ms (cache miss)
3380 http fetch GET 200 https://registry.npmjs.org/@babel/helper-validator-option/-/helper-validator-option-7.29.7.tgz 12906ms (cache miss)
3381 http fetch GET 200 https://registry.npmjs.org/@tanstack/start-fn-stubs/-/start-fn-stubs-1.162.0.tgz 12914ms (cache miss)
3382 http fetch GET 200 https://registry.npmjs.org/picocolors/-/picocolors-1.1.1.tgz 13083ms (cache miss)
3383 http fetch GET 200 https://registry.npmjs.org/convert-source-map/-/convert-source-map-2.0.0.tgz 13078ms (cache miss)
3384 http fetch GET 200 https://registry.npmjs.org/gensync/-/gensync-1.0.0-beta.2.tgz 13084ms (cache miss)
3385 http fetch GET 200 https://registry.npmjs.org/jsesc/-/jsesc-3.1.0.tgz 13193ms (cache miss)
3386 http fetch GET 200 https://registry.npmjs.org/@tanstack/start-storage-context/-/start-storage-context-1.167.11.tgz 13222ms (cache miss)
3387 http fetch GET 200 https://registry.npmjs.org/@babel/compat-data/-/compat-data-7.29.7.tgz 13211ms (cache miss)
3388 http fetch GET 200 https://registry.npmjs.org/js-tokens/-/js-tokens-4.0.0.tgz 13302ms (cache miss)
3389 http fetch GET 200 https://registry.npmjs.org/ansis/-/ansis-4.3.1.tgz 13444ms (cache miss)
3390 http fetch GET 200 https://registry.npmjs.org/@babel/helper-validator-identifier/-/helper-validator-identifier-7.29.7.tgz 13665ms (cache miss)
3391 http fetch GET 200 https://registry.npmjs.org/pathe/-/pathe-2.0.3.tgz 14156ms (cache miss)
3392 http fetch GET 200 https://registry.npmjs.org/@tanstack/react-store/-/react-store-0.9.3.tgz 14322ms (cache miss)
3393 http fetch GET 200 https://registry.npmjs.org/@tanstack/react-start-server/-/react-start-server-1.167.14.tgz 14373ms (cache miss)
3394 http fetch GET 200 https://registry.npmjs.org/loose-envify/-/loose-envify-1.4.0.tgz 14796ms (cache miss)
3395 http fetch GET 200 https://registry.npmjs.org/node-releases/-/node-releases-2.0.47.tgz 14726ms (cache miss)
3396 http fetch GET 200 https://registry.npmjs.org/cookie-es/-/cookie-es-3.1.1.tgz 14790ms (cache miss)
3397 http fetch GET 200 https://registry.npmjs.org/hasown/-/hasown-2.0.4.tgz 15933ms (cache miss)
3398 http fetch GET 200 https://registry.npmjs.org/micromatch/-/micromatch-4.0.8.tgz 16369ms (cache miss)
3399 http fetch GET 200 https://registry.npmjs.org/postcss-js/-/postcss-js-4.1.0.tgz 16394ms (cache miss)
3400 http fetch GET 200 https://registry.npmjs.org/fetchdts/-/fetchdts-0.1.7.tgz 16185ms (cache miss)
3401 http fetch GET 200 https://registry.npmjs.org/d3-path/-/d3-path-3.1.0.tgz 16570ms (cache miss)
3402 http fetch GET 200 https://registry.npmjs.org/update-browserslist-db/-/update-browserslist-db-1.2.3.tgz 16406ms (cache miss)
3403 http fetch GET 200 https://registry.npmjs.org/use-sync-external-store/-/use-sync-external-store-1.6.0.tgz 16213ms (cache miss)
3404 http fetch GET 200 https://registry.npmjs.org/@tailwindcss/oxide/-/oxide-4.3.0.tgz 16236ms (cache miss)
3405 http fetch GET 200 https://registry.npmjs.org/mz/-/mz-2.7.0.tgz 16894ms (cache miss)
3406 http fetch GET 200 https://registry.npmjs.org/fdir/-/fdir-6.5.0.tgz 16721ms (cache miss)
3407 http fetch GET 200 https://registry.npmjs.org/@babel/code-frame/-/code-frame-7.29.7.tgz 16525ms (cache miss)
3408 http fetch GET 200 https://registry.npmjs.org/@floating-ui/utils/-/utils-0.2.11.tgz 16458ms (cache miss)
3409 http fetch GET 200 https://registry.npmjs.org/@types/d3-scale/-/d3-scale-4.0.9.tgz 16935ms (cache miss)
3410 http fetch GET 200 https://registry.npmjs.org/eventemitter3/-/eventemitter3-4.0.7.tgz 17344ms (cache miss)
3411 http fetch GET 200 https://registry.npmjs.org/rou3/-/rou3-0.8.1.tgz 17302ms (cache miss)
3412 http fetch GET 200 https://registry.npmjs.org/exsolve/-/exsolve-1.0.8.tgz 17175ms (cache miss)
3413 http fetch GET 200 https://registry.npmjs.org/react-is/-/react-is-18.3.1.tgz 17602ms (cache miss)
3414 http fetch GET 200 https://registry.npmjs.org/semver/-/semver-6.3.1.tgz 17455ms (cache miss)
3415 http fetch GET 200 https://registry.npmjs.org/@radix-ui/number/-/number-1.1.1.tgz 17314ms (cache miss)
3416 http fetch GET 200 https://registry.npmjs.org/@radix-ui/rect/-/rect-1.1.1.tgz 17299ms (cache miss)
3417 http fetch GET 200 https://registry.npmjs.org/@radix-ui/react-use-effect-event/-/react-use-effect-event-0.0.2.tgz 17319ms (cache miss)
3418 http fetch GET 200 https://registry.npmjs.org/@radix-ui/react-use-rect/-/react-use-rect-1.1.1.tgz 17325ms (cache miss)
3419 http fetch GET 200 https://registry.npmjs.org/dlv/-/dlv-1.1.3.tgz 18232ms (cache miss)
3420 http fetch GET 200 https://registry.npmjs.org/@radix-ui/react-use-escape-keydown/-/react-use-escape-keydown-1.1.1.tgz 17765ms (cache miss)
3421 http fetch GET 200 https://registry.npmjs.org/@radix-ui/react-visually-hidden/-/react-visually-hidden-1.2.3.tgz 17777ms (cache miss)
3422 http fetch GET 200 https://registry.npmjs.org/@radix-ui/react-roving-focus/-/react-roving-focus-1.1.11.tgz 17780ms (cache miss)
3423 http fetch GET 200 https://registry.npmjs.org/aria-hidden/-/aria-hidden-1.2.6.tgz 17770ms (cache miss)
3424 http fetch GET 200 https://registry.npmjs.org/@floating-ui/react-dom/-/react-dom-2.1.8.tgz 18005ms (cache miss)
3425 http fetch GET 200 https://registry.npmjs.org/@radix-ui/react-arrow/-/react-arrow-1.1.7.tgz 18014ms (cache miss)
3426 http fetch GET 200 https://registry.npmjs.org/@radix-ui/react-focus-guards/-/react-focus-guards-1.1.3.tgz 17994ms (cache miss)
3427 http fetch GET 200 https://registry.npmjs.org/@radix-ui/react-portal/-/react-portal-1.1.9.tgz 18003ms (cache miss)
3428 http fetch GET 200 https://registry.npmjs.org/@radix-ui/react-use-size/-/react-use-size-1.1.1.tgz 17992ms (cache miss)
3429 http fetch GET 200 https://registry.npmjs.org/@radix-ui/react-focus-scope/-/react-focus-scope-1.1.7.tgz 18017ms (cache miss)
3430 http fetch GET 200 https://registry.npmjs.org/commander/-/commander-4.1.1.tgz 18917ms (cache miss)
3431 http fetch GET 200 https://registry.npmjs.org/postcss-load-config/-/postcss-load-config-6.0.1.tgz 18831ms (cache miss)
3432 http fetch GET 200 https://registry.npmjs.org/detect-libc/-/detect-libc-2.1.2.tgz 18588ms (cache miss)
3433 http fetch GET 200 https://registry.npmjs.org/@radix-ui/react-use-is-hydrated/-/react-use-is-hydrated-0.1.0.tgz 18664ms (cache miss)
3434 http fetch GET 200 https://registry.npmjs.org/@radix-ui/react-use-previous/-/react-use-previous-1.1.1.tgz 18684ms (cache miss)
3435 http fetch GET 200 https://registry.npmjs.org/@radix-ui/react-use-controllable-state/-/react-use-controllable-state-1.2.2.tgz 18732ms (cache miss)
3436 http fetch GET 200 https://registry.npmjs.org/@radix-ui/react-presence/-/react-presence-1.1.5.tgz 18782ms (cache miss)
3437 http fetch GET 200 https://registry.npmjs.org/esbuild/-/esbuild-0.25.12.tgz 19779ms (cache miss)
3438 http fetch GET 200 https://registry.npmjs.org/@radix-ui/primitive/-/primitive-1.1.3.tgz 19537ms (cache miss)
3439 http fetch GET 200 https://registry.npmjs.org/@radix-ui/react-id/-/react-id-1.1.1.tgz 19587ms (cache miss)
3440 http fetch GET 200 https://registry.npmjs.org/lovable-tagger/-/lovable-tagger-1.2.0.tgz 19723ms (cache miss)
3441 http fetch GET 200 https://registry.npmjs.org/@radix-ui/react-use-callback-ref/-/react-use-callback-ref-1.1.1.tgz 19742ms (cache miss)
3442 http fetch GET 200 https://registry.npmjs.org/@radix-ui/react-use-layout-effect/-/react-use-layout-effect-1.1.1.tgz 19748ms (cache miss)
3443 http fetch GET 200 https://registry.npmjs.org/@radix-ui/react-direction/-/react-direction-1.1.1.tgz 19755ms (cache miss)
3444 http fetch GET 200 https://registry.npmjs.org/@radix-ui/react-context/-/react-context-1.1.2.tgz 19761ms (cache miss)
3445 http fetch GET 200 https://registry.npmjs.org/@radix-ui/react-compose-refs/-/react-compose-refs-1.1.2.tgz 19761ms (cache miss)
3446 http fetch GET 200 https://registry.npmjs.org/ts-interface-checker/-/ts-interface-checker-0.1.13.tgz 20777ms (cache miss)
3447 http fetch GET 200 https://registry.npmjs.org/isbot/-/isbot-5.1.40.tgz 20220ms (cache miss)
3448 http fetch GET 200 https://registry.npmjs.org/@lovable.dev/vite-plugin-hmr-gate/-/vite-plugin-hmr-gate-1.0.0.tgz 20249ms (cache miss)
3449 http fetch GET 200 https://registry.npmjs.org/@lovable.dev/vite-plugin-dev-server-bridge/-/vite-plugin-dev-server-bridge-1.0.0.tgz 20238ms (cache miss)
3450 http fetch GET 200 https://registry.npmjs.org/function-bind/-/function-bind-1.1.2.tgz 21298ms (cache miss)
3451 http fetch GET 200 https://registry.npmjs.org/babel-dead-code-elimination/-/babel-dead-code-elimination-1.0.12.tgz 20933ms (cache miss)
3452 http fetch GET 200 https://registry.npmjs.org/@types/react-dom/-/react-dom-19.2.3.tgz 21031ms (cache miss)
3453 http fetch GET 200 https://registry.npmjs.org/tinyglobby/-/tinyglobby-0.2.17.tgz 21603ms (cache miss)
3454 http fetch GET 200 https://registry.npmjs.org/debug/-/debug-4.4.3.tgz 21622ms (cache miss)
3455 http fetch GET 200 https://registry.npmjs.org/next-themes/-/next-themes-0.4.6.tgz 21446ms (cache miss)
3456 http fetch GET 200 https://registry.npmjs.org/class-variance-authority/-/class-variance-authority-0.7.1.tgz 21683ms (cache miss)
3457 http fetch GET 200 https://registry.npmjs.org/clsx/-/clsx-2.1.1.tgz 22267ms (cache miss)
3458 http fetch GET 200 https://registry.npmjs.org/@radix-ui/react-toggle-group/-/react-toggle-group-1.1.11.tgz 22252ms (cache miss)
3459 http fetch GET 200 https://registry.npmjs.org/argparse/-/argparse-2.0.1.tgz 23173ms (cache miss)
3460 http fetch GET 200 https://registry.npmjs.org/react-refresh/-/react-refresh-0.18.0.tgz 22933ms (cache miss)
3461 http fetch GET 200 https://registry.npmjs.org/@radix-ui/react-slot/-/react-slot-1.2.4.tgz 23039ms (cache miss)
3462 http fetch GET 200 https://registry.npmjs.org/@radix-ui/react-tabs/-/react-tabs-1.1.13.tgz 23052ms (cache miss)
3463 http fetch GET 200 https://registry.npmjs.org/@radix-ui/react-switch/-/react-switch-1.2.6.tgz 23489ms (cache miss)
3464 http fetch GET 200 https://registry.npmjs.org/@radix-ui/react-toggle/-/react-toggle-1.1.10.tgz 23498ms (cache miss)
3465 http fetch GET 200 https://registry.npmjs.org/escalade/-/escalade-3.2.0.tgz 24131ms (cache miss)
3466 http fetch GET 200 https://registry.npmjs.org/@radix-ui/react-progress/-/react-progress-1.1.8.tgz 23653ms (cache miss)
3467 http fetch GET 200 https://registry.npmjs.org/@radix-ui/react-radio-group/-/react-radio-group-1.3.8.tgz 23959ms (cache miss)
3468 http fetch GET 200 https://registry.npmjs.org/@radix-ui/react-dialog/-/react-dialog-1.1.15.tgz 23950ms (cache miss)
3469 http fetch GET 200 https://registry.npmjs.org/@radix-ui/react-separator/-/react-separator-1.1.8.tgz 23989ms (cache miss)
3470 http fetch GET 200 https://registry.npmjs.org/ufo/-/ufo-1.6.4.tgz 24390ms (cache miss)
3471 http fetch GET 200 https://registry.npmjs.org/chokidar/-/chokidar-5.0.0.tgz 24239ms (cache miss)
3472 http fetch GET 200 https://registry.npmjs.org/@radix-ui/react-dropdown-menu/-/react-dropdown-menu-2.1.16.tgz 24068ms (cache miss)
3473 http fetch GET 200 https://registry.npmjs.org/@radix-ui/react-aspect-ratio/-/react-aspect-ratio-1.1.8.tgz 24054ms (cache miss)
3474 http fetch GET 200 https://registry.npmjs.org/@radix-ui/react-context-menu/-/react-context-menu-2.2.16.tgz 24073ms (cache miss)
3475 http fetch GET 200 https://registry.npmjs.org/prop-types/-/prop-types-15.8.1.tgz 24712ms (cache miss)
3476 http fetch GET 200 https://registry.npmjs.org/decimal.js-light/-/decimal.js-light-2.5.1.tgz 24741ms (cache miss)
3477 http fetch GET 200 https://registry.npmjs.org/@tailwindcss/vite/-/vite-4.3.0.tgz 24104ms (cache miss)
3478 http fetch GET 200 https://registry.npmjs.org/@radix-ui/react-checkbox/-/react-checkbox-1.3.3.tgz 24130ms (cache miss)
3479 http fetch GET 200 https://registry.npmjs.org/@radix-ui/react-accordion/-/react-accordion-1.2.12.tgz 24114ms (cache miss)
3480 http fetch GET 200 https://registry.npmjs.org/baseline-browser-mapping/-/baseline-browser-mapping-2.10.33.tgz 24670ms (cache miss)
3481 http fetch GET 200 https://registry.npmjs.org/@radix-ui/react-avatar/-/react-avatar-1.1.11.tgz 24193ms (cache miss)
3482 http fetch GET 200 https://registry.npmjs.org/glob-parent/-/glob-parent-5.1.2.tgz 24166ms (cache miss)
3483 http fetch GET 200 https://registry.npmjs.org/reusify/-/reusify-1.1.0.tgz 25167ms (cache miss)
3484 http fetch GET 200 https://registry.npmjs.org/fastq/-/fastq-1.20.1.tgz 25176ms (cache miss)
3485 http fetch GET 200 https://registry.npmjs.org/browserslist/-/browserslist-4.28.2.tgz 24757ms (cache miss)
3486 http fetch GET 200 https://registry.npmjs.org/d3-color/-/d3-color-3.1.0.tgz 25202ms (cache miss)
3487 http fetch GET 200 https://registry.npmjs.org/webpack-virtual-modules/-/webpack-virtual-modules-0.6.2.tgz 25149ms (cache miss)
3488 http fetch GET 200 https://registry.npmjs.org/@radix-ui/react-slot/-/react-slot-1.2.3.tgz 24472ms (cache miss)
3489 http fetch GET 200 https://registry.npmjs.org/@lovable.dev/vite-tanstack-config/-/vite-tanstack-config-2.3.1.tgz 24513ms (cache miss)
3490 http fetch GET 200 https://registry.npmjs.org/@jridgewell/resolve-uri/-/resolve-uri-3.1.2.tgz 24837ms (cache miss)
3491 http fetch GET 200 https://registry.npmjs.org/readdirp/-/readdirp-3.6.0.tgz 24601ms (cache miss)
3492 http fetch GET 200 https://registry.npmjs.org/picomatch/-/picomatch-4.0.4.tgz 25153ms (cache miss)
3493 http fetch GET 200 https://registry.npmjs.org/glob-parent/-/glob-parent-5.1.2.tgz 24695ms (cache miss)
3494 http fetch GET 200 https://registry.npmjs.org/@babel/code-frame/-/code-frame-7.27.1.tgz 24756ms (cache miss)
3495 http fetch GET 200 https://registry.npmjs.org/@radix-ui/react-primitive/-/react-primitive-2.1.4.tgz 24796ms (cache miss)
3496 http fetch GET 200 https://registry.npmjs.org/@radix-ui/react-slot/-/react-slot-1.2.3.tgz 24910ms (cache miss)
3497 http fetch GET 200 https://registry.npmjs.org/@radix-ui/react-slot/-/react-slot-1.2.3.tgz 24898ms (cache miss)
3498 http fetch GET 200 https://registry.npmjs.org/@radix-ui/react-slot/-/react-slot-1.2.3.tgz 24871ms (cache miss)
3499 http fetch GET 200 https://registry.npmjs.org/@radix-ui/react-slot/-/react-slot-1.2.3.tgz 24869ms (cache miss)
3500 http fetch GET 200 https://registry.npmjs.org/@radix-ui/react-slot/-/react-slot-1.2.3.tgz 24938ms (cache miss)
3501 http fetch GET 200 https://registry.npmjs.org/@radix-ui/react-slot/-/react-slot-1.2.3.tgz 24941ms (cache miss)
3502 http fetch GET 200 https://registry.npmjs.org/@radix-ui/react-slot/-/react-slot-1.2.3.tgz 24864ms (cache miss)
3503 http fetch GET 200 https://registry.npmjs.org/@radix-ui/react-context/-/react-context-1.1.3.tgz 24908ms (cache miss)
3504 http fetch GET 200 https://registry.npmjs.org/@rolldown/pluginutils/-/pluginutils-1.0.0-rc.3.tgz 24969ms (cache miss)
3505 http fetch GET 200 https://registry.npmjs.org/braces/-/braces-3.0.3.tgz 26013ms (cache miss)
3506 http fetch GET 200 https://registry.npmjs.org/@radix-ui/react-label/-/react-label-2.1.8.tgz 25105ms (cache miss)
3507 http fetch GET 200 https://registry.npmjs.org/@radix-ui/react-primitive/-/react-primitive-2.1.4.tgz 25148ms (cache miss)
3508 http fetch GET 200 https://registry.npmjs.org/@radix-ui/react-primitive/-/react-primitive-2.1.4.tgz 25198ms (cache miss)
3509 http fetch GET 200 https://registry.npmjs.org/@radix-ui/react-primitive/-/react-primitive-2.1.4.tgz 25164ms (cache miss)
3510 http fetch GET 200 https://registry.npmjs.org/@radix-ui/react-context/-/react-context-1.1.3.tgz 25264ms (cache miss)
3511 http fetch GET 200 https://registry.npmjs.org/electron-to-chromium/-/electron-to-chromium-1.5.366.tgz 25932ms (cache miss)
3512 http fetch GET 200 https://registry.npmjs.org/@babel/helper-module-imports/-/helper-module-imports-7.29.7.tgz 26235ms (cache miss)
3513 http fetch GET 200 https://registry.npmjs.org/postcss-import/-/postcss-import-15.1.0.tgz 26807ms (cache miss)
3514 http fetch GET 200 https://registry.npmjs.org/@radix-ui/react-dismissable-layer/-/react-dismissable-layer-1.1.11.tgz 26333ms (cache miss)
3515 http fetch GET 200 https://registry.npmjs.org/@radix-ui/react-popper/-/react-popper-1.2.8.tgz 26354ms (cache miss)
3516 http fetch GET 200 https://registry.npmjs.org/tiny-invariant/-/tiny-invariant-1.3.3.tgz 26771ms (cache miss)
3517 http fetch GET 200 https://registry.npmjs.org/@radix-ui/react-primitive/-/react-primitive-2.1.3.tgz 26386ms (cache miss)
3518 http fetch GET 200 https://registry.npmjs.org/@vitejs/plugin-react/-/plugin-react-5.2.0.tgz 26272ms (cache miss)
3519 http fetch GET 200 https://registry.npmjs.org/iceberg-js/-/iceberg-js-0.8.1.tgz 26593ms (cache miss)
3520 http fetch GET 200 https://registry.npmjs.org/vaul/-/vaul-1.1.2.tgz 26808ms (cache miss)
3521 http fetch GET 200 https://registry.npmjs.org/sonner/-/sonner-2.0.7.tgz 27046ms (cache miss)
3522 http fetch GET 200 https://registry.npmjs.org/@tanstack/history/-/history-1.162.0.tgz 27293ms (cache miss)
3523 http fetch GET 200 https://registry.npmjs.org/scheduler/-/scheduler-0.26.0.tgz 27653ms (cache miss)
3524 http fetch GET 200 https://registry.npmjs.org/input-otp/-/input-otp-1.4.2.tgz 27254ms (cache miss)
3525 http fetch GET 200 https://registry.npmjs.org/@radix-ui/react-collection/-/react-collection-1.1.7.tgz 27390ms (cache miss)
3526 http fetch GET 200 https://registry.npmjs.org/@tailwindcss/node/-/node-4.3.0.tgz 27548ms (cache miss)
3527 http fetch GET 200 https://registry.npmjs.org/embla-carousel-reactive-utils/-/embla-carousel-reactive-utils-8.6.0.tgz 28114ms (cache miss)
3528 http fetch GET 200 https://registry.npmjs.org/@radix-ui/react-menu/-/react-menu-2.1.16.tgz 27768ms (cache miss)
3529 http fetch GET 200 https://registry.npmjs.org/@radix-ui/react-popover/-/react-popover-1.1.15.tgz 27923ms (cache miss)
3530 http fetch GET 200 https://registry.npmjs.org/react-is/-/react-is-16.13.1.tgz 27832ms (cache miss)
3531 http fetch GET 200 https://registry.npmjs.org/chokidar/-/chokidar-3.6.0.tgz 27806ms (cache miss)
3532 http fetch GET 200 https://registry.npmjs.org/@radix-ui/react-collapsible/-/react-collapsible-1.1.12.tgz 28017ms (cache miss)
3533 http fetch GET 200 https://registry.npmjs.org/@radix-ui/react-tooltip/-/react-tooltip-1.2.8.tgz 28176ms (cache miss)
3534 http fetch GET 200 https://registry.npmjs.org/@nodelib/fs.stat/-/fs.stat-2.0.5.tgz 29153ms (cache miss)
3535 http fetch GET 200 https://registry.npmjs.org/@floating-ui/dom/-/dom-1.7.6.tgz 28582ms (cache miss)
3536 http fetch GET 200 https://registry.npmjs.org/@radix-ui/react-hover-card/-/react-hover-card-1.1.15.tgz 28409ms (cache miss)
3537 http fetch GET 200 https://registry.npmjs.org/esbuild/-/esbuild-0.27.7.tgz 28262ms (cache miss)
3538 http fetch GET 200 https://registry.npmjs.org/picomatch/-/picomatch-2.3.2.tgz 28427ms (cache miss)
3539 http fetch GET 200 https://registry.npmjs.org/@radix-ui/react-slider/-/react-slider-1.3.6.tgz 28525ms (cache miss)
3540 http fetch GET 200 https://registry.npmjs.org/picomatch/-/picomatch-2.3.2.tgz 28440ms (cache miss)
3541 http fetch GET 200 https://registry.npmjs.org/d3-time/-/d3-time-3.1.0.tgz 29191ms (cache miss)
3542 http fetch GET 200 https://registry.npmjs.org/d3-ease/-/d3-ease-3.0.1.tgz 29326ms (cache miss)
3543 http fetch GET 200 https://registry.npmjs.org/tslib/-/tslib-2.8.1.tgz 28782ms (cache miss)
3544 http fetch GET 200 https://registry.npmjs.org/@radix-ui/react-menubar/-/react-menubar-1.1.16.tgz 28752ms (cache miss)
3545 http fetch GET 200 https://registry.npmjs.org/@radix-ui/react-scroll-area/-/react-scroll-area-1.2.10.tgz 28814ms (cache miss)
3546 http fetch GET 200 https://registry.npmjs.org/tsconfck/-/tsconfck-3.1.6.tgz 29569ms (cache miss)
3547 http fetch GET 200 https://registry.npmjs.org/@radix-ui/react-primitive/-/react-primitive-2.1.4.tgz 28721ms (cache miss)
3548 http fetch GET 200 https://registry.npmjs.org/@floating-ui/core/-/core-1.7.5.tgz 29085ms (cache miss)
3549 http fetch GET 200 https://registry.npmjs.org/picomatch/-/picomatch-2.3.2.tgz 28787ms (cache miss)
3550 http fetch GET 200 https://registry.npmjs.org/@radix-ui/react-navigation-menu/-/react-navigation-menu-1.2.14.tgz 29211ms (cache miss)
3551 http fetch GET 200 https://registry.npmjs.org/csstype/-/csstype-3.2.3.tgz 29916ms (cache miss)
3552 http fetch GET 200 https://registry.npmjs.org/cmdk/-/cmdk-1.1.1.tgz 29738ms (cache miss)
3553 http fetch GET 200 https://registry.npmjs.org/@radix-ui/react-alert-dialog/-/react-alert-dialog-1.1.15.tgz 29729ms (cache miss)
3554 http fetch GET 200 https://registry.npmjs.org/@radix-ui/react-select/-/react-select-2.2.6.tgz 29897ms (cache miss)
3555 http fetch GET 200 https://registry.npmjs.org/magic-string/-/magic-string-0.30.21.tgz 30170ms (cache miss)
3556 http fetch GET 200 https://registry.npmjs.org/@babel/helper-compilation-targets/-/helper-compilation-targets-7.29.7.tgz 30387ms (cache miss)
3557 http fetch GET 200 https://registry.npmjs.org/@oozcitak/url/-/url-3.0.0.tgz 31156ms (cache miss)
3558 http fetch GET 200 https://registry.npmjs.org/tapable/-/tapable-2.3.3.tgz 31112ms (cache miss)
3559 http fetch GET 200 https://registry.npmjs.org/@babel/helper-module-transforms/-/helper-module-transforms-7.29.7.tgz 30927ms (cache miss)
3560 http fetch GET 200 https://registry.npmjs.org/embla-carousel-react/-/embla-carousel-react-8.6.0.tgz 30697ms (cache miss)
3561 http fetch GET 200 https://registry.npmjs.org/@oozcitak/util/-/util-10.0.0.tgz 31463ms (cache miss)
3562 http fetch GET 200 https://registry.npmjs.org/@babel/template/-/template-7.29.7.tgz 31956ms (cache miss)
3563 http fetch GET 200 https://registry.npmjs.org/vite-tsconfig-paths/-/vite-tsconfig-paths-6.1.1.tgz 31799ms (cache miss)
3564 http fetch GET 200 https://registry.npmjs.org/source-map-js/-/source-map-js-1.2.1.tgz 33428ms (cache miss)
3565 http fetch GET 200 https://registry.npmjs.org/source-map/-/source-map-0.7.6.tgz 33597ms (cache miss)
3566 http fetch GET 200 https://registry.npmjs.org/recharts-scale/-/recharts-scale-0.4.5.tgz 33801ms (cache miss)
3567 http fetch GET 200 https://registry.npmjs.org/@types/react/-/react-19.2.16.tgz 33615ms (cache miss)
3568 http fetch GET 200 https://registry.npmjs.org/lightningcss/-/lightningcss-1.32.0.tgz 33984ms (cache miss)
3569 http fetch GET 200 https://registry.npmjs.org/unplugin/-/unplugin-3.0.0.tgz 34487ms (cache miss)
3570 http fetch GET 200 https://registry.npmjs.org/@nodelib/fs.scandir/-/fs.scandir-2.1.5.tgz 35241ms (cache miss)
3571 http fetch GET 200 https://registry.npmjs.org/json5/-/json5-2.2.3.tgz 34983ms (cache miss)
3572 http fetch GET 200 https://registry.npmjs.org/any-promise/-/any-promise-1.3.0.tgz 36812ms (cache miss)
3573 http fetch GET 200 https://registry.npmjs.org/@nodelib/fs.walk/-/fs.walk-1.2.8.tgz 36771ms (cache miss)
3574 http fetch GET 200 https://registry.npmjs.org/@jridgewell/sourcemap-codec/-/sourcemap-codec-1.5.5.tgz 36481ms (cache miss)
3575 http fetch GET 200 https://registry.npmjs.org/@babel/parser/-/parser-7.29.7.tgz 37042ms (cache miss)
3576 http fetch GET 200 https://registry.npmjs.org/d3-scale/-/d3-scale-4.0.2.tgz 37920ms (cache miss)
3577 http fetch GET 200 https://registry.npmjs.org/react/-/react-19.1.0.tgz 37324ms (cache miss)
3578 http fetch GET 200 https://registry.npmjs.org/d3-interpolate/-/d3-interpolate-3.0.1.tgz 38404ms (cache miss)
3579 http fetch GET 200 https://registry.npmjs.org/undici-types/-/undici-types-7.24.6.tgz 40529ms (cache miss)
3580 http fetch GET 200 https://registry.npmjs.org/@jridgewell/remapping/-/remapping-2.3.5.tgz 40534ms (cache miss)
3581 http fetch GET 200 https://registry.npmjs.org/@tabby_ai/hijri-converter/-/hijri-converter-1.0.5.tgz 41051ms (cache miss)
3582 http fetch GET 200 https://registry.npmjs.org/@date-fns/tz/-/tz-1.5.0.tgz 41543ms (cache miss)
3583 http fetch GET 200 https://registry.npmjs.org/@rollup/rollup-win32-x64-gnu/-/rollup-win32-x64-gnu-4.61.0.tgz 43340ms (cache miss)
3584 http fetch GET 200 https://registry.npmjs.org/@rollup/rollup-win32-x64-msvc/-/rollup-win32-x64-msvc-4.61.0.tgz 43596ms (cache miss)
3585 http fetch GET 200 https://registry.npmjs.org/fast-equals/-/fast-equals-5.4.0.tgz 43660ms (cache miss)
3586 http fetch GET 200 https://registry.npmjs.org/@jridgewell/gen-mapping/-/gen-mapping-0.3.13.tgz 43909ms (cache miss)
3587 http fetch GET 200 https://registry.npmjs.org/react-style-singleton/-/react-style-singleton-2.2.3.tgz 44237ms (cache miss)
3588 http fetch GET 200 https://registry.npmjs.org/react-smooth/-/react-smooth-4.0.4.tgz 44536ms (cache miss)
3589 http fetch GET 200 https://registry.npmjs.org/jiti/-/jiti-2.7.0.tgz 45379ms (cache miss)
3590 http fetch GET 200 https://registry.npmjs.org/react-transition-group/-/react-transition-group-4.4.5.tgz 46150ms (cache miss)
3591 http fetch GET 200 https://registry.npmjs.org/@oozcitak/infra/-/infra-2.0.2.tgz 46909ms (cache miss)
3592 http fetch GET 200 https://registry.npmjs.org/jiti/-/jiti-1.21.7.tgz 46129ms (cache miss)
3593 http fetch GET 200 https://registry.npmjs.org/postcss-selector-parser/-/postcss-selector-parser-6.1.2.tgz 47064ms (cache miss)
3594 http fetch GET 200 https://registry.npmjs.org/d3-time-format/-/d3-time-format-4.1.0.tgz 47009ms (cache miss)
3595 http fetch GET 200 https://registry.npmjs.org/tailwindcss/-/tailwindcss-4.3.0.tgz 46821ms (cache miss)
3596 http fetch GET 200 https://registry.npmjs.org/srvx/-/srvx-0.11.16.tgz 47169ms (cache miss)
3597 http fetch GET 200 https://registry.npmjs.org/@tailwindcss/oxide-win32-x64-msvc/-/oxide-win32-x64-msvc-4.3.0.tgz 47493ms (cache miss)
3598 http fetch GET 200 https://registry.npmjs.org/@tanstack/store/-/store-0.9.3.tgz 47848ms (cache miss)
3599 http fetch GET 200 https://registry.npmjs.org/js-yaml/-/js-yaml-4.2.0.tgz 48413ms (cache miss)
3600 http fetch GET 200 https://registry.npmjs.org/@supabase/supabase-js/-/supabase-js-2.107.0.tgz 47776ms (cache miss)
3601 http fetch GET 200 https://registry.npmjs.org/@supabase/postgrest-js/-/postgrest-js-2.107.0.tgz 48440ms (cache miss)
3602 http fetch GET 200 https://registry.npmjs.org/tailwind-merge/-/tailwind-merge-3.6.0.tgz 48343ms (cache miss)
3603 http fetch GET 200 https://registry.npmjs.org/@supabase/storage-js/-/storage-js-2.107.0.tgz 48815ms (cache miss)
3604 http fetch GET 200 https://registry.npmjs.org/@jridgewell/trace-mapping/-/trace-mapping-0.3.31.tgz 51205ms (cache miss)
3605 http fetch GET 200 https://registry.npmjs.org/postcss/-/postcss-8.5.15.tgz 52766ms (cache miss)
3606 http fetch GET 200 https://registry.npmjs.org/@tanstack/router-utils/-/router-utils-1.162.1.tgz 53238ms (cache miss)
3607 http fetch GET 200 https://registry.npmjs.org/@babel/generator/-/generator-7.29.7.tgz 53825ms (cache miss)
3608 http fetch GET 200 https://registry.npmjs.org/enhanced-resolve/-/enhanced-resolve-5.22.1.tgz 53796ms (cache miss)
3609 http fetch GET 200 https://registry.npmjs.org/rollup/-/rollup-4.61.0.tgz 54531ms (cache miss)
3610 http fetch GET 200 https://registry.npmjs.org/d3-array/-/d3-array-3.2.4.tgz 55254ms (cache miss)
3611 http fetch GET 200 https://registry.npmjs.org/@supabase/functions-js/-/functions-js-2.107.0.tgz 55847ms (cache miss)
3612 http fetch GET 200 https://registry.npmjs.org/fast-glob/-/fast-glob-3.3.3.tgz 56501ms (cache miss)
3613 http fetch GET 200 https://registry.npmjs.org/@tanstack/react-start-client/-/react-start-client-1.168.8.tgz 56566ms (cache miss)
3614 http fetch GET 200 https://registry.npmjs.org/d3-format/-/d3-format-3.1.2.tgz 57591ms (cache miss)
3615 http fetch GET 200 https://registry.npmjs.org/seroval-plugins/-/seroval-plugins-1.5.4.tgz 57278ms (cache miss)
3616 http fetch GET 200 https://registry.npmjs.org/vite/-/vite-7.3.5.tgz 57030ms (cache miss)
3617 http fetch GET 200 https://registry.npmjs.org/react-resizable-panels/-/react-resizable-panels-2.1.9.tgz 57208ms (cache miss)
3618 http fetch GET 200 https://registry.npmjs.org/use-callback-ref/-/use-callback-ref-1.3.3.tgz 57823ms (cache miss)
3619 http fetch GET 200 https://registry.npmjs.org/d3-shape/-/d3-shape-3.2.0.tgz 57976ms (cache miss)
3620 http fetch GET 200 https://registry.npmjs.org/@supabase/phoenix/-/phoenix-0.4.2.tgz 57708ms (cache miss)
3621 http fetch GET 200 https://registry.npmjs.org/h3/-/h3-2.0.1-rc.20.tgz 58052ms (cache miss)
3622 http fetch GET 200 https://registry.npmjs.org/react-remove-scroll/-/react-remove-scroll-2.7.2.tgz 58782ms (cache miss)
3623 http fetch GET 200 https://registry.npmjs.org/@babel/traverse/-/traverse-7.29.7.tgz 59455ms (cache miss)
3624 http fetch GET 200 https://registry.npmjs.org/motion-utils/-/motion-utils-12.39.0.tgz 60411ms (cache miss)
3625 http fetch GET 200 https://registry.npmjs.org/@tanstack/start-server-core/-/start-server-core-1.169.9.tgz 61792ms (cache miss)
3626 http fetch GET 200 https://registry.npmjs.org/@types/node/-/node-25.9.1.tgz 61649ms (cache miss)
3627 http fetch GET 200 https://registry.npmjs.org/xmlbuilder2/-/xmlbuilder2-4.0.3.tgz 63216ms (cache miss)
3628 http fetch GET 200 https://registry.npmjs.org/react-dom/-/react-dom-19.1.0.tgz 62796ms (cache miss)
3629 http fetch GET 200 https://registry.npmjs.org/lightningcss-win32-x64-msvc/-/lightningcss-win32-x64-msvc-1.32.0.tgz 63978ms (cache miss)
3630 http fetch GET 200 https://registry.npmjs.org/@esbuild/win32-x64/-/win32-x64-0.25.12.tgz 65493ms (cache miss)
3631 http fetch GET 200 https://registry.npmjs.org/resolve/-/resolve-1.22.12.tgz 65987ms (cache miss)
3632 http fetch GET 200 https://registry.npmjs.org/@tanstack/react-start/-/react-start-1.168.19.tgz 65353ms (cache miss)
3633 http fetch GET 200 https://registry.npmjs.org/@esbuild/win32-x64/-/win32-x64-0.27.7.tgz 66789ms (cache miss)
3634 http fetch GET 200 https://registry.npmjs.org/embla-carousel/-/embla-carousel-8.6.0.tgz 67591ms (cache miss)
3635 http fetch GET 200 https://registry.npmjs.org/prettier/-/prettier-3.8.3.tgz 67491ms (cache miss)
3636 http fetch GET 200 https://registry.npmjs.org/@tanstack/router-generator/-/router-generator-1.167.13.tgz 68738ms (cache miss)
3637 http fetch GET 200 https://registry.npmjs.org/@tanstack/react-start-rsc/-/react-start-rsc-0.1.18.tgz 68797ms (cache miss)
3638 http fetch GET 200 https://registry.npmjs.org/diff/-/diff-8.0.4.tgz 69915ms (cache miss)
3639 http fetch GET 200 https://registry.npmjs.org/@babel/core/-/core-7.29.7.tgz 70265ms (cache miss)
3640 http fetch GET 200 https://registry.npmjs.org/seroval/-/seroval-1.5.4.tgz 70585ms (cache miss)
3641 http fetch GET 200 https://registry.npmjs.org/@supabase/realtime-js/-/realtime-js-2.107.0.tgz 72515ms (cache miss)
3642 http fetch GET 200 https://registry.npmjs.org/@tanstack/start-client-core/-/start-client-core-1.170.7.tgz 73499ms (cache miss)
3643 http fetch GET 200 https://registry.npmjs.org/@babel/types/-/types-7.29.7.tgz 77615ms (cache miss)
3644 http fetch GET 200 https://registry.npmjs.org/dom-helpers/-/dom-helpers-5.2.1.tgz 78064ms (cache miss)
3645 http fetch GET 200 https://registry.npmjs.org/@babel/runtime/-/runtime-7.29.7.tgz 79045ms (cache miss)
3646 http fetch GET 200 https://registry.npmjs.org/react-hook-form/-/react-hook-form-7.77.0.tgz 78852ms (cache miss)
3647 http fetch GET 200 https://registry.npmjs.org/sucrase/-/sucrase-3.35.1.tgz 80471ms (cache miss)
3648 http fetch GET 200 https://registry.npmjs.org/@tanstack/router-plugin/-/router-plugin-1.168.14.tgz 80322ms (cache miss)
3649 http fetch GET 200 https://registry.npmjs.org/@supabase/auth-js/-/auth-js-2.107.0.tgz 81975ms (cache miss)
3650 http fetch GET 200 https://registry.npmjs.org/@babel/helpers/-/helpers-7.29.7.tgz 82253ms (cache miss)
3651 http fetch GET 200 https://registry.npmjs.org/@oozcitak/dom/-/dom-2.0.2.tgz 84022ms (cache miss)
3652 http fetch GET 200 https://registry.npmjs.org/tailwindcss/-/tailwindcss-3.4.19.tgz 83928ms (cache miss)
3653 http fetch GET 200 https://registry.npmjs.org/typescript/-/typescript-5.9.3.tgz 85152ms (cache miss)
3654 http fetch GET 200 https://registry.npmjs.org/recharts/-/recharts-2.15.4.tgz 88014ms (cache miss)
3655 warn deprecated recharts@2.15.4: 1.x and 2.x branches are no longer active. Bump to Recharts v3 to receive latest features and bugfixes. See https://github.com/recharts/recharts/wiki/3.0-migration-guide
3656 http fetch GET 200 https://registry.npmjs.org/@tanstack/query-core/-/query-core-5.101.0.tgz 88594ms (cache miss)
3657 http fetch GET 200 https://registry.npmjs.org/@tanstack/react-query/-/react-query-5.101.0.tgz 89306ms (cache miss)
3658 http fetch GET 200 https://registry.npmjs.org/victory-vendor/-/victory-vendor-36.9.2.tgz 90324ms (cache miss)
3659 http fetch GET 200 https://registry.npmjs.org/@tanstack/react-router/-/react-router-1.170.11.tgz 91590ms (cache miss)
3660 http fetch GET 200 https://registry.npmjs.org/@tanstack/start-plugin-core/-/start-plugin-core-1.171.11.tgz 92259ms (cache miss)
3661 http fetch GET 200 https://registry.npmjs.org/@hookform/resolvers/-/resolvers-3.10.0.tgz 92521ms (cache miss)
3662 http fetch GET 200 https://registry.npmjs.org/@tanstack/router-core/-/router-core-1.171.9.tgz 93081ms (cache miss)
3663 http fetch GET 200 https://registry.npmjs.org/framer-motion/-/framer-motion-12.40.0.tgz 98274ms (cache miss)
3664 http fetch GET 200 https://registry.npmjs.org/lodash/-/lodash-4.18.1.tgz 101465ms (cache miss)
3665 http fetch GET 200 https://registry.npmjs.org/motion-dom/-/motion-dom-12.40.0.tgz 102889ms (cache miss)
3666 http fetch GET 200 https://registry.npmjs.org/zod/-/zod-3.25.76.tgz 102528ms (cache miss)
3667 http fetch GET 200 https://registry.npmjs.org/zod/-/zod-4.4.3.tgz 106071ms (cache miss)
3668 http fetch GET 200 https://registry.npmjs.org/zod/-/zod-4.4.3.tgz 106080ms (cache miss)
3669 http fetch GET 200 https://registry.npmjs.org/zod/-/zod-4.4.3.tgz 106144ms (cache miss)
3670 http fetch GET 200 https://registry.npmjs.org/caniuse-lite/-/caniuse-lite-1.0.30001793.tgz 106930ms (cache miss)
3671 http fetch GET 200 https://registry.npmjs.org/react-day-picker/-/react-day-picker-9.14.0.tgz 121798ms (cache miss)
3672 http fetch GET 200 https://registry.npmjs.org/date-fns-jalali/-/date-fns-jalali-4.1.0-0.tgz 143886ms (cache miss)
3673 http fetch GET 200 https://registry.npmjs.org/date-fns/-/date-fns-3.6.0.tgz 198149ms (cache miss)
3674 http fetch GET 200 https://registry.npmjs.org/date-fns/-/date-fns-4.4.0.tgz 202243ms (cache miss)
3675 http fetch GET 200 https://registry.npmjs.org/lucide-react/-/lucide-react-0.545.0.tgz 206972ms (cache miss)
3676 info run esbuild@0.25.12 postinstall node_modules/esbuild node install.js
3677 info run esbuild@0.27.7 postinstall node_modules/vite/node_modules/esbuild node install.js
3678 info run esbuild@0.27.7 postinstall { code: 0, signal: null }
3679 info run esbuild@0.25.12 postinstall { code: 0, signal: null }
3680 silly ADD node_modules/binary-extensions
3681 silly ADD node_modules/is-binary-path
3682 silly ADD node_modules/anymatch
3683 silly ADD node_modules/anymatch/node_modules/picomatch
3684 silly ADD node_modules/is-number
3685 silly ADD node_modules/thenify
3686 silly ADD node_modules/thenify-all
3687 silly ADD node_modules/any-promise
3688 silly ADD node_modules/ts-interface-checker
3689 silly ADD node_modules/pirates
3690 silly ADD node_modules/mz
3691 silly ADD node_modules/lines-and-columns
3692 silly ADD node_modules/commander
3693 silly ADD node_modules/queue-microtask
3694 silly ADD node_modules/function-bind
3695 silly ADD node_modules/hasown
3696 silly ADD node_modules/supports-preserve-symlinks-flag
3697 silly ADD node_modules/path-parse
3698 silly ADD node_modules/is-core-module
3699 silly ADD node_modules/es-errors
3700 silly ADD node_modules/pify
3701 silly ADD node_modules/util-deprecate
3702 silly ADD node_modules/cssesc
3703 silly ADD node_modules/camelcase-css
3704 silly ADD node_modules/read-cache
3705 silly ADD node_modules/postcss-value-parser
3706 silly ADD node_modules/to-regex-range
3707 silly ADD node_modules/fill-range
3708 silly ADD node_modules/braces
3709 silly ADD node_modules/is-extglob
3710 silly ADD node_modules/reusify
3711 silly ADD node_modules/run-parallel
3712 silly ADD node_modules/fastq
3713 silly ADD node_modules/@nodelib/fs.scandir
3714 silly ADD node_modules/merge2
3715 silly ADD node_modules/@nodelib/fs.walk
3716 silly ADD node_modules/@nodelib/fs.stat
3717 silly ADD node_modules/sucrase
3718 silly ADD node_modules/resolve
3719 silly ADD node_modules/postcss-selector-parser
3720 silly ADD node_modules/postcss-nested
3721 silly ADD node_modules/postcss-load-config
3722 silly ADD node_modules/postcss-js
3723 silly ADD node_modules/postcss-import
3724 silly ADD node_modules/object-hash
3725 silly ADD node_modules/normalize-path
3726 silly ADD node_modules/micromatch
3727 silly ADD node_modules/micromatch/node_modules/picomatch
3728 silly ADD node_modules/lilconfig
3729 silly ADD node_modules/is-glob
3730 silly ADD node_modules/glob-parent
3731 silly ADD node_modules/fast-glob
3732 silly ADD node_modules/fast-glob/node_modules/glob-parent
3733 silly ADD node_modules/dlv
3734 silly ADD node_modules/didyoumean
3735 silly ADD node_modules/arg
3736 silly ADD node_modules/@alloc/quick-lru
3737 silly ADD node_modules/argparse
3738 silly ADD node_modules/@oozcitak/url
3739 silly ADD node_modules/js-yaml
3740 silly ADD node_modules/@oozcitak/util
3741 silly ADD node_modules/@oozcitak/infra
3742 silly ADD node_modules/@oozcitak/dom
3743 silly ADD node_modules/tsconfck
3744 silly ADD node_modules/globrex
3745 silly ADD node_modules/@types/estree
3746 silly ADD node_modules/@rollup/rollup-win32-x64-msvc
3747 silly ADD node_modules/@rollup/rollup-win32-x64-gnu
3748 silly ADD node_modules/nanoid
3749 silly ADD node_modules/rollup
3750 silly ADD node_modules/postcss
3751 silly ADD node_modules/d3-path
3752 silly ADD node_modules/d3-time-format
3753 silly ADD node_modules/d3-format
3754 silly ADD node_modules/d3-color
3755 silly ADD node_modules/internmap
3756 silly ADD node_modules/@types/d3-path
3757 silly ADD node_modules/@types/d3-color
3758 silly ADD node_modules/d3-timer
3759 silly ADD node_modules/d3-time
3760 silly ADD node_modules/d3-shape
3761 silly ADD node_modules/d3-scale
3762 silly ADD node_modules/d3-interpolate
3763 silly ADD node_modules/d3-ease
3764 silly ADD node_modules/d3-array
3765 silly ADD node_modules/@types/d3-timer
3766 silly ADD node_modules/@types/d3-time
3767 silly ADD node_modules/@types/d3-shape
3768 silly ADD node_modules/@types/d3-scale
3769 silly ADD node_modules/@types/d3-interpolate
3770 silly ADD node_modules/@types/d3-ease
3771 silly ADD node_modules/@types/d3-array
3772 silly ADD node_modules/detect-node-es
3773 silly ADD node_modules/escalade
3774 silly ADD node_modules/webpack-virtual-modules
3775 silly ADD node_modules/fdir
3776 silly ADD node_modules/decimal.js-light
3777 silly ADD node_modules/dom-helpers
3778 silly ADD node_modules/@babel/runtime
3779 silly ADD node_modules/object-assign
3780 silly ADD node_modules/loose-envify
3781 silly ADD node_modules/react-transition-group
3782 silly ADD node_modules/prop-types
3783 silly ADD node_modules/prop-types/node_modules/react-is
3784 silly ADD node_modules/fast-equals
3785 silly ADD node_modules/victory-vendor
3786 silly ADD node_modules/tiny-invariant
3787 silly ADD node_modules/recharts-scale
3788 silly ADD node_modules/react-smooth
3789 silly ADD node_modules/react-is
3790 silly ADD node_modules/lodash
3791 silly ADD node_modules/eventemitter3
3792 silly ADD node_modules/get-nonce
3793 silly ADD node_modules/use-sidecar
3794 silly ADD node_modules/use-callback-ref
3795 silly ADD node_modules/react-style-singleton
3796 silly ADD node_modules/react-remove-scroll-bar
3797 silly ADD node_modules/scheduler
3798 silly ADD node_modules/date-fns-jalali
3799 silly ADD node_modules/@tabby_ai/hijri-converter
3800 silly ADD node_modules/@date-fns/tz
3801 silly ADD node_modules/yallist
3802 silly ADD node_modules/@esbuild/win32-x64
3803 silly ADD node_modules/esbuild
3804 silly ADD node_modules/lightningcss-win32-x64-msvc
3805 silly ADD node_modules/detect-libc
3806 silly ADD node_modules/rou3
3807 silly ADD node_modules/motion-utils
3808 silly ADD node_modules/motion-dom
3809 silly ADD node_modules/tapable
3810 silly ADD node_modules/graceful-fs
3811 silly ADD node_modules/embla-carousel-reactive-utils
3812 silly ADD node_modules/embla-carousel
3813 silly ADD node_modules/ms
3814 silly ADD node_modules/readdirp
3815 silly ADD node_modules/update-browserslist-db
3816 silly ADD node_modules/node-releases
3817 silly ADD node_modules/electron-to-chromium
3818 silly ADD node_modules/caniuse-lite
3819 silly ADD node_modules/baseline-browser-mapping
3820 silly ADD node_modules/@types/babel__traverse
3821 silly ADD node_modules/@types/babel__template
3822 silly ADD node_modules/@types/babel__generator
3823 silly ADD node_modules/react-refresh
3824 silly ADD node_modules/@types/babel__core
3825 silly ADD node_modules/@babel/plugin-transform-react-jsx-source
3826 silly ADD node_modules/@babel/plugin-transform-react-jsx-self
3827 silly ADD node_modules/csstype
3828 silly ADD node_modules/undici-types
3829 silly ADD node_modules/h3-v2
3830 silly ADD node_modules/fetchdts
3831 silly ADD node_modules/@babel/helper-plugin-utils
3832 silly ADD node_modules/unplugin
3833 silly ADD node_modules/chokidar
3834 silly ADD node_modules/@babel/plugin-syntax-typescript
3835 silly ADD node_modules/@babel/plugin-syntax-jsx
3836 silly ADD node_modules/@tanstack/virtual-file-routes
3837 silly ADD node_modules/xmlbuilder2
3838 silly ADD node_modules/vitefu
3839 silly ADD node_modules/ufo
3840 silly ADD node_modules/srvx
3841 silly ADD node_modules/source-map
3842 silly ADD node_modules/picomatch
3843 silly ADD node_modules/exsolve
3844 silly ADD node_modules/@tanstack/router-plugin
3845 silly ADD node_modules/@tanstack/router-plugin/node_modules/zod
3846 silly ADD node_modules/@tanstack/router-generator
3847 silly ADD node_modules/@tanstack/router-generator/node_modules/zod
3848 silly ADD node_modules/@rolldown/pluginutils
3849 silly ADD node_modules/@tanstack/start-storage-context
3850 silly ADD node_modules/@tanstack/start-fn-stubs
3851 silly ADD node_modules/@babel/helper-string-parser
3852 silly ADD node_modules/@babel/helper-globals
3853 silly ADD node_modules/@babel/helper-module-imports
3854 silly ADD node_modules/lru-cache
3855 silly ADD node_modules/browserslist
3856 silly ADD node_modules/@babel/helper-validator-option
3857 silly ADD node_modules/@babel/compat-data
3858 silly ADD node_modules/jsesc
3859 silly ADD node_modules/picocolors
3860 silly ADD node_modules/js-tokens
3861 silly ADD node_modules/@babel/helper-validator-identifier
3862 silly ADD node_modules/semver
3863 silly ADD node_modules/json5
3864 silly ADD node_modules/gensync
3865 silly ADD node_modules/debug
3866 silly ADD node_modules/convert-source-map
3867 silly ADD node_modules/@babel/traverse
3868 silly ADD node_modules/@babel/template
3869 silly ADD node_modules/@babel/helpers
3870 silly ADD node_modules/@babel/helper-module-transforms
3871 silly ADD node_modules/@babel/helper-compilation-targets
3872 silly ADD node_modules/@babel/code-frame
3873 silly ADD node_modules/tinyglobby
3874 silly ADD node_modules/diff
3875 silly ADD node_modules/babel-dead-code-elimination
3876 silly ADD node_modules/ansis
3877 silly ADD node_modules/@babel/types
3878 silly ADD node_modules/@babel/parser
3879 silly ADD node_modules/@babel/generator
3880 silly ADD node_modules/@babel/core
3881 silly ADD node_modules/seroval-plugins
3882 silly ADD node_modules/seroval
3883 silly ADD node_modules/cookie-es
3884 silly ADD node_modules/@tanstack/store
3885 silly ADD node_modules/pathe
3886 silly ADD node_modules/@tanstack/start-server-core
3887 silly ADD node_modules/@tanstack/start-plugin-core
3888 silly ADD node_modules/@tanstack/start-plugin-core/node_modules/zod
3889 silly ADD node_modules/@tanstack/start-plugin-core/node_modules/@babel/code-frame
3890 silly ADD node_modules/@tanstack/start-client-core
3891 silly ADD node_modules/@tanstack/router-utils
3892 silly ADD node_modules/@tanstack/react-start-server
3893 silly ADD node_modules/@tanstack/react-start-client
3894 silly ADD node_modules/isbot
3895 silly ADD node_modules/@tanstack/router-core
3896 silly ADD node_modules/@tanstack/react-store
3897 silly ADD node_modules/@tanstack/history
3898 silly ADD node_modules/@tanstack/query-core
3899 silly ADD node_modules/@tailwindcss/oxide-win32-x64-msvc
3900 silly ADD node_modules/@jridgewell/resolve-uri
3901 silly ADD node_modules/@jridgewell/sourcemap-codec
3902 silly ADD node_modules/@jridgewell/trace-mapping
3903 silly ADD node_modules/@jridgewell/gen-mapping
3904 silly ADD node_modules/source-map-js
3905 silly ADD node_modules/magic-string
3906 silly ADD node_modules/jiti
3907 silly ADD node_modules/enhanced-resolve
3908 silly ADD node_modules/@jridgewell/remapping
3909 silly ADD node_modules/@tailwindcss/oxide
3910 silly ADD node_modules/@tailwindcss/node
3911 silly ADD node_modules/iceberg-js
3912 silly ADD node_modules/@supabase/phoenix
3913 silly ADD node_modules/tslib
3914 silly ADD node_modules/@supabase/storage-js
3915 silly ADD node_modules/@supabase/realtime-js
3916 silly ADD node_modules/@supabase/postgrest-js
3917 silly ADD node_modules/@supabase/functions-js
3918 silly ADD node_modules/@supabase/auth-js
3919 silly ADD node_modules/use-sync-external-store
3920 silly ADD node_modules/@radix-ui/react-use-effect-event
3921 silly ADD node_modules/@radix-ui/number
3922 silly ADD node_modules/@floating-ui/utils
3923 silly ADD node_modules/@floating-ui/core
3924 silly ADD node_modules/@floating-ui/dom
3925 silly ADD node_modules/@radix-ui/rect
3926 silly ADD node_modules/@radix-ui/react-use-rect
3927 silly ADD node_modules/@radix-ui/react-arrow
3928 silly ADD node_modules/@floating-ui/react-dom
3929 silly ADD node_modules/@radix-ui/react-visually-hidden
3930 silly ADD node_modules/@radix-ui/react-roving-focus
3931 silly ADD node_modules/@radix-ui/react-popper
3932 silly ADD node_modules/@radix-ui/react-use-escape-keydown
3933 silly ADD node_modules/react-remove-scroll
3934 silly ADD node_modules/aria-hidden
3935 silly ADD node_modules/@radix-ui/react-portal
3936 silly ADD node_modules/@radix-ui/react-focus-scope
3937 silly ADD node_modules/@radix-ui/react-focus-guards
3938 silly ADD node_modules/@radix-ui/react-dismissable-layer
3939 silly ADD node_modules/@radix-ui/react-menu
3940 silly ADD node_modules/@radix-ui/react-menu/node_modules/@radix-ui/react-slot
3941 silly ADD node_modules/@radix-ui/react-use-size
3942 silly ADD node_modules/@radix-ui/react-use-previous
3943 silly ADD node_modules/@radix-ui/react-presence
3944 silly ADD node_modules/@radix-ui/react-use-layout-effect
3945 silly ADD node_modules/@radix-ui/react-use-is-hydrated
3946 silly ADD node_modules/@radix-ui/react-use-callback-ref
3947 silly ADD node_modules/@radix-ui/react-use-controllable-state
3948 silly ADD node_modules/@radix-ui/react-primitive
3949 silly ADD node_modules/@radix-ui/react-primitive/node_modules/@radix-ui/react-slot
3950 silly ADD node_modules/@radix-ui/react-id
3951 silly ADD node_modules/@radix-ui/react-direction
3952 silly ADD node_modules/@radix-ui/react-context
3953 silly ADD node_modules/@radix-ui/react-compose-refs
3954 silly ADD node_modules/@radix-ui/react-collection
3955 silly ADD node_modules/@radix-ui/react-collection/node_modules/@radix-ui/react-slot
3956 silly ADD node_modules/@radix-ui/primitive
3957 silly ADD node_modules/lovable-tagger
3958 silly ADD node_modules/lovable-tagger/node_modules/picomatch
3959 silly ADD node_modules/lovable-tagger/node_modules/readdirp
3960 silly ADD node_modules/lovable-tagger/node_modules/jiti
3961 silly ADD node_modules/lovable-tagger/node_modules/chokidar
3962 silly ADD node_modules/lovable-tagger/node_modules/chokidar/node_modules/glob-parent
3963 silly ADD node_modules/lovable-tagger/node_modules/tailwindcss
3964 silly ADD node_modules/lightningcss
3965 silly ADD node_modules/@lovable.dev/vite-plugin-hmr-gate
3966 silly ADD node_modules/@lovable.dev/vite-plugin-dev-server-bridge
3967 silly ADD node_modules/zod
3968 silly ADD node_modules/vaul
3969 silly ADD node_modules/typescript
3970 silly ADD node_modules/tailwindcss
3971 silly ADD node_modules/tailwind-merge
3972 silly ADD node_modules/sonner
3973 silly ADD node_modules/recharts
3974 silly ADD node_modules/react-resizable-panels
3975 silly ADD node_modules/react-day-picker
3976 silly ADD node_modules/react-day-picker/node_modules/date-fns
3977 silly ADD node_modules/prettier
3978 silly ADD node_modules/next-themes
3979 silly ADD node_modules/lucide-react
3980 silly ADD node_modules/input-otp
3981 silly ADD node_modules/framer-motion
3982 silly ADD node_modules/embla-carousel-react
3983 silly ADD node_modules/date-fns
3984 silly ADD node_modules/cmdk
3985 silly ADD node_modules/clsx
3986 silly ADD node_modules/class-variance-authority
3987 silly ADD node_modules/@types/react-dom
3988 silly ADD node_modules/@types/react
3989 silly ADD node_modules/@types/node
3990 silly ADD node_modules/@tanstack/react-router
3991 silly ADD node_modules/@tanstack/react-query
3992 silly ADD node_modules/@supabase/supabase-js
3993 silly ADD node_modules/@radix-ui/react-tooltip
3994 silly ADD node_modules/@radix-ui/react-tooltip/node_modules/@radix-ui/react-slot
3995 silly ADD node_modules/@radix-ui/react-toggle-group
3996 silly ADD node_modules/@radix-ui/react-toggle
3997 silly ADD node_modules/@radix-ui/react-tabs
3998 silly ADD node_modules/@radix-ui/react-switch
3999 silly ADD node_modules/@radix-ui/react-slot
4000 silly ADD node_modules/@radix-ui/react-slider
4001 silly ADD node_modules/@radix-ui/react-separator
4002 silly ADD node_modules/@radix-ui/react-separator/node_modules/@radix-ui/react-primitive
4003 silly ADD node_modules/@radix-ui/react-select
4004 silly ADD node_modules/@radix-ui/react-select/node_modules/@radix-ui/react-slot
4005 silly ADD node_modules/@radix-ui/react-scroll-area
4006 silly ADD node_modules/@radix-ui/react-radio-group
4007 silly ADD node_modules/@radix-ui/react-progress
4008 silly ADD node_modules/@radix-ui/react-progress/node_modules/@radix-ui/react-primitive
4009 silly ADD node_modules/@radix-ui/react-progress/node_modules/@radix-ui/react-context
4010 silly ADD node_modules/@radix-ui/react-popover
4011 silly ADD node_modules/@radix-ui/react-popover/node_modules/@radix-ui/react-slot
4012 silly ADD node_modules/@radix-ui/react-navigation-menu
4013 silly ADD node_modules/@radix-ui/react-menubar
4014 silly ADD node_modules/@radix-ui/react-label
4015 silly ADD node_modules/@radix-ui/react-label/node_modules/@radix-ui/react-primitive
4016 silly ADD node_modules/@radix-ui/react-hover-card
4017 silly ADD node_modules/@radix-ui/react-dropdown-menu
4018 silly ADD node_modules/@radix-ui/react-dialog
4019 silly ADD node_modules/@radix-ui/react-dialog/node_modules/@radix-ui/react-slot
4020 silly ADD node_modules/@radix-ui/react-context-menu
4021 silly ADD node_modules/@radix-ui/react-collapsible
4022 silly ADD node_modules/@radix-ui/react-checkbox
4023 silly ADD node_modules/@radix-ui/react-avatar
4024 silly ADD node_modules/@radix-ui/react-avatar/node_modules/@radix-ui/react-primitive
4025 silly ADD node_modules/@radix-ui/react-avatar/node_modules/@radix-ui/react-context
4026 silly ADD node_modules/@radix-ui/react-aspect-ratio
4027 silly ADD node_modules/@radix-ui/react-aspect-ratio/node_modules/@radix-ui/react-primitive
4028 silly ADD node_modules/@radix-ui/react-alert-dialog
4029 silly ADD node_modules/@radix-ui/react-alert-dialog/node_modules/@radix-ui/react-slot
4030 silly ADD node_modules/@radix-ui/react-accordion
4031 silly ADD node_modules/react-dom
4032 silly ADD node_modules/@tanstack/react-start
4033 silly ADD node_modules/@tanstack/react-start/node_modules/@tanstack/react-start-rsc
4034 silly ADD node_modules/@vitejs/plugin-react
4035 silly ADD node_modules/@vitejs/plugin-react/node_modules/@rolldown/pluginutils
4036 silly ADD node_modules/vite-tsconfig-paths
4037 silly ADD node_modules/@tailwindcss/vite
4038 silly ADD node_modules/vite
4039 silly ADD node_modules/vite/node_modules/@esbuild/win32-x64
4040 silly ADD node_modules/vite/node_modules/esbuild
4041 silly ADD node_modules/@lovable.dev/vite-tanstack-config
4042 silly ADD node_modules/react
4043 silly ADD node_modules/react-hook-form
4044 silly ADD node_modules/@hookform/resolvers
4045 verbose cwd D:\GitHub\mohalla-community-hub
4046 verbose os Windows_NT 10.0.26200
4047 verbose node v24.15.0
4048 verbose npm  v11.12.1
4049 verbose exit 0
4050 info ok
